Address,Device,Loop,Tower,Description
1:1-5,HFP-11,L1,J,J/L1/EC/GND/SD5/SECURITY CABIN
1:1-6,HFP-11,L1,J,J/L1/EC/GND/SD6/LIFT LOBY
1:1-7,HFP-11,L1,J,J/L1/EC/GND/SD7/LIFT LOBY
1:1-8,HFP-11,L1,J,J/L1/EC/GND/SD8/LIFT LOBY
1:1-15,HFP-11,L1,J,J/L1/WC/GND/SD15/SECURITY CABIN
1:1-16,HFP-11,L1,J,J/L1/WC/GND/SD16/LIFT LOBY
1:1-17,HFP-11,L1,J,J/L1/WC/GND/SD17/LIFT LOBY
1:1-18,HFP-11,L1,J,J/L1/WC/GND/SD18/LIFT LOBY
1:1-42,HFP-11,L1,J,J/L1/J-DTC/SD-42/Cab 25
1:1-43,HFP-11,L1,J,J/L1/J-DTC/SD-43/Cab 26
1:1-44,HFP-11,L1,J,J/L1/J-DTC/SD-44/Cab 27
1:1-45,HFP-11,L1,J,J/L1/J-DTC/SD-45/Cab 28
1:1-46,HFP-11,L1,J,J/L1/J-DTC/SD-46/Cab 29
1:1-47,HFP-11,L1,J,J/L1/J-DTC/SD-47/Cab 30
1:1-48,HFP-11,L1,J,J/L1/J-DTC/SD-48/Cab 31
1:1-49,HFP-11,L1,J,J/L1/J-DTC/SD-49/Cab 32
1:1-50,HFP-11,L1,J,J/L1/J-DTC/SD-50/Cab 33
1:1-51,HFP-11,L1,J,J/L1/J-DTC/SD-51/Cab 34
1:1-52,HFP-11,L1,J,J/L1/J-DTC/SD-52/Cab 35
1:1-53,HFP-11,L1,J,J/L1/J-DTC/SD-53/Cab 36
1:1-54,HFP-11,L1,J,J/L1/J-DTC/SD-54/Cab 37
1:1-55,HFP-11,L1,J,J/L1/J-DTC/SD-55/Cab 38
1:1-56,HFP-11,L1,J,J/L1/J-DTC/SD-56/Cab 39
1:1-57,HFP-11,L1,J,J/L1/J-DTC/SD-57/Cab 40
1:1-58,HFP-11,L1,J,J/L1/J-DTC/SD-58/Cab 41
1:1-59,HFP-11,L1,J,J/L1/J-DTC/SD-59/Cab 42
1:1-60,HFP-11,L1,J,J/L1/J-DTC/SD-60/Cab 43
1:1-61,HFP-11,L1,J,J/L1/J-DTC/SD-61/Cab 44
1:1-62,HFP-11,L1,J,J/L1/J-DTC/SD-62/Cab 45
1:1-63,HFP-11,L1,J,J/L1/J-DTC/SD-63/Cab 46
1:1-64,HFP-11,L1,J,J/L1/J-DTC/SD-64/Cab 47
1:1-65,HFP-11,L1,J,J/L1/J-DTC/SD-65/Cab 48
1:1-66,HFP-11,L1,J,J/L1/J-DTC/SD-66/Cab 49
1:1-67,HFP-11,L1,J,J/L1/J-DTC/SD-67/Cab 50
1:1-68,HFP-11,L1,J,J/L1/J-DTC/SD-68/Cab 51
1:1-71,HFP-11,L1,J,J/L1/J-DTC/SD-71/Cab 54
1:1-72,HFP-11,L1,J,J/L1/J-DTC/SD-72/Cab 55
1:1-73,HFP-11,L1,J,J/L1/J-DTC/SD-73/Cab 56
1:1-74,FDOT421,L1,J,J/L1/J-DTC/SD-74/Reception Area
1:1-79,HFP-11,L1,J,J/L1/J-DTC/SD-79/Psg near Cab 25
1:1-80,HFP-11,L1,J,J/L1/J-DTC/SD-80/Psg near Cab 27
1:1-81,HFP-11,L1,J,J/L1/J-DTC/SD-81/Psg near Cab 29
1:1-83,FDOT421,L1,J,J/L1/J-DTC/SD-83/Psg near Cab 32
1:1-84,FDOT421,L1,J,J/L1/J-DTC/SD-84/Psg near Cab 34
1:1-85,FDOT421,LJ-DTC,J,J/LJ-DTC/SD-85/Psg NRCab38
1:1-86,FDOT421,L1,J,J/L1/J-DTC/SD-86/Psg NRserver
1:1-87,FDOT421,L1,J,J/L1/J-DTC/SD-87/Psg NRCab44
1:1-88,FDOT421,L1,J,J/L1/J-DTC/SD-88/Psg NRFireE
1:1-89,FDOT421,L1,J,J/L1/J-DTC/SD-89/Psg NRCab50
1:1-90,FDOT421,L1,J,J/L1/J-DTC/SD-90/Psg NRElectr
1:1-91,FDOT421,L1,J,J/L1/J-DTC/SD-91/Psg NRCab53
1:1-93,FDOT421,L1,J,J/L1/J-DTC/SD-93/Electrical Room
1:1-94,FDOT421,L1,J,J/L1/J-DTC/SD-94/Server Room
1:1-100,HMS-S/D/M/SA,L1,J,J/L1/JDTC/MCP100/psg near cab 25
1:1-101,HMS-S/D/M/SA,L1,J,J/L1/JDTC/MCP101/psg near cab 32
1:1-102,HMS-S/D/M/SA,L1,J,J/L1/J-DTC/MCP-102/psg near Elec
1:1-103,HTRI-S,L1,H,H/L1/WC/UB/MM103/ELEC ROOM
1:1-104,HTRI-S,L1,H,H/L1/WC/UB/MM104/LIFT MC RM
1:1-105,HTRI-R,L1,H,H/L1/WC/UB/CM105/STAIRCASE
1:1-106,HMS-S/D/M/SA,L1,H,H/L1/WC/UB/MCP106/STAIRCASE
1:1-107,HMS-S/D/M/SA,L1,H,H/L1/CC/UB/MCP107/STAIRCASE
1:1-108,HTRI-R,L1,H,H/L1/CC/UB/CM108/STAIRCASE
1:1-109,HTRI-S,L1,H,H/L1/EC/UB/MM109/ELEC ROOM
1:1-110,HTRI-S,L1,H,H/L1/EC/UB/MM110/LIFT MC RM
1:1-111,HTRI-S,L1,J,J/L1/EC/UB/MM111/ELEC RM
1:1-116,HMS-S/D/M/SA,L1,J,J/L1/WC/UB/MCP116/STAIRCASE HE E
1:1-117,HTRI-R,L1,J,J/L1/WC/UB/CM117/STAIRCASE HE EX
1:1-118,HTRI-R,L1,J,J/L1/WC/UB/CM118/STAIRCASE JE CO
1:1-119,HMS-S/D/M/SA,L1,J,J/L1/WC/UB/MCP119/STAIRCASE JE C
1:1-121,HMS-S/D/M/SA,L1,J,J/L1/EC/UB/MCP121/STAIRCASE CUST
1:1-122,HTRI-R,L1,J,J/L1/EC/UB/CM122/STAIRCASE CUSTO
1:1-123,HTRI-S,L1,J,J/L1/EC/UB/MM123/ELEC ROOM
1:1-124,HFP-11,L1,H,H/L1/WC/UB/SD124/ELEC ROOM
1:1-125,HFP-11,L1,H,H/L1/WC/UB/SD125/LIFT MC RM
1:1-127,HFP-11,L1,H,H/L1/EC/UB/SD127/ELEC ROOM
1:1-128,HFP-11,L1,H,H/L1/EC/UB/SD128/LIFT MC RM
1:1-131,HFP-11,L1,H,H/L1/EC/UB/SD131/ELEC RM
1:1-135,HFP-11,L1,J,J/L1/EC/UB/SD135/ELEC RM
1:1-136,HFP-11,L1,J,J/L1/EC/UB/SD136/BMS ROOM
1:1-137,HMS-S/D/M/SA,L1,J,J/L1/J-DTC/MCP137/Psg Nr cab49 
1:1-138,HTRI-R,L1,J,J/L1/JW/GND/CM-138/electr Room
1:1-139,HMS-S/D/M/SA,L1,J,J/L1/J-DTC/MCP-139/psg near recp
1:1-140,HMS-S/D/M/SA,L1,J,J/L1/J-DTC/MCP140/Psg Nr cab41 
1:1-164,HFP-11,L1,J,J/L1/J-DTC/SD-164/AFC Cab 17
1:1-165,HFP-11,L1,J,J/L1/J-DTC/SD-165/AFC Cab 18
1:1-166,HFP-11,L1,J,J/L1/J-DTC/SD-166/AFC Cab 19
1:1-167,HFP-11,L1,J,J/L1/J-DTC/SD-167/AFC Cab 20
1:1-168,HFP-11,L1,J,J/L1/J-DTC/SD-168/AFC Cab 21
1:1-169,HFP-11,L1,J,J/L1/J-DTC/SD-169/AFC Cab 22
1:1-170,HFP-11,L1,J,J/L1/J-DTC/SD-170/AFC Cab 23
1:1-171,HFP-11,L1,J,J/L1/J-DTC/SD-171/AFC Cab 24
1:1-172,HFP-11,L1,J,J/L1/J-DTC/SD-172/AFC Cab 25
1:1-173,HFP-11,L1,J,J/L1/J-DTC/SD-173/AFC Cab 26
1:1-174,HFP-11,L1,J,J/L1/J-DTC/SD-174/AFC Cab 27
1:1-175,HFP-11,L1,J,J/L1/J-DTC/SD-175/AFC Cab 28
1:1-176,HFP-11,L1,J,J/L1/J-DTC/SD-176/AFC Cab 29
1:1-177,HFP-11,L1,J,J/L1/J-DTC/SD-177/AFC Cab 30
1:1-178,HFP-11,L1,J,J/L1/J-DTC/SD-178/AFC Cab 31
1:1-179,HFP-11,L1,J,J/L1/J-DTC/SD-179/AFC Cab 32
1:1-180,HFP-11,L1,J,J/L1/J-DTC/SD-180/AFC Cab 3
1:1-181,HFP-11,L1,J,J/L1/J-DTC/SD-181/AFC Cab 34
1:1-182,HFP-11,L1,J,J/L1/J-DTC/SD-182/AFC Cab 35
1:1-183,HFP-11,L1,J,J/L1/J-DTC/SD-183/AFC Cab 36
1:1-184,HFP-11,L1,J,J/L1/J-DTC/SD-184/AFC Cab 37
1:1-185,HFP-11,L1,J,J/L1/J-DTC/SD-185/AFC Cab 38
1:1-186,HFP-11,L1,J,J/L1/J-DTC/SD-186/AFC Cab 39
1:1-187,HFP-11,L1,J,J/L1/J-DTC/SD-187/AFC Cab 40
1:1-188,HFP-11,L1,J,J/L1/J-DTC/SD-188/AFC Cab 41
1:1-189,HFP-11,L1,J,J/L1/J-DTC/SD-189/AFC Cab 42
1:1-190,HFP-11,L1,J,J/L1/J-DTC/SD-190/AFC Cab 43
1:1-193,HFP-11,L1,J,J/L1/J-DTC/SD-193/AFC Cab 46
1:1-194,HFP-11,L1,J,J/L1/J-DTC/SD-194/AFC Cab 47
1:1-195,HFP-11,L1,J,J/L1/J-DTC/SD-195/AFC Cab 48
1:1-196,HFP-11,L1,J,J/L1/J-DTC/SD-196/AFC Cab 49
1:1-201,HFP-11,L1,J,J/L1/J-DTC/SD-201/AFC Cab 54
1:1-202,HFP-11,L1,J,J/L1/J-DTC/SD-202/AFC Cab 55
1:1-203,HFP-11,L1,J,J/L1/J-DTC/SD-203/AFC Cab 56
1:1-204,FDOT421,L1,J,J/L1/J-DTC/SD-204/AFC at Recepti
1:1-205,HFP-11,L1,J,J/L1/J-DTC/SD-205/Psg AFC near C
1:1-206,FDOT421,L1,J,J/L1/J-DTC/SD-206/Psg AFC NR C
1:1-207,HFP-11,L1,J,J/L1/J-DTC/SD-207/Psg AFC near C
1:1-208,HFP-11,L1,J,J/L1/J-DTC/SD-208/Psg AFC near C
1:1-209,HFP-11,L1,J,J/L1/J-DTC/SD-209/Psg AFC near C
1:1-210,FDOT421,L1,J,J/L1/JDTC/SD210/PsgAFCnearCabi47
1:1-211,HFP-11,L1,J,J/L1/JDTC/SD211/PsgAFCnearCabi50
1:1-212,HFP-11,L1,J,J/L1/J-DTC/SD-212/Psg AFC near C
1:1-213,HFP-11,L1,J,J/L1/J-DTC/SD-213/Psg AFC near C
1:1-214,FDOT421,L1,J,J/L1/GF/Custom/SD214/AFC desk 12
1:1-215,FDOT421,L1,J,J/L1/GF/Custom/SD215/AFC Server
1:1-216,FDOT421,L1,J,J/L1/GF/Custom/SD216/AFC desk 10
1:1-217,FDOT421,L1,J,J/L1/GF/Custom/SD217/AFC Psg nr
1:1-218,FDOT421,L1,J,J/L1/GF/Custom/SD218/AFC desk 4
1:1-219,FDOT421,L1,J,J/L1/GF/Custom/SD219/AFC Psg nr
1:1-220,FDOT421,L1,J,J/L1/GF/Custom/SD220/AFC desk 1
1:1-221,FDOT421,L1,J,J/L1/GF/Custom/SD221/Psg nr serv
1:1-222,FDOT421,L1,J,J/L1/GF/Custom/SD222/PsgNrDesk11
1:1-223,FDOT421,L1,J,J/L1/GF/Custom/SD223/PsgNrDesk17
1:1-224,FDOT421,L1,J,J/L1/GF/Custom/SD224/Psg desk 9
1:1-225,FDOT421,L1,J,J/L1/GF/Custom/SD225/Psg desk 19
1:1-226,FDOT421,L1,J,J/L1/GF/Custom/SD226/PsgNrDesk8
1:1-227,FDOT421,L1,J,J/L1/GF/Custom/SD227/PsgNrDesk29
1:1-228,FDOT421,L1,J,J/L1/GF/Custom/SD228/Psg desk 5
1:1-229,FDOT421,L1,J,J/L1/GF/Custom/SD229/Psg nr wash
1:1-230,FDOT421,L1,J,J/L1/GF/Custom/SD230/Psg desk 4
1:1-231,FDOT421,L1,J,J/L1/GF/Custom/SD231/Psg desk 2
1:1-232,FDOT421,L1,J,J/L1/GF/Cust/SD232/Cab nr Back E
1:1-233,FDOT421,L1,J,J/L1/GF/Cust/SD233/Psg nrNw C Bk
1:1-234,HTRI-R,L1,J,J/L1/GF/Custom/CM234/Psg nr nw C
1:1-235,HMS-S/D/M/SA,L1,J,J/L1/GF/Custom/MCP235/Psg nr nw 
1:2-1,HTRI-R,L2,J,J/L2/7B/1F/CM1/LIFT LOBBY CM NR 
1:2-2,HFP-11,L2,J,J/L2/7B/1F/SD2/CORR NR JE 1010
1:2-3,HFP-11,L2,J,J/L2/7B/1F/SD3/CORR NR 7B S18
1:2-4,HFP-11,L2,J,J/L2/7B/1F/SD4/CORR NR JE 1030
1:2-5,HFP-11,L2,J,J/L2/7B/1F/SD5/CORR NR JE 1030 A
1:2-6,HFP-11,L2,J,J/L2/7B/1F/SD6/CORR NR JE 1050
1:2-7,HFP-11,L2,J,J/L2/7B/1F/SD7/CORR NR 7B S14
1:2-8,HFP-11,L2,J,J/L2/7B/1F/SD8/CORR NR 7B S14 AF
1:2-9,HMS-S/D/M/SA,L2,J,J/L2/7B/1F/MCP9/FIRE ESC STR
1:2-10,HTRI-R,L2,J,J/L2/7B/1F/CM10/FIRE ESC STR
1:2-11,HTRI-S,L2,J,J/L2/7B/1F/MM11/FIRE ESC STR
1:2-12,HFP-11,L2,J,J/L2/7B/1F/SD12/CORR NR 7B S11
1:2-13,HFP-11,L2,J,J/L2/7B/1F/SD13/CORR NR 7B S11 A
1:2-14,HFP-11,L2,J,J/L2/7B/1F/SD14/CORR NR JE 1150
1:2-15,HFP-11,L2,J,J/L2/7B/1F/SD15/AHU RM SD
1:2-16,HTRI-R,L2,J,J/L2/7B/1F/CM16/AHU RM CM
1:2-17,HFP-11,L2,J,J/L2/7B/1F/SD17/CORR NR JW1210 A
1:2-18,HFP-11,L2,J,J/L2/7B/1F/SD18/CORR NR JW 1210 
1:2-19,HFP-11,L2,J,J/L2/JW1200/SD19/PANTRY
1:2-20,HMS-S/D/M/SA,L2,J,J/L2/7B/1F/MCP20/FIRE SHAFT L.L.
1:2-21,HTRI-R,L2,J,J/L2/7B/1F/CM21/FIRE SHAFT L.L.
1:2-22,HTRI-S,L2,J,J/L2/7B/1F/MM22/FIRE SHAFT L.L.
1:2-23,HFP-11,L2,J,J/L2/7B/1F/SD23/LIFT LOBBY SD
1:2-24,HFP-11,L2,J,J/L2/7B/1F/SD24/ELECT RM SD
1:2-25,HFP-11,L2,J,J/L2/7B/1F/SD25/CORR NR JW 1030 
1:2-26,HFP-11,L2,J,J/L2/7B/1F/SD26/CORR NR JW 1030
1:2-27,HFP-11,L2,J,J/L2/JW1200/SD27/Main Cab
1:2-28,HFP-11,L2,J,J/L2/JW1200/SD28/Assortor cab
1:2-29,HFP-11,L2,J,J/L2/7B/1F/SD29/CORR NR 7B S28 A
1:2-30,HFP-11,L2,J,J/L2/7B/1F/SD30/CORR NR 7B S 28
1:2-31,HFP-11,L2,J,J/L2/7B/1F/SD31/CORR NR JE 1250
1:2-32,HFP-11,L2,J,J/L2/7B/1F/SD32/CORR NR JE1280 A
1:2-33,HFP-11,L2,J,J/L2/7B/1F/SD33/CORR NR JE 7B S3
1:2-34,HFP-11,L2,J,J/L2/7B/1F/SD34/CORR NR JE 7B S3
1:2-35,HFP-11,L2,J,J/L2/7B/1F/SD35/AHU RM NR 7B S37
1:2-36,HTRI-R,L2,J,J/L2/7B/1F/CM36/AHU RM 7B S37
1:2-37,HMS-S/D/M/SA,L2,J,J/L2/7B/1F/MCP37/FIRE SHAFT L.L.
1:2-38,HTRI-S,L2,J,J/L2/7B/1F/MM38/FIRE SHAFT L.L.
1:2-39,HTRI-R,L2,J,J/L2/7B/1F/CM39/FIRE SHAFT L.L.
1:2-40,HFP-11,L2,J,J/L2/7B/1F/SD40/CORR NR JE 1300
1:2-41,HFP-11,L2,J,J/L2/7B/1F/SD41/CORR NR JE1300 A
1:2-42,HFP-11,L2,J,J/L2/7B/1F/SD42/CORR NR JE 1330
1:2-43,HFP-11,L2,J,J/L2/7B/1F/SD43/CORR NR JE1200 A
1:2-44,HFP-11,L2,J,J/L2/7B/1F/SD44/CORR NR JE 1200
1:2-45,HFP-11,L2,J,J/L2/JW1200/SD45/Entry Psg
1:2-46,HFP-11,L2,J,J/L2/7B/1F/SD46/ELECT RM SD
1:2-47,HFP-11,L2,J,J/L2/7B/1F/SD47/LIFT LOBBY SD
1:2-48,HFP-11,L2,J,J/L2/7B/1F/SD48/LIFT LOBBY SD
1:2-49,HTRI-R,L2,J,J/L2/JW1200/CM49/Entry Psg
1:2-50,HFP-11,L2,J,J/L2/JW1120/SD50/Main cab
1:2-51,HFP-11,L2,J,J/L2/JW1120/SD51/Assorter cab
1:2-52,HFPT-11,L2,J,J/L2/JW1120/HD52/Pantry
1:2-53,HTRI-R,L2,J,J/L2/JW1120/CM53/Psg nr Entry
1:2-54,HMS-S/D/M/SA,L2,J,J/L2/JW1120/MCP54/Psg nr Entry
1:2-55,FDOT421,L2,J,J/L2/GF/Custom/SD55/Pag Nr EDI C
1:2-56,FDOT421,L2,J,J/L2/GF/Custom/SD56/Waiting Area
1:2-57,FDOT421,L2,J,J/L2/GF/Custom/SD57/Waiting Area
1:2-58,FDOT421,L2,J,J/L2/GF/Custom/SD58/Waiting Area
1:2-59,FDOT421,L2,J,J/L2/GF/Custom/SD59/Waiting Area
1:2-60,FDOT421,L2,J,J/L2/GF/Custom/SD60/Waiting Area
1:2-61,FDOT421,L2,J,J/L2/GF/Custom/SD61/Waiting Area
1:2-62,FDOT421,L2,J,J/L2/GF/Custom/SD62/Waiting Are
1:2-63,FDOT421,L2,J,J/L2/GF/Custom/SD63/Waiting Area
1:2-64,FDOT421,L2,J,J/L2/GF/Custom/SD64/Cash Counter
1:2-65,FDOT421,L2,J,J/L2/GF/Custom/SD65/Kioss Machin
1:2-66,FDOT421,L2,J,J/L2/GF/Custom/SD66/Parcel Depos
1:2-67,FDOT421,L2,J,J/L2/GF/Custom/SD67/Parcel Depos
1:2-68,FDOT421,L2,J,J/L2/GF/Custom/SD68/Parcel Depos
1:2-69,FDOT421,L2,J,J/L2/GF/Custom/SD69/GJ EPC Cabin
1:2-70,FDOT421,L2,J,J/L2/GF/Custom/SD70/Psg nr Wash 
1:2-71,FDOT421,L2,J,J/L2/GF/Custom/SD71/Psg nrWash R
1:2-72,HMS-S/D/M/SA,L2,J,J/L2/GF/Custom/MCP72/Parcel Depo
1:2-73,HMS-S/D/M/SA,L2,J,J/L2/GF/Custom/MCP73/Waiting Are
1:2-74,HMS-S/D/M/SA,L2,J,J/L2/GF/Custom/MCP74/Entry Psg
1:2-75,HTRI-S,L2,J,J/L2/GF/Custom/MM75/EDI Center 
1:2-76,HMS-S/D/M/SA,L2,J,J/L2/GF/Custom/MCP76/Psg Nr Ladi
1:2-77,FDOT421,L2,J,J/L2/GF/Custom/SD77/Psg Nr Wash 
1:2-78,HTRI-R,L2,J,J/L2/GF/Custom/CM78/Waiting Area
1:2-79,HTRI-R,L2,J,J/L2/GF/Custom/CM79/Parcel Depos
1:2-81,HTRI-S,L2,J,J/L2/1F/MM82/JE1250
1:2-93,FDOT421,L2,J,J/L2/GF/Custom/SD93/Pantry Area
1:2-94,FDOT421,L2,J,J/L2/GF/Custom/SD94/BVC Ltd
1:2-95,FDOT421,L2,J,J/L2/GF/Custom/SD95/New Server R
1:2-96,HMS-S/D/M/SA,L2,,/L2/GF/Custom/MCP96/Nr Commision
1:2-97,FDOT421,L2,J,J/L2/GF/Custom/SD97/Psg nr Dep.C
1:2-98,FDOT421,L2,J,J/L2/GF/Custom/SD98/Dep.Commissi
1:2-99,FDOT421,L2,J,J/L2/GF/Custom/SD99/Psg nr Lisce
1:2-100,FDOT421,L2,J,J/L2/GF/Custom/SD100/Liscense rm
1:2-101,FDOT421,L2,J,J/L2/GF/Custom/SD101/Liscense rm
1:2-102,FDOT421,L2,J,J/L2/GF/Custom/SD102/Liscense rm
1:2-103,HTRI-S,L2,J,J/L2/GF/Custom/MM103/Psg nr Lisc
1:2-104,HTRI-R,L2,J,J/L2/GF/Custom/CM104/Psg nr Lisc
1:2-105,HMS-S/D/M/SA,L2,J,J/L2/GF/Custom/MCP105/Psg nr Lis
1:2-106,FDOT421,L2,J,J/L2/GF/Custom/SD106/Reception
1:2-107,FDOT421,L2,J,J/L2/GF/Custom/SD107/Parcel Coll
1:2-108,FDOT421,L2,J,J/L2/GF/Custom/SD108/Parcel Coll
1:2-109,HFP-11,L2,J,J/L2/GF/Custom/SD109/Table 21
1:2-110,FDOT421,L2,J,J/L2/GF/Custom/SD110/Commissione
1:2-111,FDOT421,L2,J,J/L2/GF/Custom/SD111/Commissione
1:2-112,FDOT421,L2,J,J/L2/GF/Custom/SD112/Vinay Singh
1:2-113,FDOT421,L2,J,J/L2/GF/Custom/SD113/Vinay Singh
1:2-114,HMS-S/D/M/SA,L2,J,J/L2/GF/Custom/MCP114/Export cab
1:2-115,FDOT421,L2,J,J/L2/GF/Custom/SD115/Export Tabl
1:2-116,FDOT421,L2,J,J/L2/GF/Custom/SD116/Export Tabl
1:2-117,FDOT421,L2,J,J/L2/GF/Custom/SD117/BDB stock r
1:2-118,HFP-11,L2,J,J/L2/GF/Custom/SD118/Brinks area
1:2-119,FDOT421,L2,J,J/L2/GF/Custom/SD119/Brinks area
1:2-120,FDOT421,L2,J,J/L2/GF/Custom/SD120/Malca Amit
1:2-121,HMS-S/D/M/SA,L2,J,J/L2/GF/Custom/MCP121/Malca Amit
1:2-122,FDOT421,L2,J,J/L2/GF/Custom/SD122/Gomes cab
1:2-123,FDOT421,L2,J,J/L2/GF/Custom/SD123/MMTC cab
1:2-124,FDOT421,L2,J,J/L2/GF/Custom/SD124/Custodian A
1:2-125,FDOT421,L2,J,J/L2/GF/Custom/SD125/Custodian A
1:2-126,HMS-S/D/M/SA,L2,J,J/L2/GF/Custom/MCP126/Custodian 
1:2-127,FDOT421,L2,J,J/L2/GF/Custom/SD127/Conference
1:2-128,FDOT421,L2,J,J/L2/GF/Custom/SD128/Conference
1:2-129,FDOT421,L2,J,J/L2/GF/Custom/SD129/Conference
1:2-130,FDOT421,L2,J,J/L2/GF/Custom/SD130/Server rm
1:2-131,FDOT421,L2,J,J/L2/GF/Custom/SD131/Server rm
1:2-132,HTRI-R,L2,J,J/L2/GF/Custom/CM132/Psg nr Serv
1:2-133,FDOT421,L2,J,J/L2/GF/Custom/SD133/Psg nr CHA
1:2-134,FDOT421,L2,J,J/L2/GF/Custom/SD134/CHA cab
1:2-135,FDOT421,L2,J,J/L2/GF/Custom/SD135/Table 13
1:2-136,FDOT421,L2,J,J/L2/GF/Custom/SD136/Table 15
1:2-137,FDOT421,L2,J,J/L2/GF/Custom/SD137/Table 7
1:2-138,FDOT421,L2,J,J/L2/GF/Custom/SD138/Table 17
1:2-139,HMS-S/D/M/SA,L2,J,J/L2/GF/Custom/MCP139/Psg nr Tab
1:2-140,FDOT421,L2,J,J/L2/GF/Custom/SD140/Table 21
1:2-141,FDOT421,L2,J,J/L2/GF/Custom/SD141/Table 24
1:2-142,FDOT421,L2,J,J/L2/GF/Custom/SD142/Table 27
1:2-143,HMS-S/D/M/SA,L2,J,J/L2/GF/Custom/MCP143/Custom Ent
1:2-144,HFP-11,L2,J,J/L2/GF/Custom/SD144/Custom Entr
1:2-145,FDOT421,L2,J,J/L2/GF/Custom/SD145/BKFF Pvt Lt
1:2-146,FDOT421,L2,J,J/L2/GF/Custom/SD146/Psg nr Sequ
1:2-147,FDOT421,L2,J,J/L2/GF/Custom/SD147/Sequel Log
1:2-148,HFP-11,L2,J,J/L2/GF/Cus/SD148/Psg nr BVchena
1:2-149,HTRI-S,L2,J,J/L2/1F/MM149/JE1260
1:2-150,HTRI-S,L2,J,J/L2/JE/1F/MM150/Psg nr JE1020
1:2-151,HFP-11,L2,J,J/L2/JE1010/SD151/Assorter cab1
1:2-152,HFP-11,L2,J,J/L2/JE1010/SD152/Main cab
1:2-153,HFP-11,L2,J,J/L2/JE1010/SD153/Assorter cab2
1:2-154,HFP-11,L2,J,J/L2/JE1010/SD154/Pantry
1:2-155,HTRI-R,L2,J,J/L2/JE1010/CM155/Psg nr Entry
1:2-156,HMS-S/D/M/SA,L2,J,J/L2/JE1010/MCP156/Psg nr Entry
1:2-157,HFP-11,L2,J,J/L2/JE1170/SD157/Psg nr Entry
1:2-158,HFP-11,L2,J,J/L2/JE1170/SD158/Main cab
1:2-159,HFP-11,L2,J,J/L2/JE1170/SD159/Assorter cab
1:2-160,HTRI-R,L2,J,J/L2/JE1170/CM160/Entry dr Psg
1:2-161,HMS-S/D/M/SA,L2,J,J/L2/JE1170/MCP161/Entry dr Psg
1:2-162,HFP-11,L2,J,J/L2/JE1040/SD162/Assorter cab
1:2-163,HFP-11,L2,J,J/L2/JE1040/SD163/Main cab1
1:2-164,HFP-11,L2,J,J/L2/JE1040/SD164/Main cab2
1:2-165,HFP-11,L2,J,J/L2/JE1040/SD165/Waiting rm
1:2-166,HTRI-R,L2,J,J/L2/JE1040/CM166/Entry dr Psg
1:2-167,HMS-S/D/M/SA,L2,J,J/L2/JE1040/MCP167/Entry dr Psg
1:2-168,HFP-11,L2,J,J/L2/JW1110/SD168/Entry Psg
1:2-169,HFP-11,L2,J,J/L2/JW1110/SD169/Entry Psg
1:2-170,HTRI-R,L2,J,J/L2/JW1110/CM170/Entry Psg
1:2-171,HMS-S/D/M/SA,L2,J,J/L2/JW1110/MCP171/Entry Psg
1:2-172,HFP-11,L2,J,J/L2/JE1180/SD172/Main cab
1:2-173,HFP-11,L2,J,J/L2/JE1180/SD173/Assorter cab
1:2-174,HFP-11,L2,J,J/L2/JE1180/SD174/Entry Psg
1:2-175,HTRI-R,L2,J,J/L2/JE1180/CM175/AFC Entry psg
1:2-176,HMS-S/D/M/SA,JL2,J,J/JL2/JE1180/MCP176/Pantry
1:2-177,HFP-11,L2,J,J/L2/JE1100/SD177/AFC Entry psg
1:2-178,HFP-11,L2,J,J/L2/JE1100/SD178/Main cab
1:2-179,HFP-11,L2,J,J/L2/JE1100/SD179/Assorter cab
1:2-180,HFP-11,L2,J,J/L2/JE1100/SD180/Entry Psg
1:2-181,HFP-11,L2,J,J/L2/JE1100/SD181/Pantry
1:2-182,HTRI-R,L2,J,J/L2/JE1100/CM182/Entry Psg
1:2-183,HMS-S/D/M/SA,L2,J,J/L2/JE1100/MCP183/Entry Psg
1:2-184,HFP-11,L2,J,J/L2/JE1130/SD184/Main cab
1:2-185,HFP-11,L2,J,J/L2/JE1130/SD185/Assorter cab
1:2-186,HFPT-11,L2,J,J/L2/JE1130/HD186/Pantry Psg
1:2-187,HFPT-11,L2,J,J/L2/JE1130/HD187/Pantry 
1:2-188,HTRI-R,L2,J,J/L2/JE1130/CM188/Entry dr
1:2-189,HMS-S/D/M/SA,L2,J,J/L2/JE1130/MCP189/Entry dr
1:2-190,HFP-11,L2,J,J/L2/JE1150/SD190/Main cab
1:2-191,HTRI-R,L2,J,J/L2/JE1150/CM191/Entry Psg
1:2-192,HMS-S/D/M/SA,L2,J,J/L2/JE1150/MCP192/Entry Psg
1:2-193,HFP-11,L2,J,J/L2/JE1220/SD193/Main cab
1:2-194,HFP-11,L2,J,J/L2/JE1220/SD194/Assorter cab
1:2-195,HFP-11,L2,J,J/L2/JE1220/SD195/Pantry
1:2-196,HFP-11,L2,J,J/L2/JE1220/SD196/Entry Psg
1:2-197,HTRI-R,L2,J,J/L2/JE1220/CM197/Entry Psg
1:2-197,HTRI-R,L2,J,J/L2/JE1220/CM197/Entry Psg
1:2-198,HMS-S/D/M/SA,L2,J,J/L2/JE1220MCP198/Pantry Psg
1:2-199,HFP-11,L2,J,J/L2/JW1080/SD199/Main CAB
1:2-200,HFP-11,L2,J,J/L2/JW1080/SD200/Assortor Psg
1:2-201,HTRI-S,L2,J,J/L2/JE/1F/MM201/Psg nr JE1190
1:2-202,HTRI-S,L2,J,J/L2/JE/1F/MM202/Psg nr JE1030
1:2-203,HTRI-S,L2,J,J/L2/JE/1F/MM203/Psg nr JE1140
1:2-204,HTRI-R,L2,J,J/L2/JW1080/CM204/Entry Psg AFC
1:2-205,HTRI-S,L2,J,J/L2/JE/1F/MM205/Psg nr JE1060
1:2-206,HTRI-S,L2,J,J/L2/JE/1F/MM206/Psg nr JE1120
1:2-207,HTRI-S,L2,J,J/L2/JE/1F/MM207/Psg nr JE1080
1:2-208,HTRI-S,L2,J,J/L2/JE/1F/MM208/Psg nr JE1090
1:2-209,HTRI-S,L2,J,J/L2/JW/1F/MM209/Psg nr JW1190
1:2-210,HTRI-S,L2,J,J/L2/JW/1F/MM210/Psg nr JW1160
1:2-211,HTRI-S,L2,J,J/L2/JW/1F/MM211/Psg nr JW1150
1:2-212,HTRI-S,L2,J,J/L2/JW/1F/MM212/Psg nr JW1090
1:2-213,HTRI-S,L2,J,J/L2/JW/1F/MM213/Psg nr JW1060
1:2-214,HTRI-S,L2,J,J/L2/JW/1F/MM214/Psg nr JW1050
1:2-215,HTRI-S,L2,J,J/L2/JW/1F/MM215/Psg nr JW1010
1:2-216,HTRI-S,L2,J,J/L2/JE/1F/MM216/Psg nr JE1240
1:2-217,HTRI-S,L2,J,J/L2/JE/1F/MM217/Psg nr JE1320
1:2-218,HFP-11,L2,J,J/L2/JE1290/SD218/Assorter cab1
1:2-219,HFP-11,L2,J,J/L2/JE1290/SD219/Main cab
1:2-220,HFP-11,L2,J,J/L2/JE1290/SD220/Pantry
1:2-221,HFP-11,L2,J,J/L2/JE1290/SD221/Assorter cab2
1:2-222,HFP-11,L2,J,J/L2/JE1290/SD222/Entry dr Psg
1:2-223,HFP-11,L2,J,J/L2/JE1290/SD223/Accounts cab
1:2-224,HTRI-R,L2,J,J/L2/JE1290/CM224/Entry dr Psg
1:2-225,HMS-S/D/M/SA,L2,J,J/L2/JE1290/MCP225/Entry dr Psg
1:2-226,HFP-11,L2,J,J/L2/JE1200/SD226/Main cab
1:2-227,HFP-11,L2,J,J/L2/JE1200/SD227/Assorter cab1
1:2-228,HFP-11,L2,J,J/L2/JE1200/SD228/Assorter cab2
1:2-229,HFP-11,L2,J,J/L2/JE1200/SD229/Entry dr Psg
1:2-230,HTRI-R,L2,J,J/L2/JE1200/CM230/Entry dr Psg
1:2-231,HMS-S/D/M/SA,L2,J,J/L2/JE1200/MCP231/Entry dr Psg
1:2-232,HFP-11,L2,J,J/L2/JW1140/SD232/Accounts cab
1:2-233,HFP-11,L2,J,J/L2/JW1140/SD233/Assorter cab
1:2-234,HFP-11,L2,J,J/L2/JW1140/SD234/Main cab
1:2-235,HFP-11,L2,J,J/L2/JW1140/SD235/Entry dr Psg
1:2-236,HTRI-R,L2,J,J/L2/JW1140/CM236/Entry dr Psg
1:2-237,HMS-S/D/M/SA,L2,J,J/L2/JW1140/MCP237/Entry dr Psg
1:2-238,HTRI-S,L2,J,J/L2/1F/MM238/JW1040
1:2-239,HTRI-S,L2,J,J/L2/1F/MM239/JW1210
1:2-240,HTRI-S,L2,J,J/L2/1F/MM240/JE1310
1:2-241,HTRI-S,L2,J,J/L2/1F/MM241/JE1110
1:2-242,HTRI-S,L2,J,J/L2/1F/MM242/JE1300
1:2-243,HMS-S/D/M/SA,L2,J,J/L2/JW1080/MCP243/Entry Psg
1:2-244,HMS-S/D/M/SA,L2,J,J/L2/JW1200/MCP244/Enrty Psg
1:2-245,HFP-11,L2,J,J/L2/JE1330/SD245/Assortor Cabin
1:2-246,HFP-11,L2,J,J/L2/JE1330/SD246/Main Cabin
1:2-247,HFPT-11,L2,J,J/L2/JE1330/HD247/Pantry
1:2-248,HTRI-R,L2,J,J/L2/JE1330/CM248/Entry Psg AFC
1:2-249,HMS-S/D/M/SA,L2,J,J/L2/JE1330/MCP249/Entry Psg 
1:2-250,HTRI-S,L2,J,J/L2/1F/MM250/JE1050
1:2-251,HTRI-S,L2,J,J/L2/1F/MM251/JE1230
1:2-82,HTRI-S,L2,J,J/L2/1F/MM82/JW1030
1:2-80,HTRI-S,L2,J,J/L2/1F/MM80/JE1210
1:3-1,HTRI-R,L3,J,J/L3/7B/2F/CM1/DR RELESE CM
1:3-2,HFP-11,L3,J,J/L3/7B/2F/SD2/COR NR JE2180 AFC
1:3-3,HFP-11,L3,J,J/L3/7B/2F/SD3/COR Nr JE2180J
1:3-4,HFP-11,L3,J,J/L3/7B/2F/SD4/CORR NR JE 2050
1:3-5,HFP-11,L3,J,J/L3/7B/2F/SD5/COR NR 7B/S43 AFC
1:3-6,HFP-11,L3,J,J/L3/7B/2F/SD6/CORR NR JE 2070
1:3-7,HFP-11,L3,J,J/L3/7B/2F/SD7/CORR NR 7B S14
1:3-8,HMS-S/D/M/SA,L3,J,J/L3/7B/2F/MCP8/FIRE ESC STR 
1:3-9,HTRI-R,L3,J,J/L3/7B/2F/CM9/FIRE ESC STR 
1:3-11,HFP-11,L3,J,J/L3/7B/2F/SD11/CORR NR JE2120 A
1:3-12,HFP-11,L3,J,J/L3/7B/2F/SD12/CORR NR JW 2170
1:3-13,HFP-11,L3,J,J/L3/7B/2F/SD13/CORR NR JW2170 A
1:3-14,HFP-11,L3,J,J/L3/7B/2F/SD14/JW AHU RM SD
1:3-15,HTRI-R,L3,J,J/L3/7B/2F/CM15/JW AHU RM CM 
1:3-16,HFP-11,L3,J,J/L3/7B/2F/SD16/CORR NR JW 2140
1:3-17,HFP-11,L3,J,J/L3/7B/2F/SD17/CORR NR JW2120 A
1:3-18,HFP-11,L3,J,J/L3/7B/2F/SD18/CORR NR JW 2120
1:3-19,HTRI-R,L3,J,J/L3/7B/2F/CM19/DR RELESE JW 212
1:3-20,HMS-S/D/M/SA,L3,J,J/L3/7B/2F/MCP20/FIRE SHAFT L.L.
1:3-21,HTRI-R,L3,J,J/L3/7B/2F/CM21/FIRE SHAFT L.L.
1:3-22,HTRI-S,L3,J,J/L3/7B/2F/MM22/FIRE SHAFT L.L.
1:3-23,HFP-11,L3,J,J/L3/7B/2F/SD23/LIFT LOBBY SD
1:3-24,HFP-11,L3,J,J/L3/7B/2F/SD24/ELECT RM SD
1:3-25,HTRI-R,L3,J,J/L3/7B/2F/CM25/DR RELSE JW 2050
1:3-26,HFP-11,L3,J,J/L3/7B/2F/SD26/CORR NR JW2050 A
1:3-27,HFP-11,L3,J,J/L3/7B/2F/SD27/CORR NR JW 2050
1:3-28,HFP-11,L3,J,J/L3/7B/2F/SD28/CORR NR JW 2010
1:3-29,HFP-11,L3,J,J/L3/7B/2F/SD29/CORR NR 7B S48 A
1:3-30,HTRI-R,L3,J,J/L3/7B/2F/CM30/DR RELESE CM
1:3-31,HTRI-R,L3,J,J/L3/7B/2F/CM31/DR RELESE CM
1:3-32,HFP-11,L3,J,J/L3/7B/2F/SD32/CORR NR JE2220 A
1:3-33,HFP-11,L3,J,J/L3/7B/2F/SD33/CORR NR JE 2220
1:3-34,HFP-11,L3,J,J/L3/7B/2F/SD34/CORR NR JE2270 A
1:3-35,HFP-11,L3,J,J/L3/7B/2F/SD35/CORR NR JE 2270
1:3-36,HFP-11,L3,J,J/L3/7B/2F/SD36/CORR NR JE 2280
1:3-37,HMS-S/D/M/SA,L3,J,J/L3/7B/2F/MCP37/FIRE ESC STR 
1:3-38,HTRI-R,L3,J,J/L3/7B/2F/CM38/FIRE ESC STR 
1:3-40,HFP-11,L3,J,J/L3/7B/2F/SD40/CORR NR JE 2290
1:3-41,HFP-11,L3,J,J/L3/7B/2F/SD41/CORR NR JE 2290
1:3-42,HFP-11,L3,J,J/L3/7B/2F/SD42/CORR NR JE 2310
1:3-43,HFP-11,L3,J,J/L3/7B/2F/SD43/CORR NR JE 2190
1:3-44,HFP-11,L3,J,J/L3/7B/2F/SD44/CORR NR JE 2190
1:3-45,HTRI-R,L3,J,J/L3/7B/2F/CM45/DR RELESE JE 219
1:3-46,HTRI-S,L3,J,J/L3/2F/MM46/Psg. Nr. JE2020
1:3-49,HFP-11,L3,J,J/L3/7B/2F/SD49/AHU RM SD NR JE 
1:3-50,HTRI-R,L3,J,J/L3/7B/2F/CM50/AHU RM CM NR JE 
1:3-51,HFP-11,L3,J,J/L3/7B/2F/SD51/ELECT RM SD
1:3-52,HFP-11,L3,J,J/L3/7B/2F/SD52/LIFT LOBBY SD
1:3-54,HTRI-S,L3,J,J/L3/JE/2F/MM54/Psg nr JE2180
1:3-55,HTRI-S,L3,J,J/L3/JE/2F/MM55/Psg nr JE2030
1:3-56,HTRI-S,L3,J,J/L3/JE/2F/MM56/Psg nr JE2040
1:3-57,HTRI-S,L3,J,J/L3/JE/2F/MM57/Psg nr JE2050
1:3-58,HTRI-S,L3,J,J/L3/JE/2F/MM58/Psg nr JE2090
1:3-59,HTRI-S,L3,J,J/L3/JE/2F/MM59/Psg nr JE2130
1:3-60,HTRI-S,L3,J,J/L3/JW/2F/MM60/Psg nr JW2160
1:3-61,HTRI-S,L3,J,J/L3/JW/2F/MM61/Psg nr JW2070
1:3-62,HTRI-S,L3,J,J/L3/JW/2F/MM62/Psg nr JW2050
1:3-63,HTRI-S,L3,J,J/L3/JW/2F/MM63/Psg nr JW2030
1:3-65,HTRI-S,L3,J,J/L3/JE/2F/MM65/Psg nr JE2230
1:3-66,HTRI-S,L3,J,J/L3/JE/2F/MM66/Psg nr JE2260
1:3-67,HTRI-S,L3,J,J/L3/JE/2F/MM67/Psg nr JE2290
1:3-68,HTRI-S,L3,J,J/L3/JE/2F/MM68/Psg nr JE2300
1:3-69,HTRI-S,L3,J,J/L3/JE/2F/MM69/Psg nr JE2190
1:3-72,HFP-11,L3,J,J/L3/JE2010/SD72/Cab 1
1:3-73,HFP-11,L3,J,J/L3/JE2010/SD73/Cab 2
1:3-74,HFP-11,L3,J,J/L3/JE2010/SD74/Entry dr Psg
1:3-75,HTRI-R,L3,J,J/L3/JE2010/CM75/Entry dr Psg
1:3-76,HMS-S/D/M/SA,L3,J,J/L3/JE2010/MCP76/Entry dr Psg
1:3-77,HFP-11,L3,J,J/L3/JE2070/SD77/Main cab
1:3-78,HFP-11,L3,J,J/L3/JE2070/SD78/Pantry Psg
1:3-79,HTRI-R,L3,J,J/L3/JE2070/CM79/Pantry Psg
1:3-80,HMS-S/D/M/SA,L3,J,J/L3/JE2070/MCP80/Pantry Psg
1:3-81,HFP-11,L3,J,J/L3/JE2060/SD81/Main cab
1:3-82,HFP-11,L3,J,J/L3/JE2060/SD82/Assorter cab
1:3-83,HFP-11,L3,J,J/L3/JE2060/SD83/Entry dr Psg
1:3-84,HFPT-11,L3,J,J/L3/JE2060/HD84/Pantry Psg
1:3-85,HTRI-R,L3,J,J/L3/JE2060/CM85/Entry dr Psg
1:3-86,HMS-S/D/M/SA,L3,J,J/L3/JE2060/MCP86/Entry dr Psg
1:3-87,HFP-11,L3,J,J/L3/JE2162/SD87/Main cab
1:3-88,HFP-11,L3,J,J/L3/JE2162/SD88/Entry Psg
1:3-89,HTRI-R,L3,J,J/L3/JE2162/CM89/Entry Psg
1:3-90,HMS-S/D/M/SA,L3,J,J/L3/JE2162/MCP90/Entry Psg
1:3-91,HFP-11,L3,J,J/L3/JE2161/SD91/Main cab
1:3-92,HFP-11,L3,J,J/L3/JE2161/SD92/Assorter cab
1:3-93,HFP-11,L3,J,J/L3/JE2161/SD93/Entry Psg
1:3-94,HTRI-R,L3,J,J/L3/JE2161/CM94/Entry Psg
1:3-95,HMS-S/D/M/SA,L3,J,J/L3/JE2161/MCP95/Entry Psg
1:3-96,HFP-11,L3,J,J/L3/JW2120/SD96/Main cab
1:3-97,HFP-11,L3,J,J/L3/JW2120/SD97/Assorter cab
1:3-98,HTRI-R,L3,J,J/L3/JW2120/CM98/Entry Psg
1:3-99,HMS-S/D/M/SA,L3,J,J/L3/JW2120/MCP99/Entry Psg
1:3-100,HFP-11,L3,J,J/L3/JW2090/SD100/Assorter cab
1:3-101,HFP-11,L3,J,J/L3/JW2090/SD101/Main cab
1:3-102,HFP-11,L3,J,J/L3/JW2090/SD102/Entry Psg
1:3-103,HTRI-R,L3,J,J/L3/JW2090/CM103/Entry Psg
1:3-104,HMS-S/D/M/SA,L3,J,J/L3/JW2090/MCP104/Entry Psg
1:3-105,HFP-11,L3,J,J/L3/JW2130/SD105/Main cab
1:3-106,HFP-11,L3,J,J/L3/JW2130/SD106/Assorter cab
1:3-107,HFP-11,L3,J,J/L3/JW2130/SD107/nr Assorter ca
1:3-108,HFP-11,L3,J,J/L3/JW2130/SD108/Entry Psg
1:3-109,HTRI-R,L3,J,J/L3/JW2130/CM109/Entry Psg
1:3-110,HMS-S/D/M/SA,L3,J,J/L3/JW2130/MCP110/Entry Psg
1:3-111,HFP-11,L3,J,J/L3/JE2120/SD111/Main cab
1:3-112,HFP-11,L3,J,J/L3/JE2120/SD112/Assorter cab
1:3-113,HFP-11,L3,J,J/L3/JE2120/SD113/Pantry
1:3-114,HTRI-R,L3,J,J/L3/JE2120/CM114/Entry dr Psg
1:3-115,HMS-S/D/M/SA,L3,J,J/L3/JE2120/MCP115/Entry dr Psg
1:3-116,HFP-11,L3,J,J/L3/JW2190/SD116/Main cab
1:3-117,HFP-11,L3,J,J/L3/JW2190/SD117/Pantry
1:3-118,HFP-11,L3,J,J/L3/JW2190/SD118/Entry Psg
1:3-119,HTRI-R,L3,J,J/L3/JW2190/CM119/Entry Psg
1:3-120,HMS-S/D/M/SA,L3,J,J/L3/JW2190/MCP120/Entry Psg
1:3-121,HFP-11,L3,J,J/L3/JE2100/SD121/Main cab
1:3-122,HFP-11,L3,J,J/L3/JE2100/SD122/Assorter cab
1:3-123,HFP-11,L3,J,J/L3/JE2100/SD123/Entry Psg
1:3-124,HTRI-R,L3,J,J/L3/JE2100/CM124/Entry Psg
1:3-125,HMS-S/D/M/SA,L3,J,J/L3/JE2100/MCP125/Entry Psg
1:3-126,HFP-11,L3,J,J/L3/JW2010/SD126/Main cab
1:3-127,HFP-11,L3,J,J/L3/JW2010/SD127/Assorter cab
1:3-128,HFP-11,L3,J,J/L3/JW2010/SD128/Entry Psg
1:3-129,HTRI-R,L3,J,J/L3/JW2010/CM129/Entry Psg
1:3-130,HMS-S/D/M/SA,L3,J,J/L3/JW2010/MCP130/Entry Psg
1:3-131,HFP-11,L3,J,J/L3/JE2280/SD131/Assorter cab1
1:3-132,HFP-11,L3,J,J/L3/JE2280/SD132/Entry Psg
1:3-133,HFP-11,L3,J,J/L3/JE2280/SD133/Main cab
1:3-134,HFP-11,L3,J,J/L3/JE2280/SD134/Assorter cab2
1:3-135,HFP-11,L3,J,J/L3/JE2280/SD135/Pantry
1:3-136,HTRI-R,L3,J,J/L3/JE2280/CM136/Entry Psg
1:3-137,HMS-S/D/M/SA,L3,J,J/L3/JE2280/MCP137/Entry Psg
1:3-138,HFP-11,L3,J,J/L3/JE2270/SD138/Assorter cab1
1:3-139,HFP-11,L3,J,J/L3/JE2270/SD139/Main cab
1:3-140,HFP-11,L3,J,J/L3/JE2270/SD140/Entry Psg
1:3-141,HFP-11,L3,J,J/L3/JE2270/SD141/Assorter cab2
1:3-142,HTRI-R,L3,J,J/L3/JE2270/CM142/Entry Psg
1:3-142,HTRI-R,L3,J,J/L3/JE2270/CM142/Entry Psg
1:3-143,HMS-S/D/M/SA,L3,J,J/L3/JE2270/MCP143/Entry Psg
1:3-144,HFP-11,L3,J,J/L3/JE2240/SD144/Assorter cab1
1:3-145,HFP-11,L3,J,J/L3/JE2240/SD145/Accounts cab
1:3-146,HFP-11,L3,J,J/L3/JE2240/SD146/Entry Psg
1:3-147,HFP-11,L3,J,J/L3/JE2240/SD147/Assorter cab2
1:3-148,HFP-11,L3,J,J/L3/JE2240/SD148/Main cab
1:3-149,HFP-11,L3,J,J/L3/JE2240/SD149/Pantry
1:3-150,HFP-11,L3,J,J/L3/JE2240/SD150/Entry Psg
1:3-151,HTRI-R,L3,J,J/L3/JE2240/CM151/Entry Psg
1:3-152,HMS-S/D/M/SA,L3,J,J/L3/JE2240/MCP152/Entry Psg
1:3-153,HFP-11,L3,J,J/L3/JE2220/SD153/Assorter cab1
1:3-154,HFP-11,L3,J,J/L3/JE2220/SD154/Assorter cab2
1:3-155,HFP-11,L3,J,J/L3/JE2220/SD155/Assorter cab3
1:3-156,HFP-11,L3,J,J/L3/JE2220/SD156/Assorter cab4
1:3-157,HFP-11,L3,J,J/L3/JE2220/SD157/Pantry
1:3-158,HTRI-R,L3,J,J/L3/JE2220/CM158/Entry dr
1:3-159,HMS-S/D/M/SA,L3,J,J/L3/JE2220/MCP159/Entry dr
1:3-160,HFP-11,L3,J,J/L3/JE2200/SD160/Main cab
1:3-161,HFP-11,L3,J,J/L3/JE2200/SD161/Assorter cab
1:3-162,HFP-11,L3,J,J/L3/JE2200/SD162/Accounts cab
1:3-163,HFP-11,L3,J,J/L3/JE2200/SD163/cab 1
1:3-164,HFP-11,L3,J,J/L3/JE2200/SD164/cab 2
1:3-165,HFP-11,L3,J,J/L3/JE2200/SD165/Pantry
1:3-166,HTRI-R,L3,J,J/L3/JE2200/CM166/Entry Psg
1:3-167,HMS-S/D/M/SA,L3,J,J/L3/JE2200/MCP167/Entry Psg
1:3-168,HFP-11,L3,J,J/L3/JW2040/SD168/Entry dr Psg
1:3-169,HFP-11,L3,J,J/L3/JW2040/SD169/Account cab
1:3-170,HFP-11,L3,J,J/L3/JW2040/SD170/Main cab
1:3-171,HFP-11,L3,J,J/L3/JW2040/SD171/AFC account ca
1:3-172,HFPT-11,L3,J,J/L3/JW2040/HD172/Pantry
1:3-173,HTRI-R,L3,J,J/L3/JW2040/CM173/Entry dr Psg
1:3-174,HMS-S/D/M/SA,L3,J,J/L3/JW2040/MCP174/Entry dr Psg
1:3-175,HFP-11,L3,J,J/L3/JE2080/SD175/Entry dr Psg
1:3-176,HFP-11,L3,J,J/L3/JE2080/SD176/Pantry Psg
1:3-177,HTRI-R,L3,J,J/L3/JE2080/CM177/Entry dr Psg
1:3-178,HMS-S/D/M/SA,L3,J,J/L3/JE2080/MCP178/Entry dr Psg
1:3-179,HFP-11,L3,J,J/L3/JE2172/SD179/Main cab
1:3-180,HFP-11,L3,J,J/L3/JE2172/SD180/Cab 1
1:3-181,HFP-11,L3,J,J/L3/JE2172/SD181/Entry Psg
1:3-182,HMS-S/D/M/SA,L3,J,J/L3/JE2172/MCP182/Entry Psg
1:3-183,HTRI-R,L3,J,J/L3/JE2172/CM183/Entry Psg
1:3-184,HFP-11,L3,J,J/L3/JE2330/SD184/Main cab
1:3-185,HFP-11,L3,J,J/L3/JE2330/SD185/Assorter cab
1:3-186,HFP-11,L3,J,J/L3/JE2330/SD186/Entry Psg
1:3-187,HTRI-R,L3,J,J/L3/JE2330/CM187/Entry Psg
1:3-188,HMS-S/D/M/SA,L3,J,J/L3/JE2330/MCP188/Entry Psg
1:3-189,HFP-11,L3,J,J/L3/JW2060/SD189/Main cab
1:3-190,HFP-11,L3,J,J/L3/JW2060/SD190/Cab 1
1:3-191,HFP-11,L3,J,J/L3/JW2060/SD191/pantry Psg
1:3-192,HFP-11,L3,J,J/L3/JW2060/SD192/Entry dr Psg
1:3-193,HTRI-R,L3,J,J/L3/JW2060/CM193/Entry dr Psg
1:3-194,HMS-S/D/M/SA,L3,J,J/L3/JW2060/MCP194/Entry dr Psg
1:3-195,HTRI-S,L3,J,J/L3/2F//MM195/Psg. Nr.JE 2310
1:3-196,HFP-11,L3,J,J/L3/JE2320/SD196/Main cab
1:3-197,HFP-11,L3,J,J/L3/JE2320/SD197/Assorter cab
1:3-198,HFP-11,L3,J,J/L3/JE2320/SD198/Psg nr Assorte
1:3-199,HTRI-R,L3,J,J/L3/JE2320/CM199/Entry dr Psg
1:3-200,HMS-S/D/M/SA,L3,J,J/L3/JE2320/MCP200/Entry dr Psg
1:3-201,HFP-11,L3,J,J/L3/JE2140/SD201/Main cab1
1:3-202,HFP-11,L3,J,J/L3/JE2140/SD202/Main cab2
1:3-203,HFP-11,L3,J,J/L3/JE2140/SD203/Cab 1
1:3-204,HFP-11,L3,J,J/L3/JE2140/SD204/Psg nr Pantry
1:3-205,HFP-11,L3,J,J/L3/JE2140/SD205/Cab 2
1:3-206,HFP-11,L3,J,J/L3/JE2140/SD206/Cab 3
1:3-207,HFPT-11,L3,J,J/L3/JE2140/HD207/Pantry
1:3-208,HTRI-R,L3,J,J/L3/JE2140/CM208/Entry dr Psg
1:3-209,HMS-S/D/M/SA,L3,J,J/L3/JE2140/MCP209/Entry dr Psg
1:3-211,HTRI-S,L3,J,J/L3/2F//MM211/Psg. Nr.JW 2110
1:3-212,HTRI-S,L3,J,J/L3/2F//MM212/Psg. Nr.JW 2170
1:3-213,HTRI-S,L3,J,J/L3/2F//MM213/Psg. Nr.JE 2171
1:3-214,HTRI-S,L3,J,J/L3/2F//MM214/Psg. Nr.JE 2151
1:3-217,HTRI-S,L3,J,J/L3/2F//MM217/Psg. Nr.JW 2140
1:3-218,HTRI-S,L3,J,J/L3/2F//MM218/Psg. Nr.JW 2150
1:3-220,HTRI-S,L3,J,J/L3/2F//MM220/Psg. Nr.JW2200/10
1:3-221,HFP-11,L3,J,J/L3/JW2020/SD221/Main cab
1:3-222,HFP-11,L3,J,J/L3/JW2020/SD222/Assorter cab
1:3-223,HFP-11,L3,J,J/L3/JW2020/SD223/Entry dr psg
1:3-224,HTRI-R,L3,J,J/L3/JW2020/CM224/Entry dr psg
1:3-224,HTRI-R,L3,J,J/L3/JW2020/CM224/Entry dr psg
1:3-225,HMS-S/D/M/SA,L3,J,J/L3/JW2020/MCP225/Entry dr psg
1:3-226,HFP-11,L3,J,J/L3/JW2010/SD226/Entry Psg
1:3-227,HFP-11,L3,J,J/L3/JW2010/SD227/Account Cab
1:3-231,HFP-11,L3,J,J/L3/JW2100/SD231/Main Cabin
1:3-232,HFP-11,L3,J,J/L3/JW2100/SD232/Assortor Cabin
1:3-233,HFP-11,L3,J,J/L3/JW2100/SD233/ntry Psg
1:3-234,HTRI-R,L3,J,J/L3/JW2100/CM234/EntryElect Box
1:3-235,HMS-S/D/M/SA,L3,J,J/L3/JW2100/MCP235/Entry Psg
1:3-236,HFP-11,L3,J,J/L3/JE2152/SD236/Entry Pgs
1:3-237,HFP-11,L3,J,J/L3/JE2152/SD237/Main Cab
1:3-238,HMS-S/D/M/SA,L3,J,J/L3/JE2152/SD238/Entry Pgs
1:3-239,HTRI-R,L3,J,J/L3/JE2152/SD239/Entry Pgs AFC
1:4-1,HTRI-R,L4,J,J/L4/7B/3F/CM1/DR RELESE JE 3021
1:4-2,HFP-11,L4,J,J/L4/7B/3F/SD2/CORR NR JE3021 AF
1:4-3,HFP-11,L4,J,J/L4/7B/3F/SD3/CORR NR JE 3021
1:4-4,HFP-11,L4,J,J/L4/7B/3F/SD4/CORR NR JE 3160
1:4-5,HFP-11,L4,J,J/L4/7B/3F/SD5/CORR NR JE7B3/S43
1:4-6,HFP-11,L4,J,J/L4/7B/3F/SD6/CORR NR JE 3050
1:4-7,HFP-11,L4,J,J/L4/7B/3F/SD7/CORR NR JE 3060
1:4-8,HMS-S/D/M/SA,L4,J,J/L4/7B/3F/MCP8/FIRE ESC STR
1:4-9,HTRI-R,L4,J,J/L4/7B/3F/CM9/FIRE ESC STR
1:4-10,HMS-S/D/M/SA,L4,J,J/L4/7B/3F/MCP10/JW FIRE STR L L
1:4-11,HFP-11,L4,J,J/L4/7B/3F/SD11/CORR NR JE3080 A
1:4-12,HFP-11,L4,J,J/L4/7B/3F/SD12/CORR NR JW 3200
1:4-13,HFP-11,L4,J,J/L4/7B/3F/SD13/CORR NR JW3200 A
1:4-14,HTRI-R,L4,J,J/L4/7B/3F/CM14/JW AHU RM CM
1:4-15,HFP-11,L4,J,J/L4/7B/3F/SD15/JWAHU RM SD
1:4-16,HFP-11,L4,J,J/L4/7B/3F/SD16/CORR NR JW 3180
1:4-17,HFP-11,L4,J,J/L4/7B/3F/SD17/CORR NR JW 3150
1:4-18,HFP-11,L4,J,J/L4/7B/3F/SD18/CORR NR JW3150 A
1:4-19,HFP-11,L4,J,J/L4/7B/3F/SD19/ELECT RM SD
1:4-20,HTRI-R,L4,J,J/L4/7B/3F/CM20/DR RELESE CM NR 
1:4-21,HFP-11,L4,J,J/L4/7B/3F/SD21/LIFT LOBBY SD EC
1:4-22,HTRI-R,L4,J,J/L4/7B/3F/CM22/DR RELESE JW 308
1:4-22,HTRI-R,L4,J,J/L4/7B/3F/CM22/DR RELESE JW 308
1:4-23,HFP-11,L4,J,J/L4/7B/3F/SD23/CORR NR JW 3080
1:4-24,HFP-11,L4,J,J/L4/7B/3F/SD24/CORR NR JW 3080
1:4-25,HFP-11,L4,J,J/L4/7B/3F/SD25/CORR NR JW 3030
1:4-26,HTRI-R,L4,J,J/L4/7B/3F/CM26/DR RELESE JW 303
1:4-27,HTRI-R,L4,J,J/L4/7B/3F/CM27/DR RELESE JW 324
1:4-28,HFP-11,L4,J,J/L4/7B/3F/SD28/CORR NR JE3240 A
1:4-29,HFP-11,L4,J,J/L4/7B/3F/SD29/CORR NR JE 3250
1:4-30,HFP-11,L4,J,J/L4/7B/3F/SD30/CORR NR JE 3260
1:4-31,HFP-11,L4,J,J/L4/7B/3F/SD31/CORR NR JE 3280
1:4-32,HTRI-R,L4,J,J/L4/7B/3F/CM32/AHU RM CM NR JE 
1:4-33,HFP-11,L4,J,J/L4/7B/3F/SD33/AHU RM SD NR JE 
1:4-34,HFP-11,L4,J,J/L4/7B/3F/SD34/CORR NR AHU RM
1:4-35,HMS-S/D/M/SA,L4,J,J/L4/7B/3F/MCP35/FIRE ESC STR
1:4-36,HTRI-R,L4,J,J/L4/7B/3F/CM36/FIRE ESC STR
1:4-37,HTRI-S,L4,J,J/L4/7B/3F/MM37/FIRE ESC STR
1:4-38,HFP-11,L4,J,J/L4/7B/3F/SD38/CORR NR FIRE ESC
1:4-39,HFP-11,L4,J,J/L4/7B/3F/SD39/CORR NR FIRE ESC
1:4-40,HFP-11,L4,J,J/L4/7B/3F/SD40/CORR NR JE 3210
1:4-41,HFP-11,L4,J,J/L4/7B/3F/SD41/CORR NR JE DR AF
1:4-42,HFP-11,L4,J,J/L4/7B/3F/SD42/CORR NR JE DR 
1:4-43,HTRI-R,L4,J,J/L4/7B/3F/CM43/DR RELESE CM
1:4-44,HFP-11,L4,J,J/L4/7B/3F/SD44/LIFT LOBBY SD   
1:4-45,HFP-11,L4,J,J/L4/7B/3F/SD45/ELECT RM JE 3021
1:4-48,HTRI-S,L4,J,J/L4/JE/3F/MM48/Psg nr JE3021
1:4-50,HTRI-S,L4,J,J/L4/JE/3F/MM50/Psg nr JE3181
1:4-51,HTRI-S,L4,J,J/L4/JE/3F/MM51/Psg nr JE3170
1:4-52,HTRI-S,L4,J,J/L4/JE/3F/MM52/Psg nr JE3160
1:4-53,HTRI-S,L4,J,J/L4/JE/3F/MM53/Psg nr JE3150
1:4-54,HTRI-S,L4,J,J/L4/JE/3F/MM54/Psg nr JE3041
1:4-55,HTRI-S,L4,J,J/L4/JE/3F/MM55/Psg nr JE3042
1:4-56,HTRI-S,L4,J,J/L4/JE/3F/MM56/Psg nr JE3050
1:4-57,HTRI-S,L4,J,J/L4/JE/3F/MM57/Psg nr JE3060
1:4-58,HTRI-S,L4,J,J/L4/JE/3F/MM58/Psg nr JE3080
1:4-59,HTRI-S,L4,J,J/L4/JE/3F/MM59/Psg nr JE3100
1:4-60,HTRI-S,L4,J,J/L4/JW/3F/MM60/Psg nr JW3170
1:4-61,HTRI-S,L4,J,J/L4/JW/3F/MM61/Psg nr JW3160
1:4-62,HTRI-S,L4,J,J/L4/JW/3F/MM62/Psg nr JW3140
1:4-63,HTRI-S,L4,J,J/L4/JW/3F/MM63/Psg nr JW3130
1:4-64,HTRI-S,L4,J,J/L4/JW/3F/MM64/Psg nr JW3230
1:4-65,HTRI-S,L4,J,J/L4/JW/3F/MM65/Psg nr JW3120
1:4-66,HTRI-S,L4,J,J/L4/JW/3F/MM66/Psg nr JW3050
1:4-67,HTRI-S,L4,J,J/L4/JW/3F/MM67/Psg nr JW3040
1:4-68,HTRI-S,L4,J,J/L4/JW/3F/MM68/Psg nr JW3030
1:4-69,HTRI-S,L4,J,J/L4/JW/3F/MM69/Psg nr JW3020
1:4-70,HTRI-S,L4,J,J/L4/JW/3F/MM70/Psg nr JW3010
1:4-71,HTRI-S,L4,J,J/L4/JE/3F/MM71/Psg nr JE3240
1:4-72,HTRI-S,L4,J,J/L4/JE/3F/MM72/Psg nr JE3260
1:4-73,HTRI-S,L4,J,J/L4/JE/3F/MM73/Psg nr JE3290
1:4-74,HTRI-S,L4,J,J/L4/JE/3F/MM74/Psg nr JE3360
1:4-75,HTRI-S,L4,J,J/L4/JE/3F/MM75/Psg nr JE3370
1:4-76,HTRI-S,L4,J,J/L4/JE/3F/MM76/Psg nr JE3190
1:4-77,HTRI-S,L4,J,J/L4/JE/3F/MM77/Psg nr JE3200
1:4-78,HTRI-S,L4,J,J/L4/JE/3F/MM78/Psg nr JE3310
1:4-79,HTRI-S,L4,J,J/L4/JE/3F/MM79/Psg nr JE3220
1:4-81,HFP-11,L4,J,J/L4/JE3250/SD81/Assorter cab
1:4-82,HFP-11,L4,J,J/L4/JE3250/SD82/Main cab
1:4-83,HFP-11,L4,J,J/L4/JE3250/SD83/Entry Psg
1:4-84,HFPT-11,L4,J,J/L4/JE3250/HD84/Pantry
1:4-85,HTRI-R,L4,J,J/L4/JE3250/CM85/Entry Psg
1:4-86,HMS-S/D/M/SA,L4,J,J/L4/JE3250/MCP86/Entry Psg
1:4-87,HFP-11,L4,J,J/L4/JE3140/SD87/Main cab
1:4-88,HFP-11,L4,J,J/L4/JE3140/SD88/Pantry
1:4-89,HTRI-R,L4,J,J/L4/JE3140/CM89/Entry Psg
1:4-90,HMS-S/D/M/SA,L4,J,J/L4/JE3140/MCP90/Entry Psg
1:4-91,HFP-11,L4,J,J/L4/JE3010/SD91/Main cab1
1:4-92,HFP-11,L4,J,J/L4/JE3010/SD92/Main cab2
1:4-93,HFP-11,L4,J,J/L4/JE3010/SD93/Main cab3
1:4-94,HFP-11,L4,J,J/L4/JE3010/SD94/Account cab
1:4-95,HFP-11,L4,J,J/L4/JE3010/SD95/Pantry
1:4-96,HTRI-R,L4,J,J/L4/JE3010/CM96/Entry Psg
1:4-97,HMS-S/D/M/SA,L4,J,J/L4/JE3010/MCP97/Entry Psg
1:4-98,HFP-11,L4,J,J/L4/JE3270/SD98/Main cab
1:4-99,HFP-11,L4,J,J/L4/JE3270/SD99/Assorter cab
1:4-100,HTRI-R,L4,J,J/L4/JE3270/CM100/Entry dr
1:4-101,HMS-S/D/M/SA,L4,J,J/L4/JE3270/MCP101/Entry dr
1:4-102,HFP-11,L4,J,J/L4/JE3320/SD102/Main cab
1:4-103,HFP-11,L4,J,J/L4/JE3320/SD103/Assorter cab
1:4-104,HFP-11,L4,J,J/L4/JE3320/SD104/Entry dr Psg
1:4-105,HTRI-R,L4,J,J/L4/JE3320/CM105/Entry dr Psg
1:4-106,HMS-S/D/M/SA,L4,J,J/L4/JE3320/MCP106/Entry dr Psg
1:4-107,HFP-11,L4,J,J/L4/JE3340/SD107/Main cab
1:4-108,HFP-11,L4,J,J/L4/JE3340/SD108/Assorter cab
1:4-109,HFP-11,L4,J,J/L4/JE3340/SD109/Pantry Psg
1:4-110,HTRI-R,L4,J,J/L4/JE3340/CM110/Entry Psg
1:4-111,HMS-S/D/M/SA,L4,J,J/L4/JE3340/MCP111/Entry Psg
1:4-112,HFP-11,L4,J,J/L4/JE3300/SD112/Main cab
1:4-113,HFP-11,L4,J,J/L4/JE3300/SD113/Entry dr Psg
1:4-114,HTRI-R,L4,J,J/L4/JE3300/CM114/Entry dr Psg
1:4-115,HMS-S/D/M/SA,L4,J,J/L4/JE3300/MCP115/Entry dr Psg
1:4-116,HTRI-S,L4,J,J/L4/MM116/PSG. NR. JE3330
1:4-120,HFP-11,L4,J,J/L4/JW3180/SD120/Main cab
1:4-121,HFP-11,L4,J,J/L4/JW3180/SD121/Account cab
1:4-122,HFP-11,L4,J,J/L4/JW3180/SD122/Entry Psg
1:4-123,HTRI-R,L4,J,J/L4/JW3180/CM123/Entry Psg
1:4-124,HMS-S/D/M/SA,L4,J,J/L4/JW3180/MCP124/Entry Psg
1:4-125,HFP-11,L4,J,J/L4/JE3350/SD125/Main cab
1:4-126,HFP-11,L4,J,J/L4/JE3350/SD126/Assorter cab
1:4-127,HFP-11,L4,J,J/L4/JE3350/SD127/Entry Psg
1:4-128,HFPT-11,L4,J,J/L4/JE3350/HD128/Pantry
1:4-129,HTRI-R,L4,J,J/L4/JE3350/CM129/Entry Psg
1:4-130,HMS-S/D/M/SA,L4,J,J/L4/JE3350/MCP130/Entry Psg
1:4-131,HFP-11,L4,J,J/L4/JE3090/SD131/Main cab
1:4-132,HFP-11,L4,J,J/L4/JE3090/SD132/Assorter cab
1:4-133,HFP-11,L4,J,J/L4/JE3090/SD133/Pantry
1:4-134,HTRI-R,L4,J,J/L4/JE3090/CM134/Psg nr Entry
1:4-135,HMS-S/D/M/SA,L4,J,J/L4/JE3090/MCP135/Psg nr Entry
1:4-136,HFP-11,L4,J,J/L4/JW3110/SD136/Main cab
1:4-137,HFP-11,L4,J,J/L4/JW3110/SD137/Assorter cab
1:4-138,HFP-11,L4,J,J/L4/JW3110/SD138/Entry dr Psg
1:4-139,HTRI-R,L4,J,J/L4/JW3110/CM139/Entry dr Psg
1:4-140,HMS-S/D/M/SA,L4,J,J/L4/JW3110/MCP140/Entry dr Psg
1:4-141,HFP-11,L4,J,J/L4/JW3150/SD141/Assorter cab
1:4-142,HFP-11,L4,J,J/L4/JW3150/SD142/Entry dr Psg
1:4-143,HFP-11,L4,J,J/L4/JW3150/SD143/Main cab
1:4-144,HTRI-R,L4,J,J/L4/JW3150/CM144/Entry dr Psg
1:4-145,HMS-S/D/M/SA,L4,J,J/L4/JW3150/MCP145/Entry dr Psg
1:4-146,HFP-11,L4,J,J/L4/JW3070/SD146/Main cab
1:4-147,HFP-11,L4,J,J/L4/JW3070/SD147/Assorter cab
1:4-148,HFP-11,L4,J,J/L4/JW3070/SD148/Entry dr Psg
1:4-149,HTRI-R,L4,J,J/L4/JW3070/CM149/Entry dr Psg
1:4-150,HMS-S/D/M/SA,L4,J,J/L4/JW3070/MCP150/Entry dr Psg
1:4-151,HFP-11,L4,J,J/L4/JE3210/SD151/Main cab1
1:4-152,HFP-11,L4,J,J/L4/JE3210/SD152/Main cab2
1:4-153,HFP-11,L4,J,J/L4/JE3210/SD153/Assorter cab
1:4-154,HFP-11,L4,J,J/L4/JE3210/SD154/Psg nr Pantry
1:4-155,HTRI-R,L4,J,J/L4/JE3210/CM155/Psg nr Entry
1:4-156,HMS-S/D/M/SA,L4,J,J/L4/JE3210/MCP156/Psg nr Entry
1:4-157,HFP-11,L4,J,J/L4/JE3280/SD157/Main cab
1:4-158,HFP-11,L4,J,J/L4/JE3280/SD158/Assorter cab
1:4-159,HFP-11,L4,J,J/L4/JE3280/SD159/Psg nr Assorte
1:4-160,HFP-11,L4,J,J/L4/JE3280/SD160/Pantry Psg
1:4-161,HTRI-R,L4,J,J/L4/JE3280/CM161/Entry Psg
1:4-162,HMS-S/D/M/SA,L4,J,J/L4/JE3280/MCP162/Entry Psg
1:4-163,HFP-11,L4,J,J/L4/JW3060/SD163/Cabin 1
1:4-164,HFP-11,L4,J,J/L4/JW3060/SD164/Cabin 2
1:4-165,HFP-11,L4,J,J/L4/JW3060/SD165/Cabin 3
1:4-166,HFP-11,L4,J,J/L4/JW3060/SD166/Pantry
1:4-167,HTRI-R,L4,J,J/L4/JE3060/CM167/Entry Dr AFC
1:4-168,HMS-S/D/M/SA,L4,J,J/L4/JE3060/MCP168/Entry Dr psg
1:4-169,HFP-11,L4,J,J/L4/JE3182/SD169/Main cab
1:4-170,HFP-11,L4,J,J/L4/JE3182/SD170/Pantry
1:4-171,HTRI-R,L4,J,J/L4/JE3182/CM171/Entry dr Psg
1:4-172,HMS-S/D/M/SA,L4,J,J/L4/JE3182/MCP172/Entry dr Psg
1:4-173,HFP-11,L4,J,J/L4/JE3022/SD173/Main cab
1:4-174,HFP-11,L4,J,J/L4/JE3022/SD174/Psg nr Main ca
1:4-175,HFP-11,L4,J,J/L4/JE3022/SD175/Assorter cab
1:4-176,HFPT-11,L4,J,J/L4/JE3022/HD176/Pantry
1:4-177,HTRI-R,L4,J,J/L4/JE3022/CM177/Entry dr Psg
1:4-178,HMS-S/D/M/SA,L4,J,J/L4/JE3022/MCP178/Entry dr Psg
1:4-182,HFP-11,L4,J,J/L4/JE3300/SD182/PANTRY
1:4-183,HFP-11,L4,J,J/L4/JE3300/SD183/ASSORTOR CAB
1:4-184,HFP-11,L4,J,J/L4/JE3110/SD184/main cab
1:4-185,HFP-11,L4,J,J/L4/JE3110/SD185/cab2
1:4-186,HFP-11,L4,J,J/L4/JE3110/SD186/Entry psg
1:4-187,HTRI-R,L4,J,J/L4/JE3110/CM187/Entry psg AFC
1:4-188,HMS-S/D/M/SA,L4,J,J/L4/JE3110/MCP188/Entry dr psg
1:4-191,HFP-11,L4,J,J/L4/JE3031/SD191/Main Cab
1:4-192,HFP-11,L4,J,J/L4/JE3031/SD192/Assortor Cab
1:4-193,HFP-11,L4,J,J/L4/JE3031/SD193/Entry Psg
1:4-194,HMS-S/D/M/SA,L4,J,J/L4/JE3031/MCP194/Entry Psg
1:4-195,HTRI-R,L4,J,J/L4/JE3031/CM195/Entry Psg
1:4-196,HTRI-S,L4,J,J/L4/MM196/Psg. Nr. JE3070
1:4-198,HFP-11,L4,J,J/L4/JE3320/SD198 /Pantry
1:5-1,HTRI-R,L5,J,J/L5/7B/4F/CM1/DR RELESE CM NR L
1:5-2,HFP-11,L5,J,J/L5/7B/4F/SD2/CORR NR DR 7B S19
1:5-3,HFP-11,L5,J,J/L5/7B/4F/SD3/CORR NR 7B S19
1:5-4,HFP-11,L5,J,J/L5/7B/4F/SD4/CORR NR JE 4030
1:5-5,HFP-11,L5,J,J/L5/7B/4F/SD5/CORR NR JE 4060 A
1:5-6,HFP-11,L5,J,J/L5/7B/4F/SD6/CORR NR JE 4060
1:5-7,HFP-11,L5,J,J/L5/7B/4F/SD7/CORR NR JE 4080
1:5-8,HMS-S/D/M/SA,L5,J,J/L5/7B/4F/MCP8/FIRE ESC STR NR 
1:5-9,HTRI-R,L5,J,J/L5/7B/4F/CM9/FIRE ESC STR NR J
1:5-10,HFP-11,L5,J,J/L5/7B/4F/SD10/CORR NR JE4100 A
1:5-11,HFP-11,L5,J,J/L5/7B/4F/SD11/CORR NR JE 4100 
1:5-12,HFP-11,L5,J,J/L5/7B/4F/SD12/CORR NR JW 4170
1:5-13,HFP-11,L5,J,J/L5/7B/4F/SD13/CORR NR 7B S10 A
1:5-14,HFP-11,L5,J,J/L5/7B/4F/SD14/CORR NR 7B S45
1:5-15,HFP-11,L5,J,J/L5/7B/4F/SD15/CORR NR JW 4140
1:5-16,HFP-11,L5,J,J/L5/7B/4F/SD16/CORR NR JW4180 A
1:5-17,HFP-11,L5,J,J/L5/7B/4F/SD17/CORR NR JW 4180
1:5-18,HTRI-R,L5,J,J/L5/7B/4F/CM18/DR RELESE CM NR 
1:5-19,HMS-S/D/M/SA,L5,J,J/L5/7B/4F/MCP19/FIRE SHAFT L.L
1:5-20,HTRI-R,L5,J,J/L5/7B/4F/CM20/FIRE SHAFT L.L.
1:5-21,HTRI-S,L5,J,J/L5/7B/4F/MM21/FIRE SHAFT L.L
1:5-22,HFP-11,L5,J,J/L5/7B/4F/SD22/ELECT RM JW 4080
1:5-23,HTRI-R,L5,J,J/L5/7B/4F/CM23/DR RELESE JW 408
1:5-24,HFP-11,L5,J,J/L5/7B/4F/SD24/CORR NR JW 4080
1:5-25,HFP-11,L5,J,J/L5/7B/4F/SD25/CORR NR JW4040 A
1:5-26,HFP-11,L5,J,J/L5/7B/4F/SD26/CORR NR JW 4040
1:5-27,HTRI-R,L5,J,J/L5/7B/4F/CM27/DR RELESE JW 404
1:5-28,HTRI-R,L5,J,J/L5/7B/4F/CM28/DR RELESE JE 404
1:5-29,HFP-11,L5,J,J/L5/7B/4F/SD29/CORR NR JE4220 A
1:5-30,HFP-11,L5,J,J/L5/7B/4F/SD30/CORR NR JE 4220
1:5-31,HFP-11,L5,J,J/L5/7B/4F/SD31/CORR NR JE4250 A
1:5-32,HFP-11,L5,J,J/L5/7B/4F/SD32/CORR NR JE 4250
1:5-33,HFP-11,L5,J,J/L5/7B/4F/SD33/CORR NR JE 7B S3
1:5-34,HFP-11,L5,J,J/L5/7B/4F/SD34/CORR NR JE4300 A
1:5-35,HFP-11,L5,J,J/L5/7B/4F/SD35/CORR NR JE 4300
1:5-36,HFP-11,L5,J,J/L5/7B/4F/SD36/CORR NR JE 4320
1:5-37,HFP-11,L5,J,J/L5/7B/4F/SD37/CORR NR JE4170 A
1:5-38,HFP-11,L5,J,J/L5/7B/4F/SD38/CORR NR JE 4170
1:5-39,HTRI-R,L5,J,J/L5/7B/4F/CM39/DR RELESE CM NR 
1:5-40,HMS-S/D/M/SA,L5,J,J/L5/7B/4F/MCP40/FIRE ESC STR 
1:5-41,HTRI-R,L5,J,J/L5/7B/4F/CM41/FIRE ESC STR NR 
1:5-42,HTRI-S,L5,J,J/L5/7B/4F/MM42/FIRE ESC STR NR 
1:5-44,HFP-11,L5,J,J/L5/7B/4F/SD44/AHURM SDnr 7BS4 
1:5-45,HTRI-R,L5,J,J/L5/7B/4F/CM45/AHU RM  7B S45
1:5-46,HFP-11,L5,J,J/L5/7B/4F/SD46/ELECT RM SD
1:5-47,HFP-11,L5,J,J/L5/7B/4F/SD47/CORR NR 7B S37
1:5-48,HTRI-R,L5,J,J/L5/7B/4F/CM48/AHU RM
1:5-49,HFP-11,L5,J,J/L5/7B/4F/SD49/LIFT LOBBY 7B S1
1:5-50,HFP-11,L5,J,J/L5/7B/4F/SD50/L. L. NR JW 4080
1:5-61,HTRI-S,L5,J,J/L5/JE/4F/MM61/Psg nr JE4160
1:5-62,HTRI-S,L5,J,J/L5/JE/4F/MM62/Psg nr JE4020
1:5-63,HTRI-S,L5,J,J/L5/JE/4F/MM63/Psg nr JE4040
1:5-64,HTRI-S,L5,J,J/L5/JE/4F/MM64/Psg nr JE4060
1:5-65,HTRI-S,L5,J,J/L5/JE/4F/MM65/Psg nr JE4090
1:5-66,HTRI-S,L5,J,J/L5/JE/4F/MM66/Psg nr JE4120
1:5-67,HTRI-S,L5,J,J/L5/JW/4F/MM67/Psg nr JW4160
1:5-68,HTRI-S,L5,J,J/L5/JW/4F/MM68/Psg nr JW4140
1:5-69,HTRI-S,L5,J,J/L5/JW/4F/MM69/Psg nr JW4110
1:5-70,HTRI-S,L5,J,J/L5/JW/4F/MM70/Psg nr JW4100
1:5-71,HTRI-S,L5,J,J/L5/JW/4F/MM71/Psg nr JW4080
1:5-72,HTRI-S,L5,J,J/L5/JW/4F/MM72/Psg nr JW4020
1:5-73,HTRI-S,L5,J,J/L5/JW/4F/MM73/Psg nr JW4050
1:5-74,HTRI-S,L5,J,J/L5/JE/4F/MM74/Psg nr JE4220
1:5-75,HTRI-S,L5,J,J/L5/JE/4F/MM75/Psg nr JE4200
1:5-76,HTRI-S,L5,J,J/L5/JE/4F/MM76/Psg nr JE4270
1:5-77,HTRI-S,L5,J,J/L5/JE/4F/MM77/Psg nr JE4320
1:5-78,HTRI-S,L5,J,J/L5/JE/4F/MM78/Psg nr JE4330
1:5-79,HTRI-S,L5,J,J/L5/JE/4F/MM79/Psg nr JE4170
1:5-80,HFP-11,L5,J,J/L5/JE4050/SD80/Entry dr Psg 
1:5-81,HFP-11,L5,J,J/L5/JE4050/SD81/Main cab
1:5-82,HMS-S/D/M/SA,L5,J,J/L5/JE4050/MCP82/Entry Psg
1:5-83,HTRI-R,L5,J,J/L5/JE4050/CM83/Entry Psg
1:5-84,HFP-11,L5,J,J/L5/JE4130/SD84/Main cab
1:5-85,HFP-11,L5,J,J/L5/JE4130/SD85/Recep.Psg
1:5-86,HFP-11,L5,J,J/L5/JE4130/SD86/Pantry
1:5-87,HFP-11,L5,J,J/L5/JE4130/SD87/Psg nr Pantry
1:5-88,HFP-11,L5,J,J/L5/JE4130/SD88/Account cab
1:5-89,HFP-11,L5,J,J/L5/JE4130/SD89/Assort. Cab1
1:5-90,HFP-11,L5,J,J/L5/JE4130/SD90/Assort. Cab2
1:5-91,HFP-11,L5,J,J/L5/JE4130/SD91/Assort. Cab 3
1:5-92,HFP-11,L5,J,J/L5/JE4130/SD92/Assort. Cab 4
1:5-93,HFP-11,L5,J,J/L5/JE4130/SD93/MD cab
1:5-94,HTRI-R,L5,J,J/L5/JE4130/CM94/Psg nr Entry
1:5-95,HMS-S/D/M/SA,L5,J,J/L5/JE4130/MCP95/Psg nr Entry
1:5-96,HFP-11,L5,J,J/L5/JE4080/SD96/Pantry
1:5-97,HFP-11,L5,J,J/L5/JE4080/SD97/Main cab
1:5-98,HTRI-R,L5,J,J/L5/JE4080/CM98/Entry Psg
1:5-99,HMS-S/D/M/SA,L5,J,J/L5/JE4080/MCP99/Entry Psg
1:5-100,HFP-11,L5,J,J/L5/JE4030/SD100/Main cab
1:5-101,HFP-11,L5,J,J/L5/JE4030/SD101/Entry dr Psg 
1:5-102,HMS-S/D/M/SA,L5,J,J/L5/JE4030/MCP102/Entry dr Psg 
1:5-103,HTRI-R,L5,J,J/L5/JE4030/CM103/Entry dr Psg 
1:5-104,HFP-11,L5,J,J/L5/JE4110/SD104/Main cab
1:5-105,HFP-11,L5,J,J/L5/JE4110/SD105/Main cab
1:5-106,HFP-11,L5,J,J/L5/JE4110/SD106/Accounts cab
1:5-107,HFP-11,L5,J,J/L5/JE4110/SD107/Pantry
1:5-108,HFP-11,L5,J,J/L5/JE4110/SD108/Entry Psg
1:5-109,HMS-S/D/M/SA,L5,J,J/L5/JE4110/MCP109/Entry Psg
1:5-110,HTRI-R,L5,J,J/L5/JE4110/CM110/Entry Psg
1:5-111,HFP-11,L5,J,J/L5/JW4180/SD111/Account 1
1:5-112,HFP-11,L5,J,J/L5/JW4180/SD112/Main cab
1:5-113,HFP-11,L5,J,J/L5/JW4180/SD113/Assorter cab
1:5-114,HFP-11,L5,J,J/L5/JW4180/SD114/Main cab1
1:5-115,HFP-11,L5,J,J/L5/JW4180/SD115/Main cab1
1:5-116,HFP-11,L5,J,J/L5/JW4180/SD116/Account cab
1:5-117,HFPT-11,L5,J,J/L5/JW4180/HD117/Pantry
1:5-118,HFP-11,L5,J,J/L5/JW4180/SD118/Psg nr Pantry
1:5-119,HFP-11,L5,J,J/L5/JW4180/SD119/Reception
1:5-120,HFP-11,L5,J,J/L5/JW4180/SD120/Entry Psg
1:5-121,HTRI-R,L5,J,J/L5/JW4180/CM121/Entry Psg
1:5-122,HMS-S/D/M/SA,L5,J,J/L5/JW4180/MCP122/Entry Psg
1:5-123,HFP-11,L5,J,J/L5/JW4170/SD123/Main cab
1:5-124,HFP-11,L5,J,J/L5/JW4170/SD124/Account cab
1:5-125,HFP-11,L5,J,J/L5/JW4170/SD125/Pantry
1:5-126,HTRI-R,L5,J,J/L5/JW4170/CM126/Entry Psg
1:5-127,HMS-S/D/M/SA,L5,J,J/L5/JW4170/MCP127/Entry Psg
1:5-128,HFP-11,L5,J,J/L5/JW4060/SD128/cab1
1:5-129,HFP-11,L5,J,J/L5/JW4060/SD129/cab2
1:5-130,HFP-11,L5,J,J/L5/JW4060/SD130/cab3
1:5-131,HFP-11,L5,J,J/L5/JW4060/SD131/Pantry Psg
1:5-132,HFP-11,L5,J,J/L5/JW4060/SD132/Entry Psg
1:5-133,HTRI-R,L5,J,J/L5/JW4060/CM133/Entry Psg
1:5-134,HMS-S/D/M/SA,L5,J,J/L5/JW4060/MCP134/Entry Psg
1:5-135,HFP-11,L5,J,J/L5/JW4130/SD135/Main cab
1:5-136,HFP-11,L5,J,J/L5/JW4130/SD136/Assorter cab
1:5-137,HFP-11,L5,J,J/L5/JW4130/SD137/Entry Psg
1:5-138,HTRI-R,L5,J,J/L5/JW4130/CM138/Entry Psg
1:5-139,HMS-S/D/M/SA,L5,J,J/L5/JW4130/MCP139/Entry Psg
1:5-140,HFP-11,L5,J,J/L5/JW4040/SD140/Main cab
1:5-141,HFP-11,L5,J,J/L5/JW4040/SD141/Assorter cab
1:5-142,HFPT-11,L5,J,J/L5/JW4040/HD142/Pantry
1:5-143,HTRI-R,L5,J,J/L5/JW4040/CM143/Entry Psg
1:5-144,HMS-S/D/M/SA,L5,J,J/L5/JW4040/MCP144/Entry Psg
1:5-145,HFP-11,L5,J,J/L5/JW4150/SD145/Assorter cab1
1:5-146,HFP-11,L5,J,J/L5/JW4150/SD146/Assorter cab2
1:5-147,HFP-11,L5,J,J/L5/JW4150/SD147/Main cab
1:5-148,HFP-11,L5,J,J/L5/JW4150/SD148/Pantry
1:5-149,HFP-11,L5,J,J/L5/JW4150/SD149/Entry Psg
1:5-150,HTRI-R,L5,J,J/L5/JW4150/CM150/Entry Psg
1:5-151,HMS-S/D/M/SA,L5,J,J/L5/JW4150/MCP151/Entry Psg
1:5-152,HFP-11,L5,J,J/L5/JW4010/SD152/Account cab
1:5-153,HFP-11,L5,J,J/L5/JW4010/SD153/Assorter cab
1:5-154,HFP-11,L5,J,J/L5/JW4010/SD154/Main cab
1:5-155,HFP-11,L5,J,J/L5/JW4010/SD155/Entry Psg
1:5-156,HTRI-R,L5,J,J/L5/JW4010/CM156/Entry Psg
1:5-157,HMS-S/D/M/SA,L5,J,J/L5/JW4010/MCP157/Entry Psg
1:5-158,HFP-11,L5,J,J/L5/JE4230/SD158/Account cab
1:5-159,HFP-11,L5,J,J/L5/JE4230/SD159/Main cab
1:5-160,HFP-11,L5,J,J/L5/JE4230/SD160/Cab 1
1:5-161,HFP-11,L5,J,J/L5/JE4230/SD161/Entry Psg
1:5-162,HTRI-R,L5,J,J/L5/JE4230/CM162/Entry Psg
1:5-163,HMS-S/D/M/SA,L5,J,J/L5/JE4230/MCP163/Entry Psg
1:5-164,HFP-11,L5,J,J/L5/JE4240/SD164/Main cab
1:5-165,HFP-11,L5,J,J/L5/JE4240/SD165/Main cab
1:5-166,HFP-11,L5,J,J/L5/JE4240/SD166/Staff cab
1:5-167,HFPT-11,L5,J,J/L5/JE4240/HD167/Pantry
1:5-168,HFP-11,L5,J,J/L5/JE4240/SD168/Entry Psg
1:5-169,HTRI-R,L5,J,J/L5/JE4240/CM169/Entry Psg
1:5-170,HMS-S/D/M/SA,L5,J,J/L5/JE4240/MCP170/Entry Psg
1:5-171,HFP-11,L5,J,J/L5/JE4280/SD171/Main cab
1:5-172,HFP-11,L5,J,J/L5/JE4280/SD172/Main cab
1:5-173,HFPT-11,L5,J,J/L5/JE4280/HD173/Pantry
1:5-174,HTRI-R,L5,J,J/L5/JE4280/CM174/Entry Psg
1:5-175,HMS-S/D/M/SA,L5,J,J/L5/JE4280/MCP175/Entry Psg
1:5-176,HFP-11,L5,J,J/L5/JE4210/SD176/Main cab
1:5-177,HFP-11,L5,J,J/L5/JE4210/SD177/Cab 1
1:5-178,HFP-11,L5,J,J/L5/JE4210/SD178/Psg nr cab1
1:5-179,HFP-11,L5,J,J/L5/JE4210/SD179/Pantry Psg
1:5-180,HTRI-R,L5,J,J/L5/JE4210/CM180/Entry Psg
1:5-181,HMS-S/D/M/SA,L5,J,J/L5/JE4210/MCP181/Entry Psg
1:5-188,HFP-11,L5,J,J/L5/JE4300/SD188/Main cab
1:5-189,HFP-11,L5,J,J/L5/JE4300/SD189/Psg nr Main ca
1:5-190,HFP-11,L5,J,J/L5/JE4300/SD190/Psg nr Main ca
1:5-191,HTRI-R,L5,J,J/L5/JE4300/CM191/Entry Psg
1:5-192,HMS-S/D/M/SA,L5,J,J/L5/JE4300/MCP192/Entry Psg
1:5-193,HFP-11,L5,J,J/L5/JE4310/SD193/Main cab
1:5-194,HFP-11,L5,J,J/L5/JE4310/SD194/Assorter cab
1:5-195,HFP-11,L5,J,J/L5/JE4310/SD195/Entry Psg
1:5-196,HTRI-R,L5,J,J/L5/JE4310/CM196/Entry Psg
1:5-196,HTRI-R,L5,J,J/L5/JE4310/CM196/Entry Psg
1:5-197,HMS-S/D/M/SA,L5,J,J/L5/JE4310/MCP197/Entry Psg
1:5-198,HFP-11,L5,J,J/L5/JE4290/SD198/Main Cabin
1:5-199,HFP-11,L5,J,J/L5/JE4290/SD199/Assortor Cabin
1:5-200,HFP-11,L5,J,J/L5/JE4290/SD200/Entry Psg.
1:5-201,HTRI-R,L5,J,J/L5/JE4290/CM201/Entry Psg. AFC
1:5-202,HMS-S/D/M/SA,L5,J,J/L5/JE4290/MCP202/Entry Psg.
1:5-203,HTRI-S,J,J,J/J/L5/4F/MM203/Psg. Nr. JW 4030
1:5-204,HTRI-S,L5,J,J/L5/4F/MM204/Psg. Nr. JE 4120
1:6-1,HTRI-R,L6,J,J/L6/7B/5F/CM1/DR RELESE  JE 501
1:6-2,HFP-11,L6,J,J/L6/7B/5F/SD2/CORR NR JE 5010
1:6-3,HFP-11,L6,J,J/L6/7B/5F/SD3/CORR NR JE5010 AF
1:6-4,HFP-11,L6,J,J/L6/7B/5F/SD4/CORR NR JE S/20
1:6-5,HFP-11,L6,J,J/L6/7B/5F/SD5/CORR NR JE 5040
1:6-6,HFP-11,L6,J,J/L6/7B/5F/SD6/CORR NR JE 5040 A
1:6-7,HFP-11,L6,J,J/L6/7B/5F/SD7/CORR NR JE5100
1:6-8,HMS-S/D/M/SA,L6,J,J/L6/7B/5F/MCP8/FIRE ESC STR NR 
1:6-9,HTRI-R,L6,J,J/L6/7B/5F/CM9/FIRE ESC STR NR J
1:6-11,HFP-11,L6,J,J/L6/7B/5F/SD11/CORR NR JE 7B5/S
1:6-12,HFP-11,L6,J,J/L6/7B/5F/SD12/CorrNrJE7B5/S14A
1:6-13,HFP-11,L6,J,J/L6/7B/5F/SD13/CORR NR JE 5130
1:6-14,HFP-11,L6,J,J/L6/7B/5F/SD14/CORR NR JE5130 A
1:6-15,HFP-11,L6,J,J/L6/7B/5F/SD15/CORR NR JE 5110
1:6-16,HTRI-R,L7,J,J/L7/7B/6F/CM16/AHU RM CM JW
1:6-17,HFP-11,L7,J,J/L7/7B/6F/SD17/AHU RM SD JW
1:6-18,HFP-11,L6,J,J/L6/7B/5F/SD18/CORR NR JW 5140
1:6-19,HFP-11,L6,J,J/L6/7B/5F/SD19/CORR NR JW 5140
1:6-20,HFP-11,L6,J,J/L6/7B/5F/SD20/CORR NR JW 5150
1:6-21,HTRI-R,L6,J,J/L6/7B/5F/CM21/FIRE SHAFT L.L.
1:6-22,HMS-S/D/M/SA,L6,J,J/L6/7B/5F/MCP22/FIRE SHAFT L.L.
1:6-23,HTRI-S,L6,J,J/L6/7B/5F/MM23/FIRE SHAFT L.L.
1:6-24,HTRI-R,L6,J,J/L6/7B/5F/CM24/DR RELESE  L.L.
1:6-25,HFP-11,L6,J,J/L6/7B/5F/SD25/LIFT LOBBY SD
1:6-26,HFP-11,L6,J,J/L6/7B/5F/SD26/ELECT RM SD
1:6-27,HTRI-R,L6,J,J/L6/7B/5F/CM27/DR RELESE  L.L.
1:6-27,HTRI-R,L6,J,J/L6/7B/5F/CM27/DR RELESE  L.L.
1:6-28,HFP-11,L6,J,J/L6/7B/5F/SD28/CORR NR JW5060 A
1:6-29,HFP-11,L6,J,J/L6/7B/5F/SD29/CORR NR JW 5060
1:6-30,HFP-11,L6,J,J/L6/7B/5F/SD30/CORR NR JW5020 A
1:6-31,HFP-11,L6,J,J/L6/7B/5F/SD31/CORR NR JW 5020
1:6-32,HFP-11,L6,J,J/L6/7B/5F/SD32/CORR NR 7B S02
1:6-33,HTRI-R,L6,J,J/L6/7B/5F/CM33/DR RELESE  7B S0
1:6-34,HTRI-R,L6,J,J/L6/7B/5F/CM34/DR RELESE  JE 51
1:6-35,HFP-11,L6,J,J/L6/7B/5F/SD35/CORR NR JE5170 A
1:6-36,HFP-11,L6,J,J/L6/7B/5F/SD36/CORR NR JE 5170
1:6-37,HFP-11,L6,J,J/L6/7B/5F/SD37/CORR NR JE 5200
1:6-38,HFP-11,L6,J,J/L6/7B/5F/SD38/CORR NR JE5200 A
1:6-39,HFP-11,L6,J,J/L6/7B/6F/SD39/AHU RM SD JW
1:6-40,HTRI-R,L6,J,J/L6/7B/6F/CM40/AHU RM CM JW
1:6-41,HFP-11,L6,J,J/L6/7B/5F/SD41/CORR NR JE 5220
1:6-42,HMS-S/D/M/SA,L6,J,J/L6/7B/5F/MCP42/FIRE ESC STR NR
1:6-43,HTRI-R,L6,J,J/L6/7B/5F/CM43/FIRE ESC STR NR 
1:6-44,HTRI-S,L6,J,J/L6/7B/5F/MM44/FIRE ESC STR NR 
1:6-45,HFP-11,L6,J,J/L6/7B/5F/SD45/CORR NR JE 5230
1:6-46,HFP-11,L6,J,J/L6/7B/5F/SD46/CORR NR JE5230 A
1:6-47,HFP-11,L6,J,J/L6/7B/5F/SD47/CORR NR JE 5240
1:6-48,HFP-11,L6,J,J/L6/7B/5F/SD48/CORR NR JE 5130
1:6-49,HFP-11,L6,J,J/L6/7B/5F/SD49/CORR NR JE5130 A
1:6-50,HTRI-R,L6,J,J/L6/7B/5F/CM50/DR RELESE  L.L.
1:6-51,HFP-11,L6,J,J/L6/JE5130/SD51/Assorter cab
1:6-52,HFP-11,L6,J,J/L6/JE5130/SD52/Main cab
1:6-53,HFPT-11,L6,J,J/L6/JE5130/HD53/Pantry
1:6-54,HFP-11,L6,J,J/L6/JE5130/SD54/Psg nr Entry
1:6-55,HTRI-R,L6,J,J/L6/JE5130/CM55/Psg nr Entry
1:6-56,HMS-S/D/M/SA,L6,J,J/L6/JE5130/MCP56/Psg nr Entry
1:6-57,HFP-11,L6,J,J/L6/JE5130/SD57/Accounts cab
1:6-58,HFP-11,L6,J,J/L6/7B/5F/SD58/ELECT RM SD
1:6-59,HFP-11,L6,J,J/L6/7B/5F/SD59/LIFT LOBBY SD
1:6-60,HTRI-S,L6,J,J/L6/JE/5F/MM60/Psg nr JE5020
1:6-61,HTRI-S,L6,J,J/L6/JE/5F/MM61/Psg nr JE5120
1:6-62,HTRI-S,L6,J,J/L6/JE/5F/MM62/Psg nr JE5100
1:6-63,HTRI-S,L6,J,J/L6/JW/5F/MM63/Psg nr JW5120
1:6-64,HTRI-S,L6,J,J/L6/JW/5F/MM64/Psg nr JW5110
1:6-65,HTRI-S,L6,J,J/L6/JW/5F/MM65/Psg nr JW5140
1:6-66,HTRI-S,L6,J,J/L6/JW/5F/MM66/Psg nr JW5150
1:6-67,HTRI-S,L6,J,J/L6/JW/5F/MM67/Psg nr JW5060
1:6-68,HTRI-S,L6,J,J/L6/JW/5F/MM68/Psg nr JW5010
1:6-69,HTRI-S,L6,J,J/L6/JE/5F/MM69/Psg nr JE5170
1:6-70,HTRI-S,L6,J,J/L6/JE/5F/MM70/Psg nr JE5200
1:6-71,HTRI-S,L6,J,J/L6/JE/5F/MM71/Psg nr JE5220
1:6-72,HTRI-S,L6,J,J/L6/JE/5F/MM72/Psg nr JE5230
1:6-73,HTRI-S,L6,J,J/L6/JE/5F/MM73/Psg nr JE5240
1:6-74,HTRI-S,L6,J,J/L6/JE/5F/MM74/Psg nr JE5150
1:6-75,HFP-11,L6,J,J/L6/JE5010/SD75/Main cab
1:6-76,HFP-11,L6,J,J/L6/JE5010/SD76/Assorter cab1
1:6-77,HFP-11,L6,J,J/L6/JE5010/SD77/Assorter cab2
1:6-78,HFP-11,L6,J,J/L6/JE5010/SD78/Pantry
1:6-79,HFP-11,L6,J,J/L6/JE5010/SD79/Psg nr Pantry
1:6-80,HTRI-R,L6,J,J/L6/JE5010/CM80/Psg nr Entry
1:6-81,HMS-S/D/M/SA,L6,J,J/L6/JE5010/MCP81/Psg nr Entry
1:6-82,HFP-11,L6,J,J/L6/JE5030/SD82/Assorter cab
1:6-83,HFP-11,L6,J,J/L6/JE5030/SD83/Main cab
1:6-84,HFPT-11,L6,J,J/L6/JE5030/HD84/Pantry
1:6-85,HFP-11,L6,J,J/L6/JE5030/SD85/Psg nr MC
1:6-86,HFP-11,L6,J,J/L6/JE5030/SD86/Entry Psg
1:6-87,HTRI-R,L6,J,J/L6/JE5030/CM87/Entry Psg
1:6-88,HMS-S/D/M/SA,L6,J,J/L6/JE5030/MCP88/Entry Psg
1:6-89,HFP-11,L6,J,J/L6/JE5050/SD89/Assorter cab
1:6-90,HFP-11,L6,J,J/L6/JE5050/SD90/Main cab
1:6-91,HFP-11,L6,J,J/L6/JE5050/SD91/Accounts cab
1:6-92,HFP-11,L6,J,J/L6/JE5050/SD92/Pantry
1:6-93,HFP-11,L6,J,J/L6/JE5050/SD93/Entry Psg
1:6-94,HTRI-R,L6,J,J/L6/JE5050/CM94/Entry Psg
1:6-95,HMS-S/D/M/SA,L6,J,J/L6/JE5050/MCP95/Entry Psg
1:6-96,HFP-11,L6,J,J/L6/JE5060/SD96/Cab 1
1:6-97,HFP-11,L6,J,J/L6/JE5060/SD97/Cab 2
1:6-98,HFP-11,L6,J,J/L6/JE5060/SD98/Cab 3
1:6-99,HFP-11,L6,J,J/L6/JE5060/SD99/Entry Psg
1:6-100,HFPT-11,L6,J,J/L6/JE5060/HD100/Pantry
1:6-101,HTRI-R,L6,J,J/L6/JE5060/CM101/Entry Psg
1:6-102,HMS-S/D/M/SA,L6,J,J/L6/JE5060/MCP102/Entry Psg
1:6-103,HFP-11,L6,J,J/L6/JW5020/SD103/Assorter Cab 1
1:6-104,HFP-11,L6,J,J/L6/JW5020/SD104/Assorter Cab 2
1:6-105,HFP-11,L6,J,J/L6/JW5020/SD105/Assorter Cab 2
1:6-106,HFP-11,L6,J,J/L6/JW5020/SD106/Entry Psg
1:6-107,HTRI-R,L6,J,J/L6/JW5020/CM107/Entry Psg
1:6-108,HMS-S/D/M/SA,L6,J,J/L6/JW5020/MCP108/Entry Psg
1:6-109,HFP-11,L6,J,J/L6/JW5130/SD109/Main cab
1:6-110,HFP-11,L6,J,J/L6/JW5130/SD110/Accounts Cab
1:6-111,HFP-11,L6,J,J/L6/JW5130/SD111/Pantry Psg
1:6-112,HTRI-R,L6,J,J/L6/JW5130/CM112/Entry Psg
1:6-113,HMS-S/D/M/SA,L6,J,J/L6/JW5130/MCP113/Entry Psg
1:6-114,HFP-11,L6,J,J/L6/JW5040/SD114/Main cab
1:6-115,HFP-11,L6,J,J/L6/JW5040/SD115/Cab 1
1:6-116,HFP-11,L6,J,J/L6/JW5040/SD116/Accounts cab
1:6-117,HFP-11,L6,J,J/L6/JW5040/SD117/Pantry Psg
1:6-118,HFP-11,L6,J,J/L6/JW5040/SD118/Entry Psg
1:6-119,HTRI-R,L6,J,J/L6/JW5040/CM119/Entry Psg
1:6-120,HMS-S/D/M/SA,L6,J,J/L6/JW5040/MCP120/Entry Psg
1:6-121,HFPT-11,L6,J,J/L6/JE5140/HD121/cab2
1:6-122,HFP-11,L6,J,J/L6/JE5140/SD122/Main cab
1:6-123,HTRI-R,L6,J,J/L6/JE5140/CM123/Entry Psg
1:6-124,HMS-S/D/M/SA,L6,J,J/L6/JE5140/MCP124/Entry Psg
1:6-125,HFP-11,L6,J,J/L6/JW5050/SD125/Main cab
1:6-126,HFP-11,L6,J,J/L6/JW5050/SD126/Assorter cab
1:6-127,HFP-11,L6,J,J/L6/JW5050/SD127/Psg nr Main ca
1:6-128,HTRI-R,L6,J,J/L6/JW5050/CM128/Entry Psg
1:6-129,HMS-S/D/M/SA,L6,J,J/L6/JW5050/MCP129/Entry Psg
1:6-130,HFP-11,L6,J,J/L6/JE5190/SD130/Main cab
1:6-131,HFP-11,L6,J,J/L6/JE5190/SD131/Pantry Psg
1:6-132,HTRI-R,L6,J,J/L6/JE5190/CM132/Entry Psg
1:6-133,HMS-S/D/M/SA,L6,J,J/L6/JE5190/MCP133/Entry Psg
1:6-134,HFP-11,L6,J,J/L6/JE5110/SD134/Main cab
1:6-135,HFP-11,L6,J,J/L6/JE5110/SD135/Assorter cab
1:6-136,HTRI-R,L6,J,J/L6/JE5110/CM136/Entry dr 
1:6-137,HMS-S/D/M/SA,L6,J,J/L6/JE5110/MCP137/Entry dr 
1:6-138,HFP-11,L6,J,J/L6/JW5030/SD138/Conference rm
1:6-139,HFP-11,L6,J,J/L6/JW5030/SD139/Accounts cab
1:6-140,HFP-11,L6,J,J/L6/JW5030/SD140/Entry Psg
1:6-141,HFP-11,L6,J,J/L6/JW5030/SD141/Cab1
1:6-142,HTRI-R,L6,J,J/L6/JW5030/CM142/Entry Psg
1:6-143,HMS-S/D/M/SA,L6,J,J/L6/JW5030/MCP143/Entry Psg
1:6-144,HFP-11,L6,J,J/L6/JE5070/SD144/Account cab
1:6-145,HFP-11,L6,J,J/L6/JE5070/SD145/Main cab
1:6-146,HFP-11,L6,J,J/L6/JE5070/SD146/Assortor Cabin
1:6-147,HFP-11,L6,J,J/L6/JE5070/SD147/Psg nr Pantry
1:6-148,HFP-11,L6,J,J/L6/JE5070/SD148/Pantry
1:6-149,HTRI-R,L6,J,J/L6/JE5070/CM149/Entry dr
1:6-150,HMS-S/D/M/SA,L6,J,J/L6/JE5070/MCP150/Entry dr
1:6-154,HFP-11,L6,J,J/L6/JE5110/SD154/Accounts cab
1:6-155,HFPT-11,L6,J,J/L6/JE5110/HD155/Pantry Psg
1:6-156,HFP-11,L6,J,J/L6/JW5070/SD156/Main cab 1
1:6-157,HFP-11,L6,J,J/L6/JW5070/SD157/Main cab 2
1:6-158,HFP-11,L6,J,J/L6/JW5070/SD158/Account cab
1:6-159,HFP-11,L6,J,J/L6/JW5070/SD159/Pantry
1:6-160,HFP-11,L6,J,J/L6/JW5070/SD160/Entry Psg
1:6-161,HTRI-R,L6,J,J/L6/JW5070/CM161/Entry Psg
1:6-162,HMS-S/D/M/SA,L6,J,J/L6/JW5070/MCP162/Entry Psg
1:6-163,HFP-11,L6,J,J/L6/JE5180/SD163/Accounts cab
1:6-164,HFP-11,L6,J,J/L6/JE5180/SD164/Main Cab
1:6-165,HFP-11,L6,J,J/L6/JE5180/SD165/Psg nr MC
1:6-166,HFP-11,L6,J,J/L6/JE5180/SD166/Main Cab2
1:6-167,HFPT-11,L6,J,J/L6/JE5180/HD167/Pantry
1:6-168,HTRI-R,L6,J,J/L6/JE5180/CM168/Entry Psg
1:6-169,HMS-S/D/M/SA,L6,J,J/L6/JE5180/MCP169/Entry Psg
1:7-1,HTRI-R,L7,J,J/L7/6F/CM1/DR RELESE CM
1:7-2,HFP-11,L7,J,J/L7/6F/SD2/CORR NR JE 6010
1:7-3,HFP-11,L7,J,J/L7/6F/SD3/CORR NR JE6010 AFC
1:7-4,HFP-11,L7,J,J/L7/6F/SD4/CORR NR JE 6030
1:7-5,HFP-11,L7,J,J/L7/6F/SD5/CORR NR JE 6050
1:7-6,HFP-11,L7,J,J/L7/6F/SD6/CORR NR JE6050 AFC
1:7-7,HFP-11,L7,J,J/L7/6F/SD7/CORR NR 7B S15
1:7-8,HFP-11,L7,J,J/L7/6F/SD8/CORR NR 7B S14
1:7-9,HFP-11,L7,J,J/L7/6F/SD9/CORR NR 7B S14 AFC
1:7-10,HMS-S/D/M/SA,L7,J,J/L7/6F/MCP10/FIRE ESC STR
1:7-11,HTRI-R,L7,J,J/L7/6F/CM11/FIRE ESC STR
1:7-12,HTRI-S,L7,J,J/L7/6F/MM12/FIRE ESC STR
1:7-13,HFP-11,L7,J,J/L7/6F/SD13/CORR NR JE 6080
1:7-14,HFP-11,L7,J,J/L7/6F/SD14/CORR NR 7B S11 AFC
1:7-15,HFP-11,L7,J,J/L7/6F/SD15/CORR NR 7B S10
1:7-16,HFP-11,L7,J,J/L7/6F/SD16/AHU RM SD JW
1:7-17,HTRI-R,L7,J,J/L7/6F/CM17/AHU RM CM JW
1:7-18,HFP-11,L7,J,J/L7/6F/SD18/CORR NR JE 6190
1:7-19,HFP-11,L7,J,J/L7/6F/SD19/CORR NR 7B S46 AFC
1:7-20,HFP-11,L7,J,J/L7/6F/SD20/CORR NR 7B S08
1:7-21,HFP-11,L7,J,J/L7/6F/SD21/CORR NR JW6110AFC
1:7-22,HTRI-R,L7,J,J/L7/6F/CM22/DR RELELSE CM
1:7-23,HMS-S/D/M/SA,L7,J,J/L7/6F/MCP23/FIRE SHAFT L.L.
1:7-24,HTRI-R,L7,J,J/L7/6F/CM24/FIRE SHAFT L.L.
1:7-25,HTRI-S,L7,J,J/L7/6F/MM25/FIRE SHAFT L.L.
1:7-26,HFP-11,L7,J,J/L7/6F/SD26/LIFT LOBBY SD
1:7-27,HFP-11,L7,J,J/L7/6F/SD27/ELECT RM SD JW
1:7-28,HFP-11,L7,J,J/L7/6F/SD28/CORR NR JW 6060
1:7-29,HFP-11,L7,J,J/L7/6F/SD29/CORR NR JW6010AFC
1:7-30,HFP-11,L7,J,J/L7/6F/SD30/CORR NR JW 6010
1:7-31,HTRI-R,L7,J,J/L7/6F/CM31/DR RELESE CM
1:7-32,HTRI-R,L7,J,J/L7/6F/CM32/DR RELESE CM
1:7-33,HFP-11,L7,J,J/L7/6F/SD33/CORR NR JE 6170
1:7-34,HFP-11,L7,J,J/L7/6F/SD34/CORR NR JE6170 AFC
1:7-35,HFP-11,L7,J,J/L7/6F/SD35/CORR NR 7B S25
1:7-36,HFP-11,L7,J,J/L7/6F/SD36/CORR NR 7B S25 AFC
1:7-37,HFP-11,L7,J,J/L7/6F/SD37/AHU RM SD JE
1:7-38,HTRI-R,L7,J,J/L7/6F/CM38/AHU RM CM JE
1:7-39,HFP-11,L7,J,J/L7/6F/SD39/CORR NR JE 6242
1:7-40,HMS-S/D/M/SA,L7,J,J/L7/6F/MCP40/FIRE ESC STR
1:7-41,HTRI-R,L7,J,J/L7/6F/CM41/FIRE ESC STR
1:7-42,HTRI-S,L7,J,J/L7/6F/MM42/FIRE ESC STR
1:7-43,HFP-11,L7,J,J/L7/6F/SD43/CORR NR JE 6252
1:7-44,HFP-11,L7,J,J/L7/6F/SD44/CORR NR JE6252 AFC
1:7-45,HFP-11,L7,J,J/L7/6F/SD45/CORR NR JE 6262
1:7-46,HFP-11,L7,J,J/L7/6F/SD46/CORR NR JE 6140
1:7-47,HFP-11,L7,J,J/L7/6F/SD47/CORR NR JE6140 AFC
1:7-48,HTRI-R,L7,J,J/L7/6F/CM48/ELECT RM SD
1:7-48,HTRI-R,L7,J,J/L7/6F/CM48/ELECT RM SD
1:7-49,HFP-11,L7,J,J/L7/6F/SD49/ELECT RM SD JE
1:7-50,HFP-11,L7,J,J/L7/6F/SD50/LIFT LOBBY SD
1:7-54,XTRI-S,L7,J,J/L7/JE/6F/MM54/Psg nr JE6100
1:7-55,HTRI-S,L7,J,J/L7/JE/6F/MM55/Psg nr JE6060
1:7-56,HTRI-S,L7,J,J/L7/JW/6F/MM56/Psg nr JW6160
1:7-57,HTRI-S,L7,J,J/L7/JW/6F/MM57/Psg nr JW6150
1:7-58,HTRI-S,L7,J,J/L7/JW/6F/MM58/Psg nr JW6140
1:7-59,HTRI-S,L7,J,J/L7/JW/6F/MM59/Psg nr JW6190
1:7-60,HTRI-S,L7,J,J/L7/JW/6F/MM60/Psg nr JW6130
1:7-61,HTRI-S,L7,J,J/L7/JW/6F/MM61/Psg nr JW6090
1:7-62,HTRI-S,L7,J,J/L7/JW/6F/MM62/Psg nr JW6080
1:7-63,HTRI-S,L7,J,J/L7/JW/6F/MM63/Psg nr JW6060
1:7-64,HTRI-S,L7,J,J/L7/JW/6F/MM64/Psg nr JW6050
1:7-65,HTRI-S,L7,J,J/L7/JW/6F/MM65/Psg nr JW6040
1:7-66,HTRI-S,L7,J,J/L7/JW/6F/MM66/Psg nr JW6030
1:7-67,HTRI-S,L7,J,J/L7/JW/6F/MM67/Psg nr JW6010
1:7-68,XTRI-S,L7,J,J/L7/JE/6F/MM68/Psg nr JE6210
1:7-69,XTRI-S,L7,J,J/L7/JE/6F/MM69/Psg nr JE6230
1:7-70,XTRI-S,L7,J,J/L7/JE/6F/MM70/Psg nr JE6241
1:7-71,XTRI-S,L7,J,J/L7/JE/6F/MM71/Psg nr JE6242
1:7-72,XTRI-S,L7,J,J/L7/JE/6F/MM72/Psg nr JE6140
1:7-74,HTRI-S,L7,J,J/L7/6F/MM74/Psg. Nr. JE 6120
1:7-75,HFP-11,L7,J,J/L7/JE6010/SD75/Main Cab 1
1:7-76,HFP-11,L7,J,J/L7/JE6010/SD76/Main Cab 2
1:7-77,HFP-11,L7,J,J/L7/JE6010/SD77/Assorter cab
1:7-78,HFP-11,L7,J,J/L7/JE6010/SD78/Entry Psg
1:7-79,HTRI-R,L7,J,J/L7/JE6010/CM79/Entry Psg
1:7-80,HMS-S/D/M/SA,L7,J,J/L7/JE6010/MCP80/Entry Psg
1:7-81,HFP-11,L7,J,J/L7/JE6030/SD81/Assorter cab
1:7-82,HFP-11,L7,J,J/L7/JE6030/SD82/Psg nr Main cab
1:7-83,HFPT-11,L7,J,J/L7/JE6030/HD83/Entry Psg
1:7-84,HFP-11,L7,J,J/L7/JE6030/SD84/Main cab
1:7-85,HTRI-R,L7,J,J/L7/JE6030/CM85/Entry Psg 
1:7-86,HMS-S/D/M/SA,L7,J,J/L7/JE6030/MCP86/Entry Psg 
1:7-87,HFP-11,L7,J,J/L7/JE6130/SD87/Cab 1
1:7-88,HFP-11,L7,J,J/L7/JE6130/SD88/Cab 2
1:7-89,HFP-11,L7,J,J/L7/JE6130/SD89/Cab 3
1:7-90,HFP-11,L7,J,J/L7/JE6130/SD90/Entry Psg
1:7-91,HTRI-R,L7,J,J/L7/JE6130/CM91/Entry Psg
1:7-92,HMS-S/D/M/SA,L7,J,J/L7/JE6130/MCP92/Entry Psg
1:7-93,HFP-11,L7,J,J/L7/JE6080/SD93/Cab 1
1:7-94,HFP-11,L7,J,J/L7/JE6080/SD94/Cab 2
1:7-95,HFP-11,L7,J,J/L7/JE6080/SD95/Assorter cab
1:7-96,HFP-11,L7,J,J/L7/JE6080/SD96/Pantry
1:7-97,HFP-11,L7,J,J/L7/JE6080/SD97/Psg nr Pantry
1:7-98,HMS-S/D/M/SA,L7,J,J/L7/JE6080/MCP98/Entry Psg
1:7-99,HTRI-R,L7,J,J/L7/JE6080/CM99/Entry Psg
1:7-100,HFP-11,L7,J,J/L7/JW6170/SD100/Cab 1
1:7-101,HFP-11,L7,J,J/L7/JW6170/SD101/Cab 2
1:7-102,HFP-11,L7,J,J/L7/JW6170/SD102/Cab 3
1:7-103,HFP-11,L7,J,J/L7/JW6170/SD103/Cab 4
1:7-104,HFP-11,L7,J,J/L7/JW6170/SD104/Entry Psg
1:7-105,HTRI-R,L7,J,J/L7/JW6170/CM105/Entry Psg
1:7-106,HMS-S/D/M/SA,L7,J,J/L7/JW6170/MCP106/Entry Psg
1:7-107,HFP-11,L7,J,J/L7/JW6120/SD107/Main cab
1:7-108,HFP-11,L7,J,J/L7/JW6120/SD108/Pantry Psg
1:7-109,HTRI-R,L7,J,J/L7/JW6120/CM109/Entry Psg
1:7-110,HMS-S/D/M/SA,L7,J,J/L7/JW6120/MCP110/Entry Psg
1:7-111,HFP-11,L7,J,J/L7/JW6100/SD111/Main cab
1:7-112,HFP-11,L7,J,J/L7/JW6100/SD112/Entry Psg
1:7-113,HTRI-R,L7,J,J/L7/JW6100/CM113/Entry Psg
1:7-114,HMS-S/D/M/SA,L7,J,J/L7/JW6100/MCP114/Entry Psg
1:7-115,HFP-11,L7,J,J/L7/JW6070/SD115/Cab 1
1:7-116,HFP-11,L7,J,J/L7/JW6070/SD116/Cab 2
1:7-117,HFP-11,L7,J,J/L7/JW6070/SD117/Psg nr Cab 2
1:7-118,HFP-11,L7,J,J/L7/JW6070/SD118/Pantry Psg
1:7-119,HTRI-R,L7,J,J/L7/JW6070/CM119/Entry Psg
1:7-120,HMS-S/D/M/SA,L7,J,J/L7/JW6070/MCP120/Entry Psg
1:7-121,HFP-11,L7,J,J/L7/JW6110/SD121/Main cab
1:7-122,FDOT421,L7,J,J/L7/JW6110/SD122/Cab nr Pantry
1:7-123,FDOT421,L7,J,J/L7/JW6110/SD123/Pantry
1:7-124,HTRI-R,L7,J,J/L7/JW6110/CM124/Entry Psg
1:7-125,HMS-S/D/M/SA,L7,J,J/L7/JW6110/MCP125/Entry Psg
1:7-126,HFP-11,L7,J,J/L7/JE6040/SD126/Entry Psg
1:7-127,HFP-11,L7,J,J/L7/JE6040/SD127/Accounts cab
1:7-128,HFP-11,L7,J,J/L7/JE6040/SD128/Assorter cab
1:7-129,HFP-11,L7,J,J/L7/JE6040/SD129/Main cab
1:7-130,HTRI-R,L7,J,J/L7/JE6040/CM130/Psg nr Entry
1:7-131,HMS-S/D/M/SA,L7,J,J/L7/JE6040/MCP131/Psg nr Entry
1:7-132,HFP-11,L7,J,J/L7/JE6160/SD132/Accounts cab
1:7-133,HFP-11,L7,J,J/L7/JE6160/SD133/Main cab
1:7-134,HFP-11,L7,J,J/L7/JE6160/SD134/Assorter cab
1:7-135,HFP-11,L7,J,J/L7/JE6160/SD135/Pantry
1:7-136,HTRI-R,L7,J,J/L7/JE6160/CM136/Psg nr Entry
1:7-137,HMS-S/D/M/SA,L7,J,J/L7/JE6160/MCP137/Psg nr Entry
1:7-138,HFP-11,L7,J,J/L7/JE6261/SD138/Main cab
1:7-139,HFP-11,L7,J,J/L7/JE6261/SD139/Entry Psg
1:7-140,HMS-S/D/M/SA,L7,J,J/L7/JE6261/MCP140/Entry Psg
1:7-141,HTRI-R,L7,J,J/L7/JE6261/CM141/Entry Psg
1:7-142,HFP-11,L7,J,J/L7/JE6170/SD142/Accounts cab
1:7-143,HFP-11,L7,J,J/L7/JE6170/SD143/Main cab
1:7-144,HFP-11,L7,J,J/L7/JE6170/SD144/Assorter cab
1:7-145,HFP-11,L7,J,J/L7/JE6170/SD145/Entry Psg
1:7-146,HTRI-R,L7,J,J/L7/JE6170/CM146/Entry dr Psg
1:7-147,HMS-S/D/M/SA,L7,J,J/L7/JE6170/MCP147/Entry dr Psg
1:7-148,HTRI-S,L7,J,J/L7/6F/MM148/Psg. Nr. JE 6190
1:7-149,HTRI-S,L7,J,J/L7/6F/MM149/Psg. Nr. JE 6252
1:7-151,HTRI-S,L7,J,J/L7/6F/MM151/Psg. Nr. JE 6270
1:7-152,HTRI-S,L7,J,J/L7/6F/MM152/Psg. Nr. JE 6280
1:7-153,HTRI-S,L7,J,J/L7/6F/MM153/Psg. Nr. JW 6020
1:7-155,HFP-11,L7,J,J/L7/JE6090/SD155/Main cab 1
1:7-156,HFP-11,L7,J,J/L7/JE6090/SD156/Main cab 2
1:7-157,HFP-11,L7,J,J/L7/JE6090/SD157/Pantry Psg
1:7-158,HTRI-R,L7,J,J/L7/JE6090/CM158/Entry Psg
1:7-159,HMS-S/D/M/SA,L7,J,J/L7/JE6090/MCP159/Entry Psg
1:7-160,HFP-11,L7,J,J/L7/JE6090/SD160/Entry Psg
1:7-161,HFP-11,L7,J,J/L7/JE6200/SD161/Main cab 
1:7-162,HFP-11,L7,J,J/L7/JE6200/SD162/Assorter cab
1:7-163,HFP-11,L7,J,J/L7/JE6200/SD163/Account cab
1:7-164,HFP-11,L7,J,J/L7/JE6200/SD164/Psg nr acc.cab
1:7-165,HFP-11,L7,J,J/L7/JE6200/SD165/Boss cab
1:7-166,HFPT-11,L7,J,J/L7/JE6200/HD166/Pantry
1:7-167,HTRI-R,L7,J,J/L7/JE6200/CM167/AFC Entry Psg
1:7-168,HMS-S/D/M/SA,L7,J,J/L7/JE6200/MCP168/Entry Psg
1:7-169,HFP-11,L7,J,J/L7/JE6180/SD169/Main cab 
1:7-170,HFPT-11,L7,J,J/L7/JE6180/HD170/Pantry entrysi
1:7-171,HTRI-R,L7,J,J/L7/JE6180/CM171/Entry dr psg
1:7-171,HTRI-R,L7,J,J/L7/JE6180/CM171/Entry dr psg
1:7-172,HMS-S/D/M/SA,L7,J,J/L7/JE6180/MCP172/Entry dr psg
1:7-173,HFPT-11,L7,J,J/L7/JW6110/HD173/Pantry
1:8-1,HTRI-R,L8,J,J/L8/7B/7F/CM1/DR RELESE CM
1:8-2,HFP-11,L8,J,J/L8/7B/7F/SD2/CORR NR JE 7010
1:8-3,HFP-11,L8,J,J/L8/7B/7F/SD3/CORR NR JE7010 AF
1:8-4,HFP-11,L8,J,J/L8/7B/7F/SD4/CORR NR JE 7120
1:8-5,HFP-11,L8,J,J/L8/7B/7F/SD5/CORR NR JE 7040
1:8-6,HFP-11,L8,J,J/L8/7B/7F/SD6/CORR NR JE7040 AF
1:8-7,HFP-11,L8,J,J/L8/7B/7F/SD7/CORR NR 7B S44
1:8-8,HMS-S/D/M/SA,L8,J,J/L8/7B/7F/MCP8/FIRE ESC STR
1:8-9,HTRI-R,L8,J,J/L8/7B/7F/CM9/FIRE ESC STR
1:8-10,HTRI-S,L8,J,J/L8/7B/7F/MM10/FIRE ESC STR
1:8-11,HFP-11,L8,J,J/L8/7B/7F/SD11/CORR NR 7B S14
1:8-12,HFP-11,L8,J,J/L8/7B/7F/SD12/CORR NR 7BS14 AF
1:8-13,HFP-11,L8,J,J/L8/7B/7F/SD13/CORR NR JE 7070
1:8-14,HFP-11,L8,J,J/L8/7B/7F/SD14/CORR NR AHU JW A
1:8-15,HFP-11,L8,J,J/L8/7B/7F/SD15/CORR NR AHU
1:8-16,HFP-11,L8,J,J/L8/7B/7F/SD16/AHU RM SD JW
1:8-17,HTRI-R,L8,J,J/L8/7B/7F/CM17/AHU RM CM JW
1:8-18,HFP-11,L8,J,J/L8/7B/7F/SD18/CorrNr7B/S46JWAF
1:8-19,HFP-11,L8,J,J/L8/7B/7F/SD19/CORR NR JW 7190
1:8-20,HFP-11,L8,J,J/L8/7B/7F/SD20/CORR NR JW7180 A
1:8-21,HTRI-R,L8,J,J/L8/7B/7F/CM21/DR RELESE CM JW
1:8-22,HMS-S/D/M/SA,L8,J,J/L8/7B/7F/MCP22/FIRE SHAFT L.L.
1:8-23,HTRI-R,L8,J,J/L8/7B/7F/CM23/FIRE SHAFT L.L. 
1:8-24,HTRI-S,L8,J,J/L8/7B/7F/MM24/FIRE SHAFT L.L.J
1:8-25,HFP-11,L8,J,J/L8/7B/7F/SD25/LIFT LOBBY SD JW
1:8-26,HFP-11,L8,J,J/L8/7B/7F/SD26/JW ELECT RM SD
1:8-27,HTRI-R,L8,J,J/L8/7B/7F/CM27/DR RELESE CM
1:8-28,HFP-11,L8,J,J/L8/7B/7F/SD28/CORR NR JW7140 A
1:8-29,HFP-11,L8,J,J/L8/7B/7F/SD29/CORR NR JW 7140
1:8-30,HFP-11,L8,J,J/L8/7B/7F/SD30/CORR NR JW 7B7/S
1:8-31,HFP-11,L8,J,J/L8/7B/7F/SD31/CORR NR JW 7020
1:8-32,HFP-11,L8,J,J/L8/7B/7F/SD32/CORR NR JW7040 A
1:8-33,HFP-11,L8,J,J/L8/7B/7F/SD33/CORR NR JW7030
1:8-34,HFP-11,L8,J,J/L8/7B/7F/SD34/CORR NR JW7040
1:8-35,HFP-11,L8,J,J/L8/7B/7F/SD35/CORR NR 7B S35 A
1:8-36,HFP-11,L8,J,J/L8/7B/7F/SD36/CORR NR 7B S27
1:8-37,HFP-11,L8,J,J/L8/7B/7F/SD37/CORR NR JE7170AF
1:8-38,HFP-11,L8,J,J/L8/7B/7F/SD38/CORR NR JE7170
1:8-39,HFP-11,L8,J,J/L8/7B/7F/SD39/AHU RM SD JE
1:8-40,HTRI-R,L8,J,J/L8/7B/7F/CM40/AHU RM CM JE
1:8-41,HFP-11,L8,J,J/L8/7B/7F/SD41/CORR NR WERVISE 
1:8-42,HMS-S/D/M/SA,L8,J,J/L8/7B/7F/MCP42/FIRE ESC STR
1:8-43,HTRI-R,L8,J,J/L8/7B/7F/CM43/FIRE ESC STR
1:8-44,HTRI-S,L8,J,J/L8/7B/7F/MM44/FIRE ESC STR
1:8-45,HFP-11,L8,J,J/L8/7B/7F/SD45/CORR NR JE 7190
1:8-46,HFP-11,L8,J,J/L8/7B/7F/SD46/CORR NR JE7190 A
1:8-47,HFP-11,L8,J,J/L8/7B/7F/SD47/CORR NR JE7140
1:8-48,HFP-11,L8,J,J/L8/7B/7F/SD48/CORR NR JE 7210
1:8-49,HFP-11,L8,J,J/L8/7B/7F/SD49/CORR NR JE7210 A
1:8-50,HTRI-R,L8,J,J/L8/7B/7F/CM50/DR RELESE CM
1:8-51,HFP-11,L8,J,J/L8/7B/7F/SD51/JE ELECT RM SD
1:8-52,HFP-11,L8,J,J/L8/7B/7F/SD52/LIFT LOBBY SD JE
1:8-54,HTRI-S,L8,J,J/L8/JE/7F/MM54/Psg nr JE7010
1:8-55,HTRI-S,L8,J,J/L8/JE/7F/MM55/Psg nr JE7120
1:8-56,HTRI-S,L8,J,J/L8/JE/7F/MM56/Psg nr JE7110
1:8-57,HTRI-S,L8,J,J/L8/JE/7F/MM57/Psg nr JE7040
1:8-58,HTRI-S,L8,J,J/L8/JE/7F/MM58/Psg nr JE7070
1:8-59,HTRI-S,L8,J,J/L8/JW/7F/MM59/Psg nr JW7220
1:8-60,HTRI-S,L8,J,J/L8/JW/7F/MM60/Psg nr JW7210
1:8-61,HTRI-S,L8,J,J/L8/JW/7F/MM61/Psg nr JW7180
1:8-62,HTRI-S,L8,J,J/L8/JW/7F/MM62/Psg nr JW7160
1:8-63,HTRI-S,L8,J,J/L8/JW/7F/MM63/Psg nr JW7140
1:8-64,HTRI-S,L8,J,J/L8/JW/7F/MM64/Psg nr JW7130
1:8-65,HTRI-S,L8,J,J/L8/JW/7F/MM65/Psg nr JW7020
1:8-66,HTRI-S,L8,J,J/L8/JW/7F/MM66/Psg nr JW7100
1:8-67,HTRI-S,L8,J,J/L8/JW/7F/MM67/Psg nr JW7090
1:8-68,HTRI-S,L8,J,J/L8/JW/7F/MM68/Psg nr JW7040
1:8-69,HTRI-S,L8,J,J/L8/JW/7F/MM69/Psg nr JW7080
1:8-70,HTRI-S,L8,J,J/L8/JW/7F/MM70/Psg nr JW7060
1:8-71,HTRI-S,L8,J,J/L8/JW/7F/MM71/Psg nr JE7190
1:8-73,HTRI-S,L8,J,J/L8/JW/7F/MM73/Psg nr JW7190
1:8-75,HFP-11,L8,J,J/L8/JE7020/SD75/Assorter cab
1:8-76,HFP-11,L8,J,J/L8/JE7020/SD76/Main cab
1:8-77,HFP-11,L8,J,J/L8/JE7020/SD77/Main cab
1:8-78,HFP-11,L8,J,J/L8/JE7020/SD78/Entry Psg
1:8-79,HFPT-11,L8,J,J/L8/JE7020/HD79/Pantry
1:8-80,HTRI-R,L8,J,J/L8/JE7020/CM80/Entry Psg
1:8-80,HTRI-R,L8,J,J/L8/JE7020/CM80/Entry Psg
1:8-81,HMS-S/D/M/SA,L8,J,J/L8/JE7020/MCP81/Entry Psg
1:8-82,HFP-11,L8,J,J/L8/JE7030/SD82/Account cab
1:8-83,HFP-11,L8,J,J/L8/JE7030/SD83/Pantry
1:8-84,HFP-11,L8,J,J/L8/JE7030/SD84/Main cab
1:8-85,HFP-11,L8,J,J/L8/JE7030/SD85/Main cab
1:8-86,HTRI-R,L8,J,J/L8/JE7030/CM86/Entry Psg
1:8-87,HMS-S/D/M/SA,L8,J,J/L8/JE7030/MCP87/Entry Psg
1:8-88,HFP-11,L8,J,J/L8/JE7030/SD88/AFC Main cab
1:8-89,HFP-11,L8,J,J/L8/JE7050/SD89/Pantry psg
1:8-90,HFP-11,L8,J,J/L8/JE7050/SD90/Main cab
1:8-91,HFP-11,L8,J,J/L8/JE7050/SD91/Account cab
1:8-92,HTRI-R,L8,J,J/L8/JE7050/CM92/Entry psg
1:8-93,HMS-S/D/M/SA,L8,J,J/L8/JE7050/MCP93/Entry psg
1:8-94,HFP-11,L8,J,J/L8/JE7060/SD94/Assorter cab
1:8-95,HFP-11,L8,J,J/L8/JE7060/SD95/Main cab
1:8-96,HFP-11,L8,J,J/L8/JE7060/SD96/Account cab
1:8-97,HFP-11,L8,J,J/L8/JE7060/SD97/Pantry
1:8-98,HTRI-R,L8,J,J/L8/JE7060/CM98/Entry door
1:8-99,HMS-S/D/M/SA,L8,J,J/L8/JE7060/MCP99/Entry door
1:8-100,HFP-11,L8,J,J/L8/JE7090/SD100/Main cab
1:8-101,HFP-11,L8,J,J/L8/JE7090/SD101/Cab 1
1:8-102,HFP-11,L8,J,J/L8/JE7090/SD102/Cab 2
1:8-103,HFP-11,L8,J,J/L8/JE7090/SD103/Cab 3
1:8-104,HFP-11,L8,J,J/L8/JE7090/SD104/Cab 4
1:8-105,HFP-11,L8,J,J/L8/JE7090/SD105/Pantry
1:8-106,HFP-11,L8,J,J/L8/JE7090/SD106/Entry Psg
1:8-107,HTRI-R,L8,J,J/L8/JE7090/CM107/Entry Psg
1:8-108,HMS-S/D/M/SA,L8,J,J/L8/JE7090/MCP108/Entry Psg
1:8-109,HFP-11,L8,J,J/L8/JW7200/SD109/Assorter cab
1:8-110,HFP-11,L8,J,J/L8/JW7200/SD110/Main cab
1:8-111,HFP-11,L8,J,J/L8/JW7200/SD111/Account cab
1:8-112,HFP-11,L8,J,J/L8/JW7200/SD112/Pantry Psg
1:8-113,HTRI-R,L8,J,J/L8/JW7200/CM113/Entry Psg
1:8-114,HMS-S/D/M/SA,L8,J,J/L8/JW7200/MCP114/Entry Psg
1:8-115,HFP-11,L8,J,J/L8/JW7170/SD115/cab 1
1:8-116,HFP-11,L8,J,J/L8/JW7170/SD116/cab 2
1:8-117,HFP-11,L8,J,J/L8/JW7170/SD117/cab 3
1:8-118,HFPT-11,L8,J,J/L8/JW7170/HD118/Account cab
1:8-119,HTRI-R,L8,J,J/L8/JW7170/CM119/Entry Psg
1:8-119,HTRI-R,L8,J,J/L8/JW7170/CM119/Entry Psg
1:8-120,HMS-S/D/M/SA,L8,J,J/L8/JW7170/MCP120/Entry Psg
1:8-121,HFP-11,L8,J,J/L8/JE7170/SD121/Main cab
1:8-122,HFP-11,L8,J,J/L8/JE7170/SD122/Cab 1
1:8-123,HFP-11,L8,J,J/L8/JE7170/SD123/Cab 2
1:8-124,HFP-11,L8,J,J/L8/JE7170/SD124/Cab 3
1:8-125,HFP-11,L8,J,J/L8/JE7170/SD125/Cab 4
1:8-126,HTRI-R,L8,J,J/L8/JE7170/CM126/Entry Psg 
1:8-127,HMS-S/D/M/SA,L8,J,J/L8/JE7170/MCP127/Entry Psg 
1:8-128,HFP-11,L8,J,J/L8/JE7180/SD128/Account cab
1:8-129,HFP-11,L8,J,J/L8/JE7180/SD129/Main cab
1:8-130,HFP-11,L8,J,J/L8/JE7180/SD130/Assorter cab
1:8-131,HFP-11,L8,J,J/L8/JE7180/SD131/Entry Psg
1:8-132,HTRI-R,L8,J,J/L8/JE7180/CM132/Entry Psg
1:8-133,HMS-S/D/M/SA,L8,J,J/L8/JE7180/MCP133/Entry Psg
1:8-134,HFP-11,L8,J,J/L8/JE7160/SD134/Main cab
1:8-135,HFP-11,L8,J,J/L8/JE7160/SD135/Account cab
1:8-136,HFP-11,L8,J,J/L8/JE7160/SD136/Pantry Psg
1:8-137,HTRI-R,L8,J,J/L8/JE7160/CM137/Psg nr Entry
1:8-138,HMS-S/D/M/SA,L8,J,J/L8/JE7160/MCP138/Psg nr Entry
1:8-139,HFP-11,L8,J,J/L8/JW7030/SD139/Cab 1
1:8-140,HFP-11,L8,J,J/L8/JW7030/SD140/Cab 2
1:8-141,HFP-11,L8,J,J/L8/JW7030/SD141/Main cab
1:8-142,HFP-11,L8,J,J/L8/JW7030/SD142/Entry Psg
1:8-143,HTRI-R,L8,J,J/L8/JW7030/CM143/Entry Psg
1:8-144,HMS-S/D/M/SA,L8,J,J/L8/JW7030/MCP144/Entry Psg
1:8-145,HFP-11,L8,J,J/L8/JE7130/SD145/Samarpan Jewel
1:8-146,HFP-11,L8,J,J/L8/JE7130/SD146/Sachin Jewels 
1:8-147,HFP-11,L8,J,J/L8/JE7130/SD147/Basant Jewels 
1:8-148,HFP-11,L8,J,J/L8/JE7130/SD148/Riya Jems
1:8-149,HFP-11,L8,J,J/L8/JE7130/SD149/Psg nr basant 
1:8-150,HFP-11,L8,J,J/L8/JE7130/SD150/Entry dr Psg
1:8-151,HTRI-R,L8,J,J/L8/JE7130/CM151/Entry dr Psg
1:8-152,HMS-S/D/M/SA,L8,J,J/L8/JE7130/MCP152/Entry dr Psg
1:8-153,HFP-11,L8,J,J/L8/JW7240/SD153/Main cab
1:8-154,HFP-11,L8,J,J/L8/JW7240/SD154/Main cab
1:8-155,HFP-11,L8,J,J/L8/JW7240/SD155/Assorter cab
1:8-156,HFP-11,L8,J,J/L8/JW7240/SD156/Assorter cab
1:8-157,HFP-11,L8,J,J/L8/JW7240/SD157/Pantry
1:8-158,HFP-11,L8,J,J/L8/JW7240/SD158/Reception Psg
1:8-159,HTRI-R,L8,J,J/L8/JW7240/CM159/Entry dr Psg
1:8-160,HMS-S/D/M/SA,L8,J,J/L8/JW7240/MCP160/Entry dr Psg
1:8-161,HTRI-S,L8,J,J/L8/7F/MM161/JW7110
1:8-162,HTRI-S,L8,J,J/L8/7F/MM162/JW7010
1:8-163,HTRI-S,L8,J,J/L8/7F/MM163/JE7210
1:8-166,HTRI-S,L8,J,J/L8/7F/MM166/JW7070
1:8-167,HFP-11,L8,J,J/L8/JE7050/SD167/Buyers cab
1:8-171,HFP-11,L8,J,J/L8/JE7150/SD171/Account Cabin
1:8-172,HFP-11,L8,J,J/L8/JE7150/SD172/Entry Psg.
1:8-173,HFP-11,L8,J,J/L8/JE7150/SD173/Assortor Cabin
1:8-174,HFP-11,L8,J,J/L8/JE7150/SD174/Main Cabin
1:8-175,HFP-11,L8,J,J/L8/JE7150/SD175/Assortor Cabin
1:8-176,HTRI-R,L8,J,J/L8/JE7150/CM176/Entry Psg. AFC
1:8-177,HMS-S/D/M/SA,L8,J,J/L8/JE7150/MCP177/Entry Psg.
1:8-178,HFPT-11,L8,J,J/L8/JW7030/HD178/PANTRY
1:8-180,HFP-11,L8,J,J/L8/JE7180/SD180/Entry Psg
1:8-181,HFPT-11,L8,J,J/L8/JE7180/SD181/Panty
1:9-1,HTRI-R,L9,J,J/L9/7B/8F/CM1/DR RELESE CM JE
1:9-2,HFP-11,L9,J,J/L9/7B/8F/SD2/CORR NR JE8010 AF
1:9-3,HFP-11,L9,J,J/L9/7B/8F/SD3/CORR NR JE 8010
1:9-4,HFP-11,L9,J,J/L9/7B/8F/SD4/CORR NR JE 8200
1:9-5,HFP-11,L9,J,J/L9/7B/8F/SD5/COR NR JE 8/S18 A
1:9-6,HFP-11,L9,J,J/L9/7B/8F/SD6/CORR NR JE 8170
1:9-7,HFP-11,L9,J,J/L9/7B/8F/SD7/CORR NR JE 8080
1:9-8,HTRI-R,L9,J,J/L9/7B/8F/CM8/FIRE ESC STR NR J
1:9-9,HFP-11,L9,J,J/L9/7B/8F/SD9/CORR NR 7B S14
1:9-10,HMS-S/D/M/SA,L9,J,J/L9/7B/8F/MCP10/FIRE SHAFT L.L.
1:9-11,HTRI-S,L9,J,J/L9/7B/8F/MM11/FIRE SHAFT L.L.J
1:9-12,HFP-11,L9,J,J/L9/7B/8F/SD12/CORR NR JE 8110A
1:9-13,HFP-11,L9,J,J/L9/7B/8F/SD13/CorNr JW7B8/S11A
1:9-14,HFP-11,L9,J,J/L9/7B/8F/SD14/CORR NR JW 7B8/S
1:9-15,HFP-11,L9,J,J/L9/7B/8F/SD15/CORR NR JW 8250
1:9-16,HFP-11,L9,J,J/L9/7B/8F/SD16/AHU RM SD JW
1:9-17,HTRI-R,L9,J,J/L9/7B/8F/CM17/AHU RM CM JW
1:9-18,HFP-11,L9,J,J/L9/7B/8F/SD18/CORR NR 7B S09 A
1:9-19,HFP-11,L9,J,J/L9/7B/8F/SD19/CORR NR 7B S09
1:9-20,HFP-11,L9,J,J/L9/7B/8F/SD20/CORR NR 7B S08
1:9-21,HTRI-R,L9,J,J/L9/7B/8F/CM21/DR RELESE CM 
1:9-21,HTRI-R,L9,J,J/L9/7B/8F/CM21/DR RELESE CM 
1:9-22,HMS-S/D/M/SA,L9,J,J/L9/7B/8F/MCP22/FIRE SHAFT L.L.
1:9-23,HTRI-R,L9,J,J/L9/7B/8F/CM23/FIRE SHAFT L.L.
1:9-24,HTRI-S,L9,J,J/L9/7B/8F/MM24/FIRE SHAFT L.L.J
1:9-25,HFP-11,L9,J,J/L9/7B/8F/SD25/LIFT LOBBY SD
1:9-26,HFP-11,L9,J,J/L9/7B/8F/SD26/JW ELECT RM SD
1:9-27,HTRI-R,L9,J,J/L9/7B/8F/CM27/DR RELESE CM
1:9-28,HFP-11,L9,J,J/L9/7B/8F/SD28/CORR NR DR JW AF
1:9-29,HFP-11,L9,J,J/L9/7B/8F/SD29/CORR NR DR JW
1:9-30,HFP-11,L9,J,J/L9/7B/8F/SD30/CORR NR JW 8150
1:9-31,HFP-11,L9,J,J/L9/7B/8F/SD31/CORR NR 7B/S49 A
1:9-32,HFP-11,L9,J,J/L9/7B/8F/SD32/CORR NR 7B/S49
1:9-33,HFP-11,L9,J,J/L9/7B/8F/SD33/CORR NR JW 8030
1:9-34,HFP-11,L9,J,J/L9/7B/8F/SD34/CORR NR 7B S27 A
1:9-35,HFP-11,L9,J,J/L9/7B/8F/SD35/CORR NR JE 8090
1:9-36,HFP-11,L9,J,J/L9/7B/8F/SD36/CORR NR 7B S27
1:9-37,HFP-11,L9,J,J/L9/7B/8F/SD37/CORR NR JE 8270
1:9-38,HFP-11,L9,J,J/L9/7B/8F/SD38/CORR NR JE 8270A
1:9-39,HFP-11,L9,J,J/L9/7B/8F/SD39/AHU RM SD JE
1:9-40,HTRI-R,L9,J,J/L9/7B/8F/CM40/AHU RM CM JE
1:9-41,HFP-11,L9,J,J/L9/7B/8F/SD41/CORR NR AHU JE
1:9-42,HMS-S/D/M/SA,L9,J,J/L9/7B/8F/MCP42/FIRE SHAFT L.L.
1:9-43,HTRI-R,L9,J,J/L9/7B/8F/CM43/FIRE SHAFT JE
1:9-44,HTRI-S,L9,J,J/L9/7B/8F/MM44/FIRE SHAFT JE
1:9-45,HFP-11,L9,J,J/L9/7B/8F/SD45/CORR NR JE 8320
1:9-46,HFP-11,L9,J,J/L9/7B/8F/SD46/CORR NR JE 8320A
1:9-47,HFP-11,L9,J,J/L9/7B/8F/SD47/CORR NR JE 8240/
1:9-48,HFP-11,L9,J,J/L9/7B/8F/SD48/CORR NR JE 8220
1:9-49,HFP-11,L9,J,J/L9/7B/8F/SD49/CORR NR JE8220 A
1:9-50,HTRI-R,L9,J,J/L9/7B/8F/CM50/DR RELESE CM JE
1:9-51,HFP-11,L9,J,J/L9/7B/8F/SD51/JE ELECT RM SD
1:9-52,HFP-11,L9,J,J/L9/7B/8F/SD52/JE LIFT LOBBY SD
1:9-53,HFP-11,L9,J,J/L9/JW/9F/SD53/Psg AFCnr9010/B1
1:9-54,HFP-11,L9,J,J/L9/JW/9F/SD54/Psg BFC nr9010/B
1:9-55,HFP-11,L9,J,J/L9/JW/9F/SD55/Psg AFC nr9010/B
1:9-56,HFP-11,L9,J,J/L9/JW/9F/SD56/PsgBFCnr9010B10-
1:9-57,HFP-11,L9,J,J/L9/JW/9F/SD57/PsgAFCnr9010B16-
1:9-58,HFP-11,L9,J,J/L9/JW/9F/SD58/Psg BFC nr 9010/
1:9-59,HMS-S/D/M/SA,L9,J,J/L9/JW/9F/MCP-59/Psg nr Fire st
1:9-60,HTRI-R,L9,J,J/L9/JW/9F/CM-60/Psg AFC nr Fire
1:9-61,HTRI-S,L9,J,J/L9/JW/9F/MM-61/Psg AFC nr Fire
1:9-62,HFP-11,L9,J,J/L9/JW/9F/SD62/Psg AFC nr 9010/
1:9-63,HFP-11,L9,J,J/L9/JW/9F/SD63/Psg BFC nr 9010/
1:9-64,HFP-11,L9,J,J/L9/JW/9F/SD64/Psg AFC nr 9010/
1:9-65,HFP-11,L9,J,J/L9/JW/9F/SD65/Psg BFC nr 9010/
1:9-66,HFP-11,L9,J,J/L9/JW/9F/SD66/Psg AFC nr 9010/
1:9-67,HFP-11,L9,J,J/L9/JW/9F/SD67/Psg BFC nr 9010/
1:9-68,HFP-11,L9,J,J/L9/JW/9F/SD68/Psg AFC nr 9010/
1:9-69,HFP-11,L9,J,J/L9/JW/9F/SD69/Psg BFC nr 9010/
1:9-70,HFP-11,L9,J,J/L9/JW/9F/SD70/Psg AFC nr 9010/
1:9-71,HFP-11,L9,J,J/L9/JW/9F/SD71/Psg BFC nr 9010/
1:9-72,HFP-11,L9,J,J/L9/JW/9F/SD72/Psg AFC nr 9010/
1:9-73,HTRI-S,L9,J,J/L9/9F/MM73/JW9010/B15
1:9-74,HFP-11,L9,J,J/L9/JE8080/SD74/Main Cab
1:9-75,HTRI-S,L9,J,J/L9/JE/8F/MM75/Psg nr JE8190
1:9-76,XTRI-S,L9,J,J/L9/JE/8F/MM76/Psg nr JE8040
1:9-77,XTRI-S,L9,J,J/L9/JE/8F/MM77/Psg nr JE8050
1:9-78,HTRI-S,L9,J,J/L9/JE/8F/MM78/Psg nr JE8090
1:9-79,HTRI-S,L9,J,J/L9/JE/8F/MM79/Psg nr JE8100
1:9-80,HTRI-S,L9,J,J/L9/JW/8F/MM80/Psg nr JW8280
1:9-81,HTRI-S,L9,J,J/L9/JW/8F/MM81/Psg nr JW8290
1:9-82,HTRI-S,L9,J,J/L9/JW/8F/MM82/Psg nr JW8170
1:9-83,HTRI-S,L9,J,J/L9/JW/8F/MM83/Psg nr JW8130
1:9-84,HTRI-S,L9,J,J/L9/JW/8F/MM84/Psg nr JW8020
1:9-85,HTRI-S,L9,J,J/L9/JW/8F/MM85/Psg nr JW8100
1:9-86,HTRI-S,L9,J,J/L9/JW/8F/MM86/Psg nr JW8030
1:9-87,HTRI-S,L9,J,J/L9/JW/8F/MM87/Psg nr JW8040
1:9-88,HTRI-S,L9,J,J/L9/JW/8F/MM88/Psg nr JW8060
1:9-89,HTRI-S,L9,J,J/L9/JE/8F/MM89/Psg nr JE8320
1:9-90,HTRI-S,L9,J,J/L9/JE/8F/MM90/Psg nr JE8330
1:9-91,HTRI-S,L9,J,J/L9/JE/8F/MM91/Psg nr JE8220
1:9-92,HTRI-S,L9,J,J/L9/8F/MM92/JE8310
1:9-93,XTRI-S,L9,J,J/L9/8F/MM93/JE8150
1:9-94,HFP-11,L9,J,J/L9/JE8130/SD94/Main cab
1:9-95,HFP-11,L9,J,J/L9/JE8130/SD95/Accounts cab
1:9-96,HFP-11,L9,J,J/L9/JE8130/SD96/Entry Psg
1:9-97,HMS-S/D/M/SA,L9,J,J/L9/JE8130/MCP97/Entry Psg
1:9-98,HTRI-R,L9,J,J/L9/JE8130/CM98/Entry Psg
1:9-99,HFP-11,L9,J,J/L9/JE8160/SD99/Main cab
1:9-100,HFP-11,L9,J,J/L9/JE8160/SD100/Entry Psg
1:9-101,HTRI-R,L9,J,J/L9/JE8160/CM101/Entry Psg
1:9-102,HMS-S/D/M/SA,L9,J,J/L9/JE8160/MCP102/Entry Psg
1:9-103,HFP-11,L9,J,J/L9/JE8080/SD103/Account Cab
1:9-104,HTRI-S,L9,J,J/L9/JE/9F/MM104/Psg nr JW9010B\
1:9-105,HTRI-S,L9,J,J/L9/JE/9F/MM105/Psg nr JW9010B\
1:9-106,HTRI-S,L9,J,J/L9/JE/9F/MM106/Psg nr JW9010B\
1:9-107,HTRI-S,L9,J,J/L9/JE/9F/MM107/Psg nr JW9010B\
1:9-108,HTRI-S,L9,J,J/L9/JE/9F/MM108/Psg nr JW9010B\
1:9-109,HFP-11,L9,J,J/L9/JE8170/SD109/Main cab
1:9-110,HFP-11,L9,J,J/L9/JE8170/SD110/Account cab
1:9-111,HFP-11,L9,J,J/L9/JE8170/SD111/Psg nr Pantry
1:9-112,HTRI-R,L9,J,J/L9/JE8170/CM112/Entry dr Psg
1:9-113,HMS-S/D/M/SA,L9,J,J/L9/JE8170/MCP113/Entry dr Psg
1:9-114,HFP-11,L9,J,J/L9/JE8120/SD114/Main cab
1:9-115,HFP-11,L9,J,J/L9/JE8120/SD115/Account cab
1:9-116,HFP-11,L9,J,J/L9/JE8120/SD116/Assorter cab
1:9-117,HFP-11,L9,J,J/L9/JE8120/SD117/Pantry
1:9-118,HTRI-R,L9,J,J/L9/JE8120/CM118/Entry dr Psg
1:9-119,HMS-S/D/M/SA,L9,J,J/L9/JE8120/MCP119/Entry dr Psg
1:9-120,HFP-11,L9,J,J/L9/JE8210/SD120/Main cab
1:9-121,HFP-11,L9,J,J/L9/JE8210/SD121/Entry dr Psg 
1:9-122,HTRI-R,L9,J,J/L9/JE8210/CM122/Entry dr Psg
1:9-123,HMS-S/D/M/SA,L9,J,J/L9/JE8210/MCP123/Entry dr Psg
1:9-124,HFP-11,L9,J,J/L9/JE8260/SD124/Main cab
1:9-125,HFP-11,L9,J,J/L9/JE8260/SD125/Assorter cab
1:9-126,HFP-11,L9,J,J/L9/JE8260/SD126/Entry Psg
1:9-127,HFP-11,L9,J,J/L9/JE8260/SD127/Entry Psg
1:9-128,HTRI-R,L9,J,J/L9/JE8260/CM128/Entry Psg
1:9-129,HMS-S/D/M/SA,L9,J,J/L9/JE8260/MCP129/Entry Psg
1:9-130,HFP-11,L9,J,J/L9/JE8280/SD130/Assorter cab
1:9-131,HFP-11,L9,J,J/L9/JE8280/SD131/Account cab
1:9-132,HFP-11,L9,J,J/L9/JE8280/SD132/Sales cab
1:9-133,HFP-11,L9,J,J/L9/JE8280/SD133/Psg nr Entry
1:9-134,HTRI-R,L9,J,J/L9/JE8280/CM134/Psg nr Entry
1:9-135,HMS-S/D/M/SA,L9,J,J/L9/JE8280/MCP135/Psg nr Entry
1:9-136,HFP-11,L9,J,J/L9/JW8080/SD136/Cab 1
1:9-137,HFP-11,L9,J,J/L9/JW8080/SD137/Cab 2
1:9-138,HFP-11,L9,J,J/L9/JW8080/SD138/Cab 3
1:9-139,HFP-11,L9,J,J/L9/JW8080/SD139/Pantry
1:9-140,HFP-11,L9,J,J/L9/JW8080/SD140/Entry Psg
1:9-141,HMS-S/D/M/SA,L9,J,J/L9/JW8080/MCP141/Entry Psg
1:9-142,HTRI-R,L9,J,J/L9/JW8080/CM142/Entry Psg
1:9-142,HTRI-R,L9,J,J/L9/JW8080/CM142/Entry Psg
1:9-143,HFP-11,L9,J,J/L9/JE8350/SD143/Main cab
1:9-144,HFP-11,L9,J,J/L9/JE8350/SD144/Entry Psg
1:9-145,HTRI-R,L9,J,J/L9/JE8350/CM145/Entry Psg
1:9-146,HMS-S/D/M/SA,L9,J,J/L9/JE8350/MCP146/Entry Psg
1:9-147,HFP-11,L9,J,J/L9/JW8110/SD147/Entry Psg
1:9-148,HFP-11,L9,J,J/L9/JW8110/SD148/Cab 1
1:9-149,HFP-11,L9,J,J/L9/JW8110/SD149/Cab 2
1:9-150,HFP-11,L9,J,J/L9/JW8110/SD150/Accouts cab
1:9-151,HTRI-R,L9,J,J/L9/JW8110/CM151/Entry Psg
1:9-152,HMS-S/D/M/SA,L9,J,J/L9/JW8110/MCP152/Entry Psg
1:9-153,HFP-11,L9,J,J/L9/JE8340/SD153/Main cab
1:9-154,HFP-11,L9,J,J/L9/JE8340/SD154/Accounts cab
1:9-155,HFP-11,L9,J,J/L9/JE8340/SD155/Entry Psg
1:9-156,HTRI-R,L9,J,J/L9/JE8340/CM156/Entry Psg
1:9-157,HMS-S/D/M/SA,L9,J,J/L9/JE8340/MCP157/Entry Psg
1:9-158,HFP-11,L9,J,J/L9/JW8120/SD158/Cab 1
1:9-159,HFP-11,L9,J,J/L9/JW8120/SD159/Cab 2
1:9-160,HFP-11,L9,J,J/L9/JW8120/SD160/Cab 3
1:9-161,HFP-11,L9,J,J/L9/JW8120/SD161/Pantry Psg
1:9-162,HTRI-R,L9,J,J/L9/JW8120/CM162/Entry Psg
1:9-163,HMS-S/D/M/SA,L9,J,J/L9/JW8120/MCP163/Entry Psg
1:9-164,HFP-11,L9,J,J/L9/JW8150/SD164/Main cab
1:9-165,HFP-11,L9,J,J/L9/JW8150/SD165/Account cab
1:9-166,HFP-11,L9,J,J/L9/JW8150/SD166/Entry Psg
1:9-167,HTRI-R,L9,J,J/L9/JW8150/CM167/Entry Psg
1:9-168,HMS-S/D/M/SA,L9,J,J/L9/JW8150/MCP168/Entry Psg
1:9-169,HFP-11,L9,J,J/L9/JW8160/SD169/Main cab
1:9-170,HFP-11,L9,J,J/L9/JW8160/SD170/Psg Main cab
1:9-171,HFP-11,L9,J,J/L9/JW8160/SD171/Assorter cab
1:9-172,HFP-11,L9,J,J/L9/JW8160/SD172/Pantry Psg
1:9-173,HTRI-R,L9,J,J/L9/JW8160/CM173/Entry Psg
1:9-174,HMS-S/D/M/SA,L9,J,J/L9/JW8160/MCP174/Entry Psg
1:9-175,HFP-11,L9,J,J/L9/JW8210/SD175/Main cab
1:9-176,HFP-11,L9,J,J/L9/JW8210/SD176/Assorter cab
1:9-177,HFP-11,L9,J,J/L9/JW8210/SD177/Entry Psg
1:9-178,HTRI-R,L9,J,J/L9/JW8210/CM178/Entry Psg
1:9-178,HTRI-R,L9,J,J/L9/JW8210/CM178/Entry Psg
1:9-179,HMS-S/D/M/SA,L9,J,J/L9/JW8210/MCP179/Entry Psg
1:9-180,HFP-11,L9,J,J/L9/JW8070/SD180/Main cab
1:9-181,HFP-11,L9,J,J/L9/JW8070/SD181/Pantry
1:9-182,HTRI-R,L9,J,J/L9/JW8070/CM182/Entry dr Psg
1:9-183,HMS-S/D/M/SA,L9,J,J/L9/JW8070/MCP183/Entry dr Psg
1:9-184,HTRI-S,L9,J,J/L9/JE/9F/MM184/PsgNr JW9010A-7
1:9-185,HTRI-S,L9,J,J/L9/JE/9F/MM185/Psg nr JW9010\A
1:9-186,HTRI-S,L9,J,J/L9/JE/9F/MM186/Psg nr JW9010\A
1:9-187,FDOT421,L9,J,J/L9/JE8080/SD187/Entry Psg
1:9-188,HTRI-S,L9,J,J/L9/9F/MM188/JW9010 A4
1:9-189,HTRI-S,L9,J,J/L9/9F/MM189/JW9010 A5
1:9-190,HTRI-S,L9,J,J/L9/9F/MM190/JW9010 A6
1:9-191,HTRI-S,L9,J,J/L9/9F/MM191/JW9010 A8
1:9-192,HTRI-S,L9,J,J/L9/9F/MM192/JW9010 B
1:9-193,HTRI-S,L9,J,J/L9/9F/MM193/JW9010 B5
1:9-194,HTRI-S,L9,J,J/L9/9F/MM194/JW9010 B6
1:9-195,HTRI-S,L9,J,J/L9/9F/MM195/JW9010 B8
1:9-196,HTRI-S,L9,J,J/L9/9F/MM196/JW9010 B9
1:9-197,HTRI-S,L9,J,J/L9/9F/MM197/JW9010 B13
1:9-198,HTRI-S,L9,J,J/L9/8F/MM198/JW8270
1:9-199,HFP-11,L9,J,J/L9/JW8230/SD199/Main Cab
1:9-200,HFP-11,L9,J,J/L9/JW8230/SD200/Account Cab
1:9-201,HTRI-S,L9,J,J/L9/9F/MM201/JW9010 A9
1:9-202,HFP-11,L9,J,J/L9/JE8180/SD202/MAIN CABIN
1:9-203,HFP-11,L9,J,J/L9/JE8180/SD203/ACCOUNT CABIN
1:9-204,HFP-11,L9,J,J/L9/JE8180/SD204/ENTRY PSG
1:9-205,HFP-11,L9,J,J/L9/JE8180/SD205/PANTRY
1:9-206,HTRI-R,L9,J,J/L9/JE8180/CM206/ENTRY PSG AFC
1:9-207,HMS-S/D/M/SA,L9,J,J/L9/JE8180/MCP207/ENTRY PSG
1:9-208,HFP-11,L9,J,J/L9/JW8230/SD208/Account Cab1
1:9-209,HTRI-S,L9,J,J/L9/9F/MM209/JW9010 B10-12
1:9-210,HFP-11,L9,J,J/L9/JW8230/SD210/Account Cab2
1:9-211,HTRI-S,L9,J,J/L9/8F/MM211/JE8010
1:9-212,HTRI-S,L9,J,J/L9/8F/MM212/JE8030
1:9-213,HTRI-S,L9,J,J/L9/8F/MM213/JE8060
1:9-214,HTRI-S,L9,J,J/L9/8F/MM214/JE8110
1:9-215,HTRI-S,L9,J,J/L9/8F/MM215/JE8140
1:9-216,HFPT-11,L9,J,J/L9/JW8230/SD216/Pantry
1:9-217,HTRI-S,L9,J,J/L9/8F/MM217/JE8200
1:9-218,HTRI-R,L9,J,J/L9/JW8230/MCP218/ENTRY PSG AFC
1:9-219,HMS-S/D/M/SA,L9,J,J/L9/JW8230/MCP219/PANTRY PSG
1:9-220,HTRI-S,L9,J,J/L9/8F/MM220/JE8270
1:9-221,HTRI-S,L9,J,J/L9/8F/MM221/JE8290
1:9-222,HTRI-S,L9,J,J/L9/8F/MM222/JE8300
1:9-223,XTRI-R,L9,J,J/L9/JE8080/CM223/Entry AFC
1:9-224,HTRI-S,L9,J,J/L9/8F/MM224/JW8090
1:9-225,HTRI-S,L9,J,J/L9/8F/MM225/JW8140
1:9-226,HTRI-S,L9,J,J/L9/8F/MM226/JW8010
1:9-227,HTRI-S,L9,J,J/L9/8F/MM227/JW8220
1:9-228,HTRI-S,L9,J,J/L9/8F/MM228/JW8260
1:9-230,HFP-11,L9,J,J/L9/JE8020/SD230/Main cab 1
1:9-231,HFP-11,L9,J,J/L9/JE8020/SD231/Main cab 2
1:9-232,HFP-11,L9,J,J/L9/JE8020/SD232/Entry Psg
1:9-233,HTRI-R,L9,J,J/L9/JE8020/CM233/AFC Pantry 
1:9-234,HMS-S/D/M/SA,L9,J,J/L9/JE8020/MCP234/Main Entry
1:9-235,HFP-11,L9,J,J/L9/JW8190/SD235/Main cab 1
1:9-236,HFP-11,L9,J,J/L9/JW8190/SD236/Main cab 2
1:9-237,HFP-11,L9,J,J/L9/JW8190/SD237/Assorter cab
1:9-238,HFP-11,L9,J,J/L9/JW8190/SD238/Entry Psg
1:9-239,HFP-11,L9,J,J/L9/JW8190/SD239/Pantry rm
1:9-240,HTRI-R,L9,J,J/L9/JW8190/CM240/AFC Entry Psg
1:9-241,HMS-S/D/M/SA,L9,J,J/L9/JW8190/MCP241/Entry Psg
1:9-242,HTRI-S,L9,J,J/L9/9F/MM242/JE9010A
1:9-243,HFP-11,L9,J,J/L9/JW8200/SD243/Assorter cab 
1:9-244,HFP-11,L9,J,J/L9/JW8200/SD244/Main cab 
1:9-245,HFP-11,L9,J,J/L9/JW8200/SD245/Entry Psg
1:9-246,HMS-S/D/M/SA,L9,J,J/L9/JW8200/MCP246/Entry Psg
1:9-247,HTRI-R,L9,J,J/L9/JW8200/CM247/Entry Psg
1:9-248,HFP-11,L9,J,J/L9/JW8070/SD248/Account Cabin
1:9-249,HFP-11,L9,J,J/L9/JW8070/SD249/Entry Psg.
1:9-250,HFP-11,L9,J,J/L9/JE8340/SD250/MAIN CABIN AFC
1:9-251,HFP-11,L9,J,J/L9/JE8340/SD251/MAIN CABIN AFC
1:9-252,HMS-S/D/M/SA,L9,J,J/L9/JE8080/MCP252/Nr Account ca
2:1-1,HFP-11,L1,DC1,DC1/L1/PR-SD-AFC-1
2:1-2,HFP-11,L1,DC1,DC1/L1/PR-SD-2
2:1-3,HTRI-R,L1,DC1,DC1/L1/PR-CM ACS-3
2:1-4,HFP-11,L1,DC1,DC1/L1/PR-CM ACS-3
2:1-5,HFP-11,L1,DC1,DC1/L1/OP-SD-5
2:1-6,HFP-11,L1,DC1,DC1/L1/OP-SD-AFC-6
2:1-7,HFP-11,L1,DC1,DC1/L1/OP-SD-AFC-7
2:1-8,HFP-11,L1,DC1,DC1/L1/OP-SD-AFC-8
2:1-9,HFP-11,L1,DC1,DC1/L1/ME-SD-AFC-9
2:1-10,HFP-11,L1,DC1,DC1/L1/ME-SD-10
2:1-11,HTRI-S,L2,DC1,DC1/L2/RECP-MM 
2:1-12,HTRI-R,L2,DC1,DC1/L2/RECP-CM HTR-12
2:1-13,HMS-S/D/M/SA,L1,DC1,DC1/L1/RECP-MCP-13
2:1-14,HFP-11,L1,DC1,DC1/L1/RECP-SD-14
2:1-15,HFP-11,L1,DC1,DC1/L1/RECP-SD-AFC-15
2:1-16,HFP-11,L1,DC1,DC1/L1/TP-SD-16
2:1-17,HFP-11,L1,DC1,DC1/L1/TP-SD-AFC-17
2:1-18,HFP-11,L1,DC1,DC1/L1/PNTY-SD-18
2:1-19,HFPT-11,L1,DC1,DC1/L1/PNTY-HD-19
2:1-20,HTRI-S,PNTY-MM LSA-20,DC1,DC1/PNTY-MM LSA-20
2:1-21,HFP-11,L2,DC1,DC1/L2/RR-SD-BFT-21
2:1-22,HFP-11,L1,DC1,DC1/L1/PNTY-SD-AFC-22
2:1-23,HMS-S/D/M/SA,L1,DC1,DC1/L1/NOC R-MCP-23
2:1-24,HTRI-R,L1,DC1,DC1/L1/NOC R-CM HTR-24
2:1-25,HFP-11,L1,DC1,DC1/L1/NOC R-SD-AFC-25
2:1-26,HFP-11,L1,DC1,DC1/L1/INOC R-SD-26
2:1-27,HFP-11,L1,DC1,DC1/L1/NOC R-SD-AFC-27
2:1-28,HFP-11,L1,DC1,DC1/L1/RRP-SD-AFC-28
2:1-29,HFP-11,L1,DC1,DC1/L1/IBMS R-SD-AFC-29
2:1-30,HFP-11,L1,DC1,DC1/L1/IBMS R-SD-30
2:1-31,HFP-11,L1,DC1,DC1/L1/RRP-SD-31
2:1-33,HTRI-R,L1,DC1,DC1/L1/ NOC R-CM ACS-33
2:1-34,HTRI-R,L1,DC1,DC1/L1/ IBMS R-CM ACS-34
2:1-35,HTRI-R,L1,DC1,DC1/L1/PNTY-CM ACS-35
2:1-35,HTRI-R,L1,DC1,DC1/L1/PNTY-CM ACS-35
2:1-36,HTRI-R,L1,DC1,DC1/L1/ME-CM ACS-36
2:1-37,HFP-11,L2,DC1,DC1/L2/COMCP-SD-37
2:1-38,HFP-11,L2,DC1,DC1/L2/COMCP-SD-38
2:1-39,HMS-S/D/M/SA,L2,DC1,DC1/L2/OER-MCP-39
2:1-40,HTRI-R,L2,DC1,DC1/L2/OER-CM-HTR-40
2:1-41,HFP-11,L2,DC1,DC1/L2/ELE-SD-41
2:1-42,HTRI-S,L2,DC1,DC1/L2/ELE-MM LSA-42
2:1-43,HTRI-R,L2,DC1,DC1/L2/ELE-CM HTR-43
2:1-44,HMS-S/D/M/SA,L2,DC1,DC1/L2/ELE-MCP-44
2:1-45,HMS-S/D/M/SA,L2,DC1,DC1/L2/RRE-MCP-45
2:1-46,HFP-11,L2,DC1,DC1/L2/RRE-SD-46
2:1-47,HFP-11,L2,DC1,DC1/L2/RRE-SD-AFC-47
2:1-48,HTRI-S,L2,DC1,DC1/L2/RRE-MM LSA-48
2:1-49,HTRI-R,L2,DC1,DC1/L2/RR-CM HTR-49
2:1-50,HFP-11,L2,DC1,DC1/L2/RR-SD-50
2:1-51,HFP-11,L2,DC1,DC1/L2/RR-SD-AFC-51
2:1-52,HMS-S/D/M/SA,L2,DC1,DC1/L2/RR-MCP-52
2:1-53,HTRI-R,L2,DC1,DC1/L2/RR-CM HTR-53
2:1-54,HFP-11,L2,DC1,DC1/L2/RR-SD-54
2:1-55,HFP-11,L2,DC1,DC1/L2/RR-SD-AFC-55
2:1-56,HFP-11,L2,DC1,DC1/L2/RR-SD-BFT-56
2:1-57,HFP-11,L1,DC1,DC1/L1/PNTY-SD-AFC-57
2:1-58,HFP-11,L2,DC1,DC1/L2/RR-SD-BFT-58
2:1-59,HFP-11,L2,DC1,DC1/L2/ELR-SD-BFT-59
2:1-60,HFP-11,L2,DC1,DC1/L2/ELR-SD-BFT-60
2:1-61,HFP-11,L2,DC1,DC1/L2/BTR-SD-BFT-61
2:1-62,HFP-11,L2,DC1,DC1/L2/OMR-SD-BFT-62
2:1-63,HFP-11,L2.MR-SD-BFT-63,DC1,DC1/L2.MR-SD-BFT-63
2:1-64,HMS-S/D/M/SA,L2,DC1,DC1/L2/MR-MCP-64
2:1-65,HFP-11,L2,DC1,DC1/L2/MR-SD-65
2:1-66,HFP-11,L2,DC1,DC1/L2/BTR-SD-66
2:1-67,HMS-S/D/M/SA,L2,DC1,DC1/L2/BTR-MCP-67
2:1-68,HTRI-R,L2,DC1,DC1/L2/O BTR-CM ASC-68
2:1-69,HFP-11,L2,DC1,DC1/L2/0 BTR-SD-AFC-69
2:1-70,HFP-11,L2,DC1,DC1/L2/ELR-SD-70
2:1-71,HFP-11,L2,DC1,DC1/L2/ELR-SD-71
2:1-72,HFP-11,L2,DC1,DC1/L2/AHU-SD-72
2:1-73,HFP-11,L2,DC1,DC1/L2/AHU-SD-73
2:1-74,HTRI-R,L2,DC1,DC1/L2/AHU-CM AHU1 TRIP-74
2:1-75,HTRI-R,L2,DC1,DC1/L2/AHU-CM AHU2 TRIP-75
2:1-76,HTRI-S,L2,DC1,DC1/L2/AHU-MM LSA-76
2:1-77,HMS-S/D/M/SA,L2,DC1,DC1/L2/AHU-MCP-77
2:1-78,HTRI-R,L2,DC1,DC1/L2/AHU-CM HTR-78
2:1-79,HFP-11,L2,DC1,DC1/L2/AHU-SD-79
2:1-80,HFP-11,L2,DC1,DC1/L2/AHU-SD-80
2:1-81,HTRI-R,L2,DC1,DC1/L2/AHU-CM HTR-81
2:1-82,HMS-S/D/M/SA,L2,DC1,DC1/L2/AHU-MCP-82
2:1-83,HTRI-R,L2,DC1,DC1/L2/AHU-CM AHU3 TRIP-83
2:1-84,HTRI-R,L2,DC1,DC1/L2/AHU-CM AHU4 TRIP-84
2:1-85,HTRI-S,L2,DC1,DC1/L2/AHU-MM LSA-85
2:1-86,HMS-S/D/M/SA,L2,DC1,DC1/L2/AHU-MCP-86
2:1-87,HTRI-R,L2,DC1,DC1/L2/OMR-CM HTR-87
2:1-88,HFP-11,L2,DC1,DC1/L2/OMR-SD-88
2:1-89,HFP-11,L2,DC1,DC1/L2/COMC-SD-89
2:1-90,HFP-11,L2,DC1,DC1/L2/COMC-SD-AFC-90
2:1-91,HTRI-S,L2,DC1,DC1/L2/BE-MM LSA-91
2:1-92,HFP-11,L2,DC1,DC1/L2/BE-SD-92
2:1-93,HMS-S/D/M/SA,L2,DC1,DC1/L2/COMC-MCP-93
2:1-94,HTRI-R,L2,DC1,DC1/L2/COMC-CM HTR-94
2:1-95,HFP-11,L2,DC1,DC1/L2/COMC-SD-AFC-95
2:1-96,HFP-11,L2,DC1,DC1/L2/COMC-SD-96
2:1-97,HFP-11,L2,DC1,DC1/L2/COMC-SD-AFC-97
2:1-98,HFP-11,L2,DC1,DC1/L2/COMC-SD-98
2:1-99,HFP-11,L2,DC1,DC1/L2/COMC-SD-AFC-99
2:1-100,HFP-11,L2,DC1,DC1/L2/COMC-SD-AFC-100
2:1-101,HFP-11,L2,DC1,DC1/L2/COMC-SD-101
2:1-102,HTRI-R,L2,DC1,DC1/L2/COMC-CM HTR-102
2:1-103,HFP-11,L2,DC1,DC1/L2/COMC-SD-AFC-103
2:1-104,HFP-11,L2,DC1,DC1/L2/COMC-SD-104
2:1-105,HMS-S/D/M/SA,L2,DC1,DC1/L2/COMC-MCP-105
2:1-106,HFP-11,L2,DC1,DC1/L2/COMC-SD-BFT-106
2:1-107,HFP-11,L2,DC1,DC1/L2/COMC-SD-BFT-107
2:1-108,HFP-11,L2,DC1,DC1/L2/COMC-SD-BFT-108
2:1-109,HFP-11,L2,DC1,DC1/L2/COMC-SD-BFT-109
2:1-110,HFP-11,L2,DC1,DC1/L2/COMC-SD-BFT-110
2:1-111,HFP-11,L2,DC1,DC1/L2/COMC-SD-BFT-111
2:1-112,HFP-11,L2,DC1,DC1/L2/COMC-SD-BFT-112
2:1-113,HFP-11,L2,DC1,DC1/L2/IBMS R-SD-BFT-113
2:1-114,HFP-11,L2,DC1,DC1/L2/INOC R-SD-BFT-114
2:1-115,HFP-11,L2,DC1,DC1/L2/RPB-SD-BFT-115
2:1-116,HFP-11,L2,DC1,DC1/L2/OBTR-SD-AFC-116
2:1-117,HFP-11,L2,DC1,DC1/L2/OBTR-SD-117
2:1-118,HTRI-R,L2,DC1,DC1/L2/PW-CM GSS CYL 1-118
2:1-119,HTRI-S,L2,DC1,DC1/L2/PW-MM  RACK RM VESDA-119
2:1-120,HTRI-S,L2,DC1,DC1/L2/PW-MM ELEC RM VESDA-120
2:1-121,HTRI-R,L2,DC1,DC1/L2/PW-CM GSS CLY 2-121
2:1-122,HTRI-S,L2,DC1,DC1/L2/PW-MM GSS CLY 2-122
2:1-123,HTRI-S,L2,DC1,DC1/L2/PW-MM GSS CLY 2-123
2:1-124,HTRI-R,L2,DC1,DC1/L2/PW-CM GSS CYL 1-124
2:1-125,HTRI-R,L2,DC1,DC1/L2/PW-CM GSS CYL 1-125
4:1-1,FDOT421,L1,B,B/L1/CC/1F/SD4/LIFT LOBBY
4:1-2,FDOT421,L1,B,B/L1/CC/1F/SD2/COR NR BC1010AFC
4:1-3,FDOT421,L1,B,B/L1/CC/1F/SD3/CORR BC-1010
4:1-4,FDOT421,L1,B,B/L1/CC/1F/SD4/LIFT LOBBY
4:1-5,FDOT421,L1,B,B/L1/CC/1F/SD5/LIFT LOBBY
4:1-6,HMS-S/D/M/SA,L1,B,B/L1/CC/1F/MCP6/LIFT LOBBY STR
4:1-7,HTRI-R,L1,B,B/L1/CC/1F/CM7/FIRE HYD SHAFT
4:1-8,HTRI-S,L1,B,B/L1/CC/1F/MM8/FIRE HYD SHAFT
4:1-9,HTRI-R,L1,B,B/L1/CC/1F/CM9/DOOR RELEASE UNIT
4:1-10,FDOT421,L1,B,B/L1/BC/1F/SD10/AFC Cor Nr AHURM
4:1-11,FDOT421,L1,B,B/L1/EC/1F/SD11/CORR Nr BE1100
4:1-12,FDOT421,L1,B,B/L1/EC/1F/SD12/CORR Nr BE 1110 
4:1-13,FDOT421,L1,B,B/L1/EC/1F/SD13/CorrNr BE1120AFC
4:1-14,FDOT421,L1,B,B/L1/EC/1F/SD14/CORR Nr BE1120
4:1-15,FDOT421,L1,B,B/L1/EC/1F/SD15/CORR NR BE1130
4:1-16,FDOT421,L1,B,B/L1/EC/1F/SD16/CorrNrElectRmAfc
4:1-17,FDOT421,L1,B,B/L1/EC/1F/SD17/ELECT RM
4:1-18,FDOT421,L1,B,B/L1/EC/1F/SD18/AHU RM
4:1-19,HTRI-R,L1,B,B/L1/EC/1F/CM19/AHU RM
4:1-20,HTRI-R,L1,B,B/L1/EC/1F/CM20/DOOR RELEASE UN
4:1-21,FDOT421,L1,B,B/L1/EC/1F/SD21/LIFT LOBBY
4:1-22,HMS-S/D/M/SA,L1,B,B/L1/EC/1F/MCP22/FIRE ESCAPE ST
4:1-23,HTRI-R,L1,B,B/L1/EC/1F/CM23/FIRE HYD SHAFT
4:1-24,HTRI-S,L1,B,B/L1/EC/1F/MM24/FIRE HYD SHAFT
4:1-27,HMS-S/D/M/SA,L1,B,B/L1/EC/GND/MCP27/LIFT LOBBY
4:1-28,HTRI-R,L1,B,B/L1/EC/GND/CM28/LIFT LOBBY
4:1-28,HTRI-R,L1,B,B/L1/EC/GND/CM28/LIFT LOBBY
4:1-29,HTRI-S,L1,B,B/L1/EC/GND/MM29/LIFT LOBBY
4:1-30,FDOT421,L1,B,B/L1/EC/GND/SD30/ELECT RM
4:1-31,FDOT421,L1,B,B/L1/EC/GND/SD31/LIFT LOBBY
4:1-32,FDOT421,L1,B,B/L1/EC/GND/SD32/LIFT LOBBY
4:1-33,HTRI-R,L1,B,B/L1/EC/GND/CM33/AHU RM
4:1-34,FDOT421,L1,B,B/L1/EC/GND/SD34/AHU RM
4:1-35,HMS-S/D/M/SA,L1,B,B/L1/CC/GND/MCP35/LIFT LOBBY
4:1-36,HTRI-R,L1,B,B/L1/CC/GND/CM36/LIFT LOBBY
4:1-37,HTRI-S,L1,B,B/L1/CC/GND/MM37/LIFT LOBBY
4:1-38,FDOT421,L1,B,B/L1/CC/GND/SD38/ELECT RM
4:1-39,FDOT421,L1,B,B/L1/CC/GND/SD39/LIFT LOBBY
4:1-40,FDOT421,L1,B,B/L1/CC/GND/SD40/LIFT LOBBY
4:1-41,HTRI-R,L1,B,B/L1/CC/GND/CM41/AHU RM
4:1-42,FDOT421,L1,B,B/L1/CC/GND/SD42/B DTC AHU RM
4:1-43,HMS-S/D/M/SA,L1,B,B/L1/WC/GND/MCP43/LIFT LOBBY
4:1-44,HTRI-R,L1,B,B/L1/WC/GND/CM44/LIFT LOBBY
4:1-45,HTRI-S,L1,B,B/L1/WC/GND/MM45/LIFT LOBBY
4:1-46,FDOT421,L1,B,B/L1/WC/GND/SD46/ELECTRIC RM
4:1-47,FDOT421,L1,B,B/L1/WC/GND/SD47/LIFT LOBBY
4:1-48,FDOT421,L1,B,B/L1/WC/GND/SD48/BW SECURITY Cab
4:1-49,FDOT421,L1,B,B/L1/WC/GND/SD49/LIFT LOBBY
4:1-50,FDOT421,L1,B,B/L1/WC/GND/SD50/LIFT LOBBY
4:1-51,FDOT421,L1,B,B/L1/WC/GND/SD51/LIFT LOBBY
4:1-52,HTRI-R,L1,B,B/L1/WC/GND/CM52/AHU RM
4:1-53,FDOT421,L1,B,B/L1/WC/GND/SD53/AHU RM
4:1-55,HTRI-R,L1,B,B/L1/CC/1F/CM55/AHU RM
4:1-56,FDOT421,L1,B,B/L1/CC/1F/SD56/AHU RM
4:1-75,HTRI-S,L1,B,B/L1/1F/MM75/BE1010
4:1-77,HTRI-S,L1,B,B/L1/1F/MM77/BE1130
4:1-78,HTRI-S,L1,B,B/L1/1F/MM78/BE1120
4:1-79,HTRI-S,L1,B,B/L1/1F/MM79/BE1110
4:1-81,HTRI-S,L1,B,B/L1/1F/MM81/BE1090
4:1-82,HTRI-S,L1,B,B/L1/1F/MM82/BE1080
4:1-83,HTRI-S,L1,B,B/L1/1F/MM83/BC1010
4:1-101,HTRI-S,L1,B,B/L1/CC/UB/MM101/ELEC ROOM
4:1-102,HTRI-S,L1,B,B/L1/WC/UB/MM102/ELEC ROOM
4:1-103,HTRI-R,L1,B,B/L1/WC/UB/CM103/STAIRCASE
4:1-103,HTRI-R,L1,B,B/L1/WC/UB/CM103/STAIRCASE
4:1-104,HMS-S/D/M/SA,L1,B,B/L1/WC/UB/MCP104/STAIRCASE
4:1-105,HTRI-R,L1,B,B/L1/WC/UB/CM105/STAIRCASE
4:1-106,HMS-S/D/M/SA,L1,B,B/L1/WC/UB/MCP106/STAIRCASE
4:1-107,HMS-S/D/M/SA,L1,B,B/L1/WC/UB/MCP107/RAMP NO. 2
4:1-108,HTRI-R,L1,B,B/L1/WC/UB/CM108/RAMP NO. 2
4:1-109,HTRI-R,L1,B,B/L1/CC/UB/CM109/COLUMN NO. 156
4:1-110,HTRI-R,L1,B,B/L1/CC/UB/CM110/COLUMN NO. 156
4:1-111,FDOT421,L1,B,B/L1/CC/UB/SD111/ELEC ROOM
4:1-114,FDOT421,L1,B,B/L1/WC/UB/SD114/FAN ROOM
4:1-115,FDOT421,L1,B,B/L1/CC/UB/SD115/O/S BMS ROOM
4:1-116,FDOT421,L1,B,B/L1/CC/UB/SD116/BMS ROOM
4:1-117,FDOT421,L1,B,B/L1/CC/UB/SD117/ELEC RM BW
4:1-118,FDOT421,L1,B,B/L1/EC/UB/SD118/ELEC ROOM
4:1-119,FDOT421,L1,B,B/L1/EC/UB/SD119/Legal Record rm
4:1-120,FDOT421,L1,B,B/L1/EC/UB/SD120/Legal Record rm
4:1-121,FDOT421,L1,B,B/L1/EC/UB/SD121/Electric Store 
4:1-122,HTRI-R,L1,B,B/L1/EC/UB/CM122/
4:1-123,HMS-S/D/M/SA,L1,B,B/L1/EC/UB/MCP123/NR BC ELE RM
4:1-124,HMS-S/D/M/SA,L1,B,B/L1/EC/UB/MCP124/NR BC ELE RM
4:1-125,HTRI-S,L1,B,B/L1/EC/UB/MM125/BE ELE RM
4:1-126,FDOT421,L1,B,B/L1/B-DTC/SD-126/Cabin1
4:1-127,FDOT421,L1,B,B/L1/B-DTC/SD-127/Cabin2
4:1-128,FDOT421,L1,B,B/L1/B-DTC/SD-128/Cabin3
4:1-129,FDOT421,L1,B,B/L1/B-DTC/SD-129/Cabin4
4:1-130,FDOT421,L1,B,B/L1/B-DTC/SD-130/Cabin5
4:1-131,FDOT421,L1,B,B/L1/B-DTC/SD-131/Cabin6
4:1-132,FDOT421,L1,B,B/L1/B-DTC/SD-132/Cabin7
4:1-133,FDOT421,L1,B,B/L1/B-DTC/SD-133/Cabin8
4:1-134,FDOT421,L1,B,B/L1/B-DTC/SD-134/Cabin9
4:1-135,FDOT421,L1,B,B/L1/B-DTC/SD-135/Cabin10
4:1-136,FDOT421,L1,B,B/L1/B-DTC/SD-136/Cabin11
4:1-137,FDOT421,L1,B,B/L1/B-DTC/SD-137/Cabin12
4:1-138,FDOT421,L1,B,B/L1/B-DTC/SD-138/Cabin13
4:1-139,FDOT421,L1,B,B/L1/B-DTC/SD-139/Cabin14
4:1-140,FDOT421,L1,B,B/L1/B-DTC/SD-140/Cabin15
4:1-141,FDOT421,L1,B,B/L1/B-DTC/SD-141/Cabin16
4:1-142,FDOT421,L1,B,B/L1/B-DTC/SD-142/Cabin17
4:1-143,FDOT421,L1,B,B/L1/B-DTC/SD-143/Cabin19
4:1-144,FDOT421,L1,B,B/L1/B-DTC/SD-144/Cabin19
4:1-145,FDOT421,L1,B,B/L1/B-DTC/SD-145/Cabin20
4:1-146,FDOT421,L1,B,B/L1/B-DTC/SD-146/Cabin21
4:1-147,FDOT421,L1,B,B/L1/B-DTC/SD-147/Cabin22
4:1-148,FDOT421,L1,B,B/L1/B-DTC/SD-148/Cabin23
4:1-149,FDOT421,L1,B,B/L1/B-DTC/SD-149/Cabin24
4:1-150,FDOT421,L1,B,B/L1/B-DTC/SD-150/Cabin25
4:1-151,FDOT421,L1,B,B/L1/B-DTC/SD-151/Cabin26
4:1-152,FDOT421,L1,B,B/L1/B-DTC/SD-152/Cabin27
4:1-153,FDOT421,L1,B,B/L1/B-DTC/SD-153/Cabin28
4:1-154,FDOT421,L1,B,B/L1/B-DTC/SD-154/Cabin29
4:1-155,FDOT421,L1,B,B/L1/B-DTC/SD-155/Security Recep
4:1-156,FDOT421,L1,B,B/L1/B-DTC/SD-156/Psg nr Cabin 1
4:1-157,FDOT421,L1,B,B/L1/B-DTC/SD-157/Psg nr cabin 5
4:1-158,FDOT421,L1,B,B/L1/B-DTC/SD-158/Psg nr Cabin 9
4:1-159,FDOT421,L1,B,B/L1/B-DTC/SD-159/Psg nr Cabin11
4:1-160,FDOT421,L1,B,B/L1/B-DTC/SD-160/Psg nr cabin14
4:1-161,FDOT421,L1,B,B/L1/B-DTC/SD-161/Psg nr cabin15
4:1-162,FDOT421,B-DTC,BL1,BL1/B-DTC/SD-162/Psg nr cabin16
4:1-163,FDOT421,L1,B,B/L1/B-DTC/SD-163/Psg nr cabin24
4:1-164,FDOT421,L1,B,B/L1/B-DTC/SD-164/Psg nr cabin21
4:1-165,FDOT421,L1,B,B/L1/B-DTC/SD-165/Psg nr cabin27
4:1-166,FDOT421,L1,B,B/L1/B-DTC/SD-166/Psg nr cabin29
4:1-167,FDOT421,L1,B,B/L1/B-DTC/SD-167/Psg nr Pantry
4:1-168,FDOT421,L1,B,B/L1/B-DTC/SD-168/AHU Room
4:1-170,HMS-S/D/M/SA,L1,B,B/L1/B-DTC/MCP-170/Psg NrCabin8 
4:1-171,HMS-S/D/M/SA,L1,B,B/L1/B-DTC/MCP-171/PsgNrCabin17 
4:1-172,HMS-S/D/M/SA,L1,B,B/L1/B-DTC/MCP-172/PsgNrCabin19
4:1-173,HMS-S/D/M/SA,L1,B,B/L1/B-DTC/MCP-173/PsgNrCabin24 
4:1-174,HMS-S/D/M/SA,L1,B,B/L1/B-DTC/MCP-174/Psg Nr Cabin 
4:1-175,HTRI-R,L1,B,B/L1/B-DTC/CM-175/Psg nr Cab 27
4:1-176,FDOT421,L1,B,B/L1/B-DTC/SD-176/Cabin 20
4:1-177,HTRI-R,L1,B,B/L1/B-DTC/CM-177/PsgNrCab19
4:1-178,HTRI-R,L1,B,B/L1/B-DTC/CM-178/PsgNrCab17
4:1-179,FDOT421,L1,B,B/L1/B-DTC/SD-179/AFC Psg Nr Cab
4:1-180,FDOT421,L1,B,B/L1/B-DTC/SD-180/AFC PsgNrCab29
4:1-181,FDOT421,L1,B,B/L1/B-DTC/SD-181/AFC PsgNrCab15
4:1-182,FDOT421,L1,B,B/L1/B-DTC/SD-182/AFC PsgNrCab14
4:1-185,FDOT421,L1,B,B/L1/B-DTC/SD-185/AFC PsgNrCab25
4:1-186,HTRI-R,L1,B,B/L1/B-DTC/CM-186/AFC PsgNrCab24
4:1-187,FDOT421,L1,B,B/L1/B-DTC/SD-187/AFC Psg WashRm
4:1-188,FDOT421,L1,B,B/L1/B-DTC/SD-188/AFC PsgNrCab13
4:1-189,FDOT421,L1,B,B/L1/B-DTC/SD-189/AFC PsgNrCab7
4:1-191,FDOT421,L1,B,B/L1/B-DTC/SD-191/AFC PsgNrCab9
4:1-192,FDOT421,L1,B,B/L1/B-DTC/SD-192/AFC PsgNrAHU R
4:1-193,FDOT421,L1,B,B/L1/B-DTC/SD-193/AFC PsgNrCab4
4:1-194,FDOT421,L1,B,B/L1/B-DTC/SD-194/AFC Reception 
4:1-195,FDOT421,L1,B,B/L1/B-DTC/SD-195/AFC Cab 1
4:1-196,FDOT421,L1,B,B/L1/B-DTC/SD-196/AFC Cab 2
4:1-197,FDOT421,L1,B,B/L1/B-DTC/SD-198/AFC Cab 4
4:1-198,FDOT421,L1,B,B/L1/B-DTC/SD-198/AFC Cab 4
4:1-199,FDOT421,L1,B,B/L1/B-DTC/SD-199/AFC Cab 5
4:1-200,FDOT421,L1,B,B/L1/B-DTC/SD-200/AFC Cab 6
4:1-201,FDOT421,L1,B,B/L1/B-DTC/SD-201/AFC Cab 7
4:1-202,FDOT421,L1,B,B/L1/B-DTC/SD-202/AFC Cab 8
4:1-203,FDOT421,L1,B,B/L1/B-DTC/SD-203/AFC Cab 9
4:1-204,FDOT421,L1,B,B/L1/B-DTC/SD-204/AFC Cab 10
4:1-205,FDOT421,L1,B,B/L1/B-DTC/SD-205/AFC Cab 11
4:1-206,FDOT421,L1,B,B/L1/B-DTC/SD-206/AFC Cab 12
4:1-207,FDOT421,L1,B,B/L1/B-DTC/SD-207/AFC Cab 13
4:1-208,FDOT421,L1,B,B/L1/B-DTC/SD-208/AFC Cab 14
4:1-209,FDOT421,L1,B,B/L1/B-DTC/SD-209/AFC Cab 15
4:1-210,FDOT421,L1,B,B/L1/B-DTC/SD-210/AFC Cab 16
4:1-211,FDOT421,L1,B,B/L1/B-DTC/SD-211/AFC Cab 17
4:1-212,FDOT421,L1,B,B/L1/B-DTC/SD-212/AFC Cab 18
4:1-213,FDOT421,L1,B,B/L1/B-DTC/SD-213/AFC Cab 19
4:1-215,FDOT421,L1,B,B/L1/B-DTC/SD-215/AFC Cab 21
4:1-216,FDOT421,L1,B,B/L1/B-DTC/SD-216/AFC Cab 22
4:1-217,FDOT421,L1,B,B/L1/B-DTC/SD-217/AFC Cab 23
4:1-218,FDOT421,L1,B,B/L1/B-DTC/SD-218/AFC Cab 24
4:1-219,FDOT421,L1,B,B/L1/EC/UB/SD119/Legal Record RM
4:1-220,FDOT421,L1,B,B/L1/EC/UB/SD120/Legal Record RM
4:1-221,FDOT421,L1,B,B/L1/EC/UB/SD121/Elect Store
4:1-222,HFP-11,L1,B,B/L1/BE1100/SD222/Cabin 1
4:1-223,HFP-11,L1,B,B/L1/BE1100/SD223/Cabin 2
4:1-224,HFP-11,L1,B,B/L1/BE1100/SD224/Cabin 3
4:1-225,HFP-11,L1,B,B/L1/BE1100/SD225/Cabin 4
4:1-226,HFP-11,L1,B,B/L1/BE1100/SD226/Psg near Cabin
4:1-227,HMS-S/D/M/SA,L1,B,B/L1/BE1100/MCP227/Entry Dr
4:1-228,HTRI-R,L1,B,B/L1/BE1100/CM228/Entry Dr
4:1-229,HFP-11,L1,B,B/L1/BE1140/SD229/Pantry
4:1-230,HFP-11,L1,B,B/L1/BE1140/SD230/Accounts cabin
4:1-231,HFP-11,L1,B,B/L1/BE1140/SD231/Buyer cabin
4:1-232,HFP-11,L1,B,B/L1/BE1140/SD232/Main cabin
4:1-233,HFP-11,L1,B,B/L1/BE1140/SD233/Psg near Main 
4:1-234,HMS-S/D/M/SA,L1,B,B/L1/BE1140/MCP234/Psg near Entr
4:1-235,HTRI-R,L1,B,B/L1/BE1140/CM235/Psg near Entry
4:1-236,FDOT421,L1,B,B/L1/B-DTC/SD-236/AFC Cab 28
4:1-237,FDOT421,L1,B,B/L1/B-DTC/SD-237/AFC Cab 29
4:2-1,FDOT421,L2,B,B/L2/WC/1F/SD1/CORR NR BW1110
4:2-2,FDOT421,L2,B,B/L2/WC/1F/SD2/CorrNr BW1110 AFC
4:2-3,FDOT421,L2,B,B/L2/WC/1F/SD3/CORR NR BW1070
4:2-4,FDOT421,L2,B,B/L2/WC/1F/SD4/CORR NR AHU RM
4:2-5,FDOT421,L2,B,B/L2/WC/1F/SD5/CorrNr AHU AFC
4:2-6,FDOT421,L2,B,B/L2/WC/1F/SD6/AHU ROOM SD
4:2-7,HTRI-R,L2,B,B/L2/WC/1F/CM7/AHU ROOM CM
4:2-8,FDOT421,L2,B,B/L2/WC/1F/SD8/CorrNr BW1/S18AFC
4:2-10,FDOT421,L2,B,B/L2/WC/1F/SD10/CORR NR BW 1160
4:2-11,FDOT421,L2,B,B/L2/WC/1F/SD11/CorrNrBW1/S19AFC
4:2-12,HTRI-R,L2,B,B/L2/WC/1F/CM12/DOOR RELESE CM N
4:2-13,FDOT421,L2,B,B/L2/WC/1F/SD13/LIFT LOBBY SD
4:2-14,FDOT421,L2,B,B/L2/WC/1F/SD14/LIFT LOBBY SD
4:2-15,FDOT421,L2,B,B/L2/WC/1F/SD15/ELECTRICAL ROOM 
4:2-16,FDOT421,L2,B,B/L2/WC/1F/SD16/AFC SD Nr BW1010
4:2-17,FDOT421,L2,B,B/L2/WC/1F/SD17/CORR NR BW1010
4:2-18,FDOT421,L2,B,B/L2/WC/1F/SD18/CORR NR BW 1020
4:2-19,FDOT421,L2,B,B/L2/WC/1F/SD19/CorrNr BW1030AFC
4:2-20,FDOT421,L2,B,B/L2/WC/1F/SD20/CORR NR BW 1040
4:2-21,HMS-S/D/M/SA,L2,B,B/L2/WC/1F/MCP21/StrCaseNrBW1040
4:2-22,HTRI-R,L2,B,B/L2/WC/1F/CM22/STR NR BW1040
4:2-23,FDOT421,L2,B,B/L2/WC/1F/SD23/AFC CorrNrBW1060
4:2-24,FDOT421,L2,B,B/L2/WC/1F/SD24/CORR NR BW 1050
4:2-25,FDOT421,L2,B,B/L2/WC/2F/SD25/ELECTRICAL ROOM 
4:2-26,FDOT421,L2,B,B/L2/WC/2F/SD26/CORR NR AW 2100
4:2-27,FDOT421,L2,B,B/L2/WC/2F/SD27/COR NR AW2100AFC
4:2-28,FDOT421,L2,B,B/L2/WC/2F/SD28/CORR NR AW 2070
4:2-29,FDOT421,L2,B,B/L2/WC/2F/SD29/CorrNr AW2120AFC
4:2-30,FDOT421,L2,B,B/L2/WC/2F/SD30/CORR NR AW 2120
4:2-31,FDOT421,L2,B,B/L2/WC/2F/SD31/CORR NR BW2/S09
4:2-32,FDOT421,L2,B,B/L2/WC/2F/SD32/LIFT LOBBY SD
4:2-33,FDOT421,L2,B,B/L2/WC/2F/SD33/LIFT LOBBY SD
4:2-34,FDOT421,L2,B,B/L2/WC/2F/SD34/CORR NR BW2251 A
4:2-35,FDOT421,L2,B,B/L2/WC/2F/SD35/CORR NR BW 2251
4:2-37,FDOT421,L2,B,B/L2/WC/2F/SD37/AFC CorrNrBW2230
4:2-38,FDOT421,L2,B,B/L2/WC/2F/SD38/CORR NR BW 2230
4:2-39,FDOT421,L2,B,B/L2/WC/2F/SD39/CORR NR BW 2010
4:2-40,FDOT421,L2,B,B/L2/WC/2F/SD40/CorrNr BW2200AFC
4:2-41,FDOT421,L2,B,B/L2/WC/2F/SD41/CORR NR BW 2200
4:2-42,FDOT421,L2,B,B/L2/WC/2F/SD42/CORR NR BW 2060
4:2-43,FDOT421,L2,B,B/L2/WC/2F/SD43/CorrNr BW2070AFC
4:2-44,FDOT421,L2,B,B/L2/WC/2F/SD44/CORR NR BW 2070
4:2-45,FDOT421,L2,B,B/L2/WC/2F/SD45/CORR NR BW 2080
4:2-46,FDOT421,L2,B,B/L2/WC/2F/SD46/AHU ROOM SD
4:2-47,HTRI-R,L2,B,B/L2/WC/2F/CM47/AHU ROOM CM
4:2-48,HMS-S/D/M/SA,L2,B,B/L2/WC/2F/MCP48/STR NR BW 2060
4:2-49,HTRI-R,L2,B,B/L2/WC/2F/CM49/STR NR BW 2060
4:2-50,HTRI-R,L2,B,B/L2/WC/2F/CM50/DOOR R CM NR AHU
4:2-51,HMS-S/D/M/SA,L2,B,B/L2/WC/2F/MCP51/FIRE SHAFT L.L.
4:2-52,HTRI-R,L2,B,B/L2/WC/2F/CM52/FIRE SHAFT L.L.
4:2-53,HTRI-S,L2,B,B/L2/WC/2F/MM53/FIRE SHAFT L.L.
4:2-54,HTRI-R,L2,B,B/L2/WC/2F/CM54/DOOR RELESE NR E
4:2-55,HTRI-R,L2,B,B/L2/WC/2F/CM55/STR NR AW 2023
4:2-56,HMS-S/D/M/SA,L2,B,B/L2/WC/2F/MCP56/STR NR AW 2023
4:2-57,HMS-S/D/M/SA,L2,B,B/L2/WC/1F/MCP57/FIRE SHAFT NR L
4:2-58,HTRI-R,L2,B,B/L2/WC/1F/CM58/FIRE SHAFT NR L.
4:2-59,HTRI-S,L2,B,B/L2/WC/1F/MM59/FIRE SHAFT NR L.
4:2-60,HFP-11,L2,B,B/L2/BW 2020/SD60/Account cab
4:2-61,HMS-S/D/M/SA,L2,B,B/L2/BW 2020/MCP61/Entry Door
4:2-64,HFP-11,L2,B,B/L2/BW2080/SD64/Cab 1
4:2-65,HFP-11,L2,B,B/L2/BW2080/SD65/Cab 1
4:2-66,HFP-11,L2,B,B/L2/BW2080/SD66/Cab 2
4:2-67,HFP-11,L2,B,B/L2/BW2080/SD67/Psg nr ent
4:2-68,HTRI-R,L2,B,B/L2/BW2080/CM68/Psg nr ent
4:2-69,HMS-S/D/M/SA,L2,B,B/L2/BW2080/MCP69/Psg nr ent
4:2-75,HTRI-S,L2,B,B/L2/1F/MM75/BW1100
4:2-77,HTRI-S,L2,B,B/L2/1F/MM77/BW1090
4:2-78,HTRI-S,L2,B,B/L2/1F/MM78/BW1121
4:2-80,HTRI-S,L2,B,B/L2/1F/MM80/BW1080
4:2-81,HTRI-S,L2,B,B/L2/1F/MM81/BW1070
4:2-82,HTRI-S,L2,B,B/L2/1F/MM82/BW1160
4:2-83,HTRI-S,L2,B,B/L2/1F/MM83/BW1130
4:2-84,HTRI-S,L2,B,B/L2/1F/MM84/BW1140
4:2-88,HTRI-S,L2,B,B/L2/1F/MM88/BW1060
4:2-90,HTRI-S,L2,B,B/L2/1F/MM90/BW1010
4:2-92,HTRI-S,L2,B,B/L2/1F/MM92/BW1030
4:2-94,HTRI-S,L2,B,B/L2/1F/MM94/BW1040
4:2-95,HTRI-S,L2,B,B/L2/2F/MM95/AW2140
4:2-96,HTRI-S,L2,B,B/L2/2F/MM96/AW2023
4:2-97,HTRI-S,L2,B,B/L2/2F/MM97/AW/2030
4:2-98,HTRI-S,L2,B,B/L2/2F/MM98/AW2130
4:2-99,HTRI-S,L2,B,B/L2/2F/MM99/AW2040
4:2-103,HTRI-S,L2,B,B/L2/2F/MM103/AW2112
4:2-104,HTRI-S,L2,B,B/L2/2F/MM104/AW2070
4:2-107,HTRI-S,L2,B,B/L2/2F/MM107/AW2111
4:2-108,HTRI-S,L2,B,B/L2/2F/MM108/AW2100
4:2-111,HTRI-S,L2,B,B/L2/2F/MM111/BW2230
4:2-112,HTRI-S,L2,B,B/L2/2F/MM112/BW2220
4:2-113,HTRI-S,L2,B,B/L2/2F/MM113/BW2010
4:2-115,HTRI-S,L2,B,B/L2/2F/MM115/BW2210
4:2-119,HTRI-S,L2,B,B/L2/2F/MM119/BW2050
4:2-121,HTRI-S,L2,B,B/L2/2F/MM121/BW2060
4:2-123,HTRI-S,L2,B,B/L2/2F/MM123/BW2180
4:2-124,HFP-11,L2,B,B/L2/AW2120/SD124/Main Cabin
4:2-125,HFP-11,L2,B,B/L2/AW2120/SD125/Accounts Depar
4:2-126,HFP-11,L2,B,B/L2/AW2120/SD126/Passage Area
4:2-127,HTRI-R,L2,B,B/L2/AW2120/CM127/Passage Area
4:2-128,HMS-S/D/M/SA,L2,B,B/L2/AW2120/MCP128/Entry Door
4:2-129,HFP-11,L2,B,B/L2/AW2060/SD129/Main Cabin
4:2-130,HFP-11,L2,B,B/L2/AW2060/SD130/Accounts Depar
4:2-131,HFP-11,L2,B,B/L2/AW2060/SD131/Store Room
4:2-132,HFP-11,L2,B,B/L2/AW2060/SD132/Passage Area
4:2-133,HFPT-11,L2,B,B/L2/AW2060/SD133/Pantry
4:2-134,HMS-S/D/M/SA,L2,B,B/L2/AW2060/MCP134/Entry Door
4:2-135,HTRI-R,L2,B,B/L2/AW2060/CM135/Entry Door
4:2-136,HFP-11,L2,B,B/L2/AW2090/SD136/Main Cabin
4:2-137,HFP-11,L2,B,B/L2/AW2090/SD137/Buyers Cabin
4:2-138,HFP-11,L2,B,B/L2/AW2090/SD138/Passage Area
4:2-139,HFP-11,L2,B,B/L2/AW2090/SD139/Pantry
4:2-140,HMS-S/D/M/SA,L2,B,B/L2/AW2090/MCP140/Entry Door
4:2-142,HFP-11,L2,B,B/L2/AW2080/SD142/Pantry Area
4:2-143,HFP-11,L2,B,B/L2/AW2080/SD143/Passage Area
4:2-144,HFP-11,L2,B,B/L2/AW2080/SD144/Cabin 1
4:2-145,HFP-11,L2,B,B/L2/AW2080/SD145/Cabin 2
4:2-146,HTRI-R,L2,B,B/L2/AW2080/CM146/Entry Door
4:2-147,HMS-S/D/M/SA,L2,B,B/L2/AW2080/MCP147/Entry Door
4:2-148,FDOT421,L2,B,B/L2/BW2251/SD148/Psg nr Pantry
4:2-149,FDOT421,L2,B,B/L2/BW2251/SD149/Cabin 2
4:2-150,HFP-11,L2,B,B/L2/BW 2251/SD150/Cabin 3
4:2-151,HFP-11,L2,B,B/L2/BW 2251/SD151/Main cabin
4:2-152,HFP-11,L2,B,B/L2/BW 2251/SD152/Main cabin
4:2-153,FDOT421,L2,B,B/L2/BW2251/SD153/ConferenceRM
4:2-154,HMS-S/D/M/SA,L2,B,B/L2/BW 2251/MCP154/Main Entranc
4:2-155,HTRI-R,L2,B,B/L2/BW 2251/CM155/Entrance door
4:2-156,HFP-11,L2,B,B/L2/BW 1110/SD156/Main cabin
4:2-157,HFP-11,L2,B,B/L2/BW 1110/SD157/Main cabin
4:2-158,HTRI-R,L2,B,B/L2/BW 1110/CM158/Entrance door
4:2-159,HMS-S/D/M/SA,L2,B,B/L2/BW 1110/MCP159/Main Entranc
4:2-160,HFP-11,L2,B,B/L2/BW 1130 A/SD160/Psg near En
4:2-161,HFP-11,L2,B,B/L2/BW 1130 A/SD161/Cabin 1
4:2-162,HFP-11,L2,B,B/L2/BW 1130 A/SD162/Cabin 2
4:2-163,HFP-11,L2,B,B/L2/BW2240/SD163/Entry Psg
4:2-173,HFP-11,L2,B,B/L2/BW 1150/SD173/Cab 4
4:2-174,HMS-S/D/M/SA,L2,B,B/L2/BW 1150/MCP174/Entry Dr
4:2-175,HFP-11,L2,B,B/L2/BW 1170/SD175/Psg near Pant
4:2-176,HFPT-11,L2,B,B/L2/BW1170/HD176/Pantry
4:2-177,HFP-11,L2,B,B/L2/BW 1170/SD177/Cab 1
4:2-178,HFP-11,L2,B,B/L2/BW 1170/SD178/Cab 2
4:2-179,HFP-11,L2,B,B/L2/BW 1170/SD179/Cab 3
4:2-180,HMS-S/D/M/SA,L2,B,B/L2/BW 1170/MCP180/Main Entry
4:2-181,HTRI-R,L2,B,B/L2/BW 1170/CM181/Main Entry
4:2-182,HFP-11,L2,B,B/L2/BW 2200/SD182/Psg near Entr
4:2-183,HFP-11,L2,B,B/L2/BW 2200/SD183/Cab 1
4:2-184,HFP-11,L2,B,B/L2/BW 2200/SD184/Cab 2
4:2-185,HMS-S/D/M/SA,L2,B,B/L2/BW 2200/MCP185/Entry Dr
4:2-186,HTRI-R,L2,B,B/L2/BW 2200/CM186/ Entry Dr
4:2-187,HTRI-R,L2,B,B/L2/BW 1130 A/CM187/Psg near En
4:2-188,HMS-S/D/M/SA,L2,B,B/L2/BW 1130 A/MCP188/Psg near E
4:2-189,HTRI-R,L2,B,B/L2/BW 1150/CM189/Entry Dr
4:2-190,HFP-11,L2,B,B/L2/BW 2190/SD190/Cab 1
4:2-191,HFP-11,L2,B,B/L2/BW 2190/SD191/Cab 2
4:2-192,HFP-11,L2,B,B/L2/BW 2190/SD192/Cab 3
4:2-193,HFP-11,L2,B,B/L2/BW 2190/SD193/Cab 4
4:2-194,HTRI-R,L2,B,B/L2/BW 2190/CM194/Entry Dr
4:2-195,HMS-S/D/M/SA,L2,B,B/L2/BW 2190/MCP195/Entry Dr
4:2-196,HTRI-R,L2,B,B/L2/AW2090/CM196/Entry Door
4:2-196,HTRI-R,L2,B,B/L2/AW2090/CM196/Entry Door
4:2-197,HFPT-11,L2,B,B/L2/BW 2040/HD197/Pantry
4:2-198,HFP-11,L2,B,B/L2/BW 2040/SD198/Psg near Pant
4:2-199,HFP-11,L2,B,B/L2/BW 2040/SD199/Cab 1
4:2-200,HFP-11,L2,B,B/L2/BW 2040/SD200/Cab 1
4:2-201,HMS-S/D/M/SA,L2,B,B/L2/BW 2040/MCP201/Entry Dr
4:2-202,HTRI-R,L2,B,B/L2/BW 2040/CM202/Entry Dr
4:2-210,HFP-11,L2,B,B/L2/BW 1020/SD210/Pantry
4:2-211,HFP-11,L2,B,B/L2/BW 1020/SD211/Main Cab
4:2-212,HFP-11,L2,B,B/L2/BW 1020/SD212/Cab 1
4:2-213,HTRI-R,L2,B,B/L2/BW 1020/CM213/Entry Dr
4:2-214,HMS-S/D/M/SA,L2,B,B/L2/BW 1020/MCP214/Entry Dr
4:2-215,HFP-11,L2,B,B/L2/BW 1122/SD215/Cab 3
4:2-216,HFP-11,L2,B,B/L2/BW 1122/SD216/Cab 2
4:2-217,HFP-11,L2,B,B/L2/BW 1122/SD217/Cab 1
4:2-218,HFP-11,L2,B,B/L2/BW 1122/SD218/Psg near Cab 
4:2-219,HTRI-R,L2,B,B/L2/BW 1122/CM219/Entry Dr
4:2-220,HMS-S/D/M/SA,L2,B,B/L2/BW 1122/MCP220/Entry Dr
4:2-221,HFP-11,L2,B,B/L2/BW2240/SD221/Psg near confe
4:2-222,HFP-11,L2,B,B/L2/BW2240/SD222/Conference Roo
4:2-223,HFP-11,L2,B,B/L2/BW2240/SD223/Main cabin
4:2-224,HFP-11,L2,B,B/L2/BW2240/SD224/Psg near Main 
4:2-225,HFP-11,L2,B,B/L2/BW2240/SD225/Pantry
4:2-226,HTRI-R,L2,B,B/L2/BW2240/CM226/Entry Door
4:2-227,HMS-S/D/M/SA,L2,B,B/L2/BW2240/MCP227/Entry Door
4:2-228,HFP-11,L2,B,B/L2/BW2251/SD228//Reception
4:2-229,HFP-11,L2,B,B/L2/BW2251/SD229/Psg near Rece
4:2-230,HFP-11,L2,B,B/L2/BW2251/SD230/Account Cabin
4:2-231,HFP-11,L2,B,B/L2/BW2251/SD231/Assorter cabi
4:2-232,HFP-11,L2,B,B/L2/BW2251/SD232/Assorter cabi
4:2-233,FDOT421,L2,B,B/L2/BW2251/SD233/Cabin 1
4:2-234,FDOT421,L2,B,B/L2/BW2251/SD234/Pantry
4:2-235,HFP-11,L2,B,B/L2/BW 2070/SD235/Main Cab
4:2-236,HFP-11,L2,B,B/L2/BW 2070/SD236/Cab 1
4:2-237,HFP-11,L2,B,B/L2/BW 2070/SD237/Psg near Cab
4:2-238,HFP-11,L2,B,B/L2/BW 2070/SD238/Entry Dr 
4:2-239,HFP-11,L2,B,B/L2/BW 2070/SD239/Pantry
4:2-240,HTRI-R,L2,B,B/L2/BW 2070/CM240/Entry Dr
4:2-241,HMS-S/D/M/SA,L2,B,B/L2/BW 2070/MCP241/Entry Dr
4:2-243,HFP-11,L2,B,B/L2/BW 2020/SD243/Waiting Area
4:2-244,FDOT421,L2,B,B/L2/BW 2020/SD244/Psg nr waitin
4:2-245,HFP-11,L2,B,B/L2/BW 2020/SD245/Psg near Acct
4:2-246,HFP-11,L2,B,B/L2/BW 2020/SD246/Assts Room
4:2-247,HFP-11,L2,B,B/L2/BW 2020/SD247/Executive Cab
4:2-248,HFP-11,L2,B,B/L2/BW 2020/SD248/Main Cab
4:2-249,FDOT421,L2,B,B/L2/BW 2020/SD249/SalesCab
4:2-250,HFP-11,L2,B,B/L2/BW1110/SD250/Pantry
4:2-251,HFP-11,L2,B,B/L2/BW 2020/SD251/Conferece rm
4:2-252,HTRI-R,L2,B,B/L2/BW 2020/CM252/Entry DoorAFC
4:3-1,FDOT421,L3,B,B/L3/CC/3F/SD1/ELECT RM
4:3-2,FDOT421,L3,B,B/L3/CC/3F/SD2/OutsideElectRmAFC
4:3-3,FDOT421,L3,B,B/L3/CC/3F/SD3/OUTSIDE ELECT RM
4:3-4,FDOT421,L3,B,B/L3/CC/3F/SD4/CORR BC 3012
4:3-5,FDOT421,L3,B,B/L3/CC/3F/SD5/CORR BC 3021AFC
4:3-6,FDOT421,L3,B,B/L3/CC/3F/SD6/CORR BC 3021
4:3-7,FDOT421,L3,B,B/L3/CC/3F/SD7/LIFT LOBBY
4:3-8,FDOT421,L3,B,B/L3/CC/3F/SD8/LIFT LOBBY
4:3-9,HMS-S/D/M/SA,L3,B,B/L3/CC/3F/MCP9/FIRE ESCAPE STR 
4:3-10,HTRI-R,L3,B,B/L3/CC/3F/CM10/FIRE HYD SHAFT
4:3-11,HTRI-S,L3,B,B/L3/CC/3F/MM11/FIRE HYD SHAFT
4:3-12,HTRI-R,L3,B,B/L3/CC/3F/CM12/DOOR RELEASE UNI
4:3-13,FDOT421,L3,B,B/L3/CC/3F/SD13/PsgNr AFC AHU RM
4:3-14,FDOT421,L3,B,B/L3/CC/3F/SD14/PSG NR AHU RM
4:3-15,FDOT421,L3,B,B/L3/EC/3F/SD15/AFC CorrNrELE RM
4:3-16,FDOT421,L3,B,B/L3/EC/3F/SD16/CORR NR ELE RM
4:3-17,FDOT421,L3,B,B/L3/EC/3F/SD17/AHU RM
4:3-18,HTRI-R,L3,B,B/L3/EC/3F/CM18/AHU RM
4:3-19,FDOT421,L3,B,B/L3/EC/3F/SD19/ELECT RM
4:3-20,FDOT421,L3,B,B/L3/EC/3F/SD20/LIFT LOBBY
4:3-21,HMS-S/D/M/SA,L3,B,B/L3/EC/3F/MCP21/FIRE ESCAPE STA
4:3-22,HTRI-R,L3,B,B/L3/BE/3F/CM22/FIRE HYD SHAFT
4:3-23,HTRI-S,L3,B,B/L3/EC/3F/MM23/FIRE HYD SHAFT
4:3-24,HMS-S/D/M/SA,L3,B,B/L3/3F/MCP24/BC FIRE STR
4:3-25,FDOT421,L3,B,B/L3/CC/2F/SD25/ELECT RM
4:3-26,FDOT421,L3,B,B/L3/CC/2F/SD26/CorrNrElectRMAFC
4:3-27,FDOT421,L3,B,B/L3/CC/2F/SD27/CORR NR ELECT RM
4:3-28,FDOT421,L3,B,B/L3/CC/2F/SD28/CORR BC 2010
4:3-29,FDOT421,L3,B,B/L3/CC/2F/SD29/CORR BC2031 AFC
4:3-30,FDOT421,L3,B,B/L3/CC/2F/SD30/CORR BC 2031
4:3-31,FDOT421,L3,B,B/L3/CC/2F/SD31/CORR NR BC 2050
4:3-32,FDOT421,L3,B,B/L3/CC/2F/SD32/CORR BC2042AFC
4:3-33,FDOT421,L3,B,B/L3/CC/2F/SD33/CORR BC2/S20
4:3-34,FDOT421,L3,B,B/L3/CC/2F/SD34/CORR NR BC 2041
4:3-35,FDOT421,L3,B,B/L3/CC/2F/SD35/CORR NR BC-2S/20
4:3-36,FDOT421,L3,B,B/L3/CC/2F/SD36/CORR BC-2S/20A
4:3-37,HMS-S/D/M/SA,L3,B,B/L3/CC/2F/MCP37/FIRE ESCAPE STR
4:3-38,HTRI-R,L3,B,B/L3/CC/2F/CM38/FIRE ESCAPE STR 
4:3-39,HMS-S/D/M/SA,L3,B,B/L3/CC/2F/MCP39/FIRE ESCAPE STR
4:3-40,HTRI-R,L3,B,B/L3/CC/2F/CM40/FIRE HYD SHAFT
4:3-41,HTRI-S,L3,B,B/L3/CC/2F/MM41/FIRE HYD SHAFT
4:3-42,FDOT421,L3,B,B/L3/CC/2F/SD42/LIFT LOBBY
4:3-43,FDOT421,L3,B,B/L3/CC/2F/SD43/LIFT LOBBY
4:3-44,FDOT421,L3,B,B/L3/CC/2F/SD44/CorrNrBC2091AFC
4:3-45,FDOT421,L3,B,B/L3/CC/2F/SD45/CORR NR BC 2091
4:3-46,FDOT421,L3,B,B/L3/EC/2F/SD46/AFC CORNR AHU RM
4:3-47,FDOT421,L3,B,B/L3/EC/2F/SD47/CORR BE 2010
4:3-48,FDOT421,L3,B,B/L3/EC/2F/SD48/ELECT RM
4:3-49,FDOT421,L3,B,B/L3/EC/2F/SD49/AHU RM
4:3-50,HTRI-R,L3,B,B/L3/2F/CM50/BE AHU RM
4:3-51,FDOT421,L3,B,B/L3/EC/2F/SD51/LIFT LOBBY
4:3-52,HMS-S/D/M/SA,L3,B,B/L3/EC/2F/MCP52/LIFT LOBBY
4:3-53,HTRI-R,L3,B,B/L3/EC/2F/CM53/FIRE HYD SHAFT
4:3-54,HTRI-S,L3,B,B/L3/EC/2F/MM54/FIRE HYD SHAFT
4:3-55,HTRI-R,L3,B,B/L3/CC/3F/CM55/FIRE STR
4:3-57,HTRI-R,L3,B,B/L3/CC/2F/CM57/AHU RM
4:3-58,FDOT421,L3,B,B/L3/CC/2F/SD58/AHU RM
4:3-59,FDOT421,L3,B,B/L3/CC/3F/SD59/AHU RM
4:3-60,HTRI-R,L3,B,B/L3/CC/3F/CM60/AHU RM
4:3-75,HTRI-S,L3,B,B/L3/2F/MM75/BC2033
4:3-76,HTRI-S,L3,B,B/L3/2F/MM76/BC2041
4:3-77,HTRI-S,L3,B,B/L3/2F/MM77/BC2042
4:3-78,HTRI-S,L3,B,B/L3/2F/MM78/BC2050
4:3-79,HTRI-S,L3,B,B/L3/2F/MM79/BC2032
4:3-80,HTRI-S,L3,B,B/L3/2F/MM80/BC2031
4:3-81,HFPT-11,L3,B,B/L3/HD81/BC2060/Pantry
4:3-82,HTRI-S,L3,B,B/L3/2F/MM82/BC2020
4:3-83,HTRI-S,L3,B,B/L3/2F/MM83/BC2010
4:3-84,HTRI-S,L3,B,B/L3/2F/MM84/BC2071
4:3-86,HTRI-S,L3,B,B/L3/2F/MM86/BC2091
4:3-87,HTRI-S,L3,B,B/L3/2F/MM87/BC2090
4:3-92,HTRI-S,L3,B,B/L3/3F/MM92/BC3022
4:3-94,HTRI-S,L3,B,B/L3/3F/MM94/BC3012
4:3-96,HTRI-S,L3,B,B/L3/3F/MM96/BC3050
4:3-97,HTRI-S,L3,B,B/L3/3F/MM97/BC3040
4:3-98,HTRI-S,L3,B,B/L3/2F/MM98/BE2010
4:3-100,HTRI-S,L3,B,B/L3/3F/MM100/BE3011
4:3-101,HFP-11,L3,B,B/L3/BC2080/SD101/Assorter cab
4:3-102,HFP-11,L3,B,B/L3/BC2080/SD102/Main cab
4:3-103,HFP-11,L3,B,B/L3/BC2080/SD103/Pantry
4:3-104,HFP-11,L3,B,B/L3/BC2080/SD104/Entry psg
4:3-105,HTRI-R,L3,B,B/L3/BC2080/CM105/ Entry psg AFC
4:3-106,HMS-S/D/M/SA,L3,B,B/L3/BC2080/MCP106/ Entry psg
4:3-109,HFP-11,L3,B,B/L3/BC3030/SD109/Waiting Area
4:3-110,HFP-11,L3,B,B/L3/BC3030/SD110/Pantry
4:3-111,HFP-11,L3,B,B/L3/BC3030/SD111/Psg near Pantr
4:3-112,HFP-11,L3,B,B/L3/BC3030/SD112/Main Cab
4:3-113,HFP-11,L3,B,B/L3/BC3030/SD113/Cab 1
4:3-114,HFP-11,L3,B,B/L3/BC3030/SD114/Cab 2
4:3-115,HFP-11,L3,B,B/L3/BC3030/SD115/Cab 3
4:3-116,HFP-11,L3,B,B/L3/BC3030/SD116/Asst Cab
4:3-117,HFP-11,L3,B,B/L3/BC3030/SD117/Weighting corn
4:3-118,HFP-11,L3,B,B/L3/BC3030/SD118/Accts Cab
4:3-119,HFP-11,L3,B,B/L3/BC3030/SD119/Cab 4
4:3-120,HFP-11,L3,B,B/L3/BC3030/SD120/Psg near Cab 4
4:3-121,HTRI-R,L3,B,B/L3/BC3030/CM121/Entry Dr
4:3-122,HMS-S/D/M/SA,L3,B,B/L3/BC3030/MCP122/Entry Dr
4:3-123,HFP-11,L3,B,B/L3/BW3010/SD123/Cab13
4:3-124,HFP-11,L3,B,B/L3/BW3010/SD124/Cab 11
4:3-125,HFP-11,L3,B,B/L3/BW3010/SD125/Cab 11
4:3-126,HFP-11,L3,B,B/L3/BW3010/SD126/Cab 10
4:3-127,HFP-11,L3,B,B/L3/BW3010/SD127/Cab 12
4:3-128,HFP-11,L3,B,B/L3/BW3010/SD128/cab 9
4:3-129,HFP-11,L3,B,B/L3/BW3010/SD129/Psg nr Pantry
4:3-130,HFP-11,L3,B,B/L3/BW3010/SD130/Pantry
4:3-131,HMS-S/D/M/SA,L3,B,B/L3/BW3010/MCP131/Psg nr Entry 
4:3-132,HFP-11,L3,B,B/L3/BW3010/SD132/Psg nr cab 12
4:3-133,HFP-11,L3,B,B/L3/BW3010/SD133/cab 9
4:3-134,HFP-11,L3,B,B/L3/BW3010/SD134/Psg nr Pantry 
4:3-135,HFP-11,L3,B,B/L3/BW3010/SD135/cab 7
4:3-136,HFP-11,L3,B,B/L3/BW3010/SD136/cab 8
4:3-137,HFP-11,L3,B,B/L3/BW3010/SD137/Cab 6
4:3-138,HFP-11,L3,B,B/L3/BW3010/SD138/Psg nr Confere
4:3-139,HFP-11,L3,B,B/L3/BW3010/SD139/Conference roo
4:3-140,HFP-11,L3,B,B/L3/BW3010/SD140/Cab 5
4:3-141,HFP-11,L3,B,B/L3/BW3010/SD141/Psg nr cab 5
4:3-142,HFP-11,L3,B,B/L3/BW3010/SD142/Cab 1
4:3-143,HFP-11,L3,B,B/L3/BW3010/SD143/Main cab
4:3-144,HFP-11,L3,B,B/L3/BW3010/SD144/Main cab
4:3-145,HFP-11,L3,B,B/L3/BW3010/SD145/Psg nr Main ca
4:3-146,HFP-11,L3,B,B/L3/BW3010/SD146/Cab 2
4:3-147,HFP-11,L3,B,B/L3/BW3010/SD147/Psg nr cab 3
4:3-148,HFP-11,L3,B,B/L3/BW3010/SD148/Cab 4
4:3-149,HTRI-R,L3,B,B/L3/BW3010/CM149/Psg nr Entry D
4:3-150,HFP-11,L3,B,B/L3/BW3010/SD150/Reception
4:3-151,HFP-11,L3,B,B/L3/BC2060/SD151/Assorter cab
4:3-152,HFP-11,L3,B,B/L3/BC2060/SD152/Reception cab
4:3-153,HFP-11,L3,B,B/L3/BC2060/SD153/Accounts cab
4:3-154,HFP-11,L3,B,B/L3/BC2060/SD154/Main cab
4:3-155,HFP-11,L3,B,B/L3/BC2060/SD155/Main cab
4:3-156,HMS-S/D/M/SA,L3,B,B/L3/BC2060/MCP156/Psg nr Entry 
4:3-157,HTRI-R,L3,B,B/L3/BC2060/CM157/Psg nr Entry D
4:3-158,HFP-11,L3,B,B/L3/BC3011/SD158/cab 1
4:3-159,HFP-11,L3,B,B/L3/BC3011/SD159/cab 2
4:3-160,HFP-11,L3,B,B/L3/BC3011/SD160/cab 3
4:3-161,HFP-11,L3,B,B/L3/BC3011/SD161/cab 4
4:3-162,HFP-11,L3,B,B/L3/BC3011/SD162/cab 5
4:3-165,HTRI-R,L3,B,B/L3/BC3011/CM165/Psg nr Entry D
4:3-166,HMS-S/D/M/SA,L3,B,B/L3/BC3011/MCP166/Psg nr Entry 
4:3-167,HFP-11,L3,B,B/L3/BC3021/SD167/MAIN CABIN
4:3-168,HFP-11,L3,B,B/L3/BC3021/SD168/ASSORTOR CABIN
4:3-169,HFP-11,L3,B,B/L3/BC3021/SD169/PSG. NR.ASSORT
4:3-170,HFPT-11,L3,B,B/L3/BC3021/HD170/PANTRY
4:3-171,HTRI-R,L3,B,B/L3/BC3021/CM171/ENTRY PSG AFC
4:3-172,HMS-S/D/M/SA,L3,B,B/L3/BC3021/MCP172/ENTRY PSG
4:3-197,HFP-11,L3,B,B/L3/BW3010/SD197/Lunch room
4:4-1,FDOT421,L4,B,B/L4/WC/3F/SD1/ELECT RM SD
4:4-2,FDOT421,L4,B,B/L4/WC/3F/SD2/Corr Nr AW3061AFC
4:4-3,FDOT421,L4,B,B/L4/WC/3F/SD3/CORR NR AW 3061
4:4-4,FDOT421,L4,B,B/L4/WC/3F/SD4/CORR NR AW3041
4:4-5,FDOT421,L4,B,B/L4/WC/3F/SD5/CorrNr AW3042 AFC
4:4-6,FDOT421,L4,B,B/L4/WC/3F/SD6/CORR NR AW 3042
4:4-7,FDOT421,L4,B,B/L4/WC/3F/SD7/CORR NR AW 3032
4:4-8,FDOT421,L4,B,B/L4/WC/3F/SD8/CORR NR AW 3100
4:4-9,FDOT421,L4,B,B/L4/WC/3F/SD9/CORR NR AW 3100
4:4-10,FDOT421,L4,B,B/L4/WC/3F/SD10/LIFT LOBBY SD
4:4-11,FDOT421,L4,B,B/L4/WC/3F/SD11/LIFT LOBBY SD
4:4-12,FDOT421,L4,B,B/L4/WC/3F/SD12/CorrNrAHU RM
4:4-13,FDOT421,L4,B,B/L4/WC/3F/SD13/CorrNrAHU RM
4:4-14,FDOT421,L4,B,B/L4/WC/3F/SD14/CorrNr BW3022
4:4-15,FDOT421,L4,B,B/L4/WC/3F/SD15/CORR NR BW 3022
4:4-16,FDOT421,L4,B,B/L4/WC/3F/SD16/CORR NR BW 3032
4:4-17,FDOT421,L4,B,B/L4/WC/3F/SD17/CORR NR BW 3050
4:4-18,FDOT421,L4,B,B/L4/WC/3F/SD18/CORR NR BW 3050
4:4-19,FDOT421,L4,B,B/L4/WC/3F/SD19/AHU RM SD
4:4-20,HTRI-R,L4,B,B/L4/WC/3F/CM20/AHU RM CM
4:4-21,HTRI-R,L4,B,B/L4/WC/3F/CM21/STR NR BW 3050
4:4-22,HMS-S/D/M/SA,L4,B,B/L4/WC/3F/MCP22/STR NR BW 3050
4:4-23,HTRI-R,L4,B,B/L4/WC/3F/CM23/DoorReleseCmNrAH
4:4-24,HMS-S/D/M/SA,L4,B,B/L4/WC/3F/MCP24/FIRE SHAFT NRL.
4:4-25,HTRI-R,L4,B,B/L4/WC/3F/CM25/FIRE SHAFT NRL.L
4:4-26,HTRI-S,L4,B,B/L4/WC/3F/MM26/FIRE SHAFT NRL.L
4:4-27,HTRI-R,L4,B,B/L4/WC/3F/CM27/DOOR RELESE CM N
4:4-28,HTRI-R,L4,B,B/L4/WC/3F/CM28/STR NR AW 3100
4:4-29,HMS-S/D/M/SA,L4,B,B/L4/WC/3F/MCP29/STR NR AW 3100
4:4-30,FDOT421,L4,B,B/L4/WC/4F/SD30/BW ELECT RM
4:4-31,FDOT421,L4,B,B/L4/WC/4F/SD31/CORR NR AW 4080
4:4-32,FDOT421,L4,B,B/L4/WC/4F/SD32/CORR NR AW 4080
4:4-33,FDOT421,L4,B,B/L4/WC/4F/SD33/CORR NR AW 4101
4:4-34,FDOT421,L4,B,B/L4/WC/4F/SD34/CORR NR AW 4060
4:4-35,FDOT421,L4,B,B/L4/WC/4F/SD35/CORR NR AW 4060
4:4-36,FDOT421,L4,B,B/L4/WC/4F/SD36/CORR NR AW 4120
4:4-37,FDOT421,L4,B,B/L4/WC/4F/SD37/CORR NR AW 4130
4:4-38,FDOT421,L4,B,B/L4/WC/4F/SD38/CORR NR AW 4130
4:4-39,FDOT421,L4,B,B/L4/WC/4F/SD39/LIFT LOBBY SD
4:4-40,FDOT421,L4,B,B/L4/WC/4F/SD40/LIFT LOBBY SD
4:4-41,FDOT421,L4,B,B/L4/WC/4F/SD41/CORR NrBW4220AFC
4:4-42,FDOT421,L4,B,B/L4/WC/4F/SD42/CORR NR BW 4210
4:4-43,FDOT421,L4,B,B/L4/WC/4F/SD43/CORR NR BW 4/S18
4:4-44,FDOT421,L4,B,B/L4/WC/4F/SD44/CORR NrBW4201AFC
4:4-45,FDOT421,L4,B,B/L4/WC/4F/SD45/CORR NR BW 4201
4:4-46,FDOT421,L4,B,B/L4/WC/4F/SD46/CORR NR BW 4011
4:4-47,FDOT421,L4,B,B/L4/WC/4F/SD47/CORR NrBW4180AFC
4:4-48,FDOT421,L4,B,B/L4/WC/4F/SD48/CORR NR BW 4180
4:4-49,FDOT421,L4,B,B/L4/WC/4F/SD49/CORR NR BW 4170
4:4-50,FDOT421,L4,B,B/L4/WC/4F/SD50/CORR NrBW4051AFC
4:4-51,FDOT421,L4,B,B/L4/WC/4F/SD51/CORR NR BW 4051
4:4-52,HTRI-R,L4,B,B/L4/WC/4F/CM52/STR   NR BW 4051
4:4-53,HMS-S/D/M/SA,L4,B,B/L4/WC/4F/MCP53/STR NR BW 4051
4:4-54,FDOT421,L4,B,B/L4/WC/4F/SD54/AHU RM SD
4:4-55,HTRI-R,L4,B,B/L4/WC/4F/CM55/AHU RM CM
4:4-56,HTRI-R,L4,B,B/L4/WC/4F/CM56/DOOR RELESE CM N
4:4-57,HMS-S/D/M/SA,L4,B,B/L4/WC/4F/MCP57/FIRE SHAFT NRL.
4:4-58,HTRI-S,L4,B,B/L4/WC/4F/MM58/FIRE SHAFT NRL.L
4:4-59,HTRI-R,L4,B,B/L4/WC/4F/CM59/FIRE SHAFT NRL.L
4:4-60,HTRI-R,L4,B,B/L4/WC/4F/CM60/DOOR RELESE CM N
4:4-61,HTRI-R,L4,B,B/L4/WC/4F/CM61/STR NR AW 4130
4:4-62,HMS-S/D/M/SA,L4,B,B/L4/WC/4F/MCP62/STR NR AW 4130
4:4-75,HTRI-S,L4,B,B/L4/4F/MM75/BW3062
4:4-76,HTRI-S,L4,B,B/L4/4F/MM76/BW3130
4:4-77,HTRI-S,L4,B,B/L4/4F/MM77/BW3061
4:4-82,HTRI-S,L4,B,B/L4/4F/MM82/BW3150
4:4-83,HTRI-S,L4,B,B/L4/4F/MM83/BW3160
4:4-85,HTRI-S,L4,B,B/L4/4F/MM85/BW3170
4:4-88,HTRI-S,L4,B,B/L4/4F/MM88/BW3182
4:4-90,HTRI-S,L4,B,B/L4/4F/MM90/AW3062
4:4-91,HTRI-S,L4,B,B/L4/4F/MM91/AW3061
4:4-93,HTRI-S,L4,B,B/L4/4F/MM93/AW3051
4:4-95,HTRI-S,L4,B,B/L4/4F/MM95/AW3070
4:4-97,HTRI-S,L4,B,B/L4/4F/MM97/AW3080
4:4-98,HTRI-S,L4,B,B/L4/4F/MM98/AW3032
4:4-100,HTRI-S,L4,B,B/L4/4F/MM100/AW3031
4:4-103,HTRI-S,L4,B,B/L4/4F/MM103/AW4023
4:4-104,HTRI-S,L4,B,B/L4/4F/MM104/AW4130
4:4-107,HTRI-S,L4,B,B/L4/4F/MM107/AW4040
4:4-108,HTRI-S,L4,B,B/L4/4F/MM108/AW4110
4:4-109,HTRI-S,L4,B,B/L4/4F/MM109/AW4050
4:4-110,HTRI-S,L4,B,B/L4/4F/MM110/AW4060
4:4-111,HTRI-S,L4,B,B/L4/4F/MM111/AW4102
4:4-112,HTRI-S,L4,B,B/L4/4F/MM112/AW4101
4:4-113,HTRI-S,L4,B,B/L4/4F/MM113/AW4070
4:4-114,HTRI-S,L4,B,B/L4/4F/MM114/AW4080
4:4-117,HTRI-S,L4,B,B/L4/4F/MM117/BW4220
4:4-118,HTRI-S,L4,B,B/L4/4F/MM118/BW4210
4:4-120,HTRI-S,L4,B,B/L4/4F/MM120/BW4201
4:4-121,HTRI-S,L4,B,B/L4/4F/MM121/BW4011
4:4-124,HTRI-S,L4,B,B/L4/4F/MM124/BW4021
4:4-125,HTRI-S,L4,B,B/L4/4F/MM125/BW4180
4:4-126,HTRI-S,L4,B,B/L4/4F/MM126/BW4022
4:4-127,HTRI-S,L4,B,B/L4/4F/MM127/BW4030
4:4-128,HTRI-S,L4,B,B/L4/4F/MM128/BW4170
4:4-131,HTRI-S,L4,B,B/L4/4F/MM131/BW4160
4:4-132,HTRI-S,L4,B,B/L4/4F/MM132/BW4052
4:4-133,HFP-11,L4,B,B/L4/AW4030/SD133/Account Depart
4:4-134,HFP-11,L4,B,B/L4/AW4030/SD134/Main cabin
4:4-135,HFP-11,L4,B,B/L4/AW4030/SD135/Passage Area
4:4-136,HTRI-R,L4,B,B/L4/AW4030/CM136/Passage Area
4:4-137,HMS-S/D/M/SA,L4,B,B/L4/AW4030/MCP137/Entry Door
4:4-138,HFP-11,L4,B,B/L4/AW4120/SD138/Main Cabin
4:4-139,HFP-11,L4,B,B/L4/AW4120/SD139/Passage Area
4:4-140,HFP-11,L4,B,B/L4/AW4120/SD140/Account Depart
4:4-141,HFP-11,L4,B,B/L4/AW4120/SD141/Pantry
4:4-142,HMS-S/D/M/SA,L4,B,B/L4/AW4120/MCP142/Entry Door
4:4-143,HTRI-R,L4,B,B/L4/AW4120/CM143/Entry Door
4:4-144,HFP-11,L4,B,B/L4/AW4090/SD144/Main Cabin
4:4-145,HFP-11,L4,B,B/L4/AW4090/SD145/Managers Cabin
4:4-146,HFP-11,L4,B,B/L4/AW4090/SD146/Assorter Room
4:4-147,HFP-11,L4,B,B/L4/AW4090/SD147/Account Cabin
4:4-148,HFP-11,L4,B,B/L4/AW4090/SD148/Passage Area
4:4-149,HFP-11,L4,B,B/L4/AW4090/SD149/Pantry
4:4-150,HTRI-R,L4,B,B/L4/AW4090/CM150/Entry Door
4:4-151,HMS-S/D/M/SA,L4,B,B/L4/AW4090/MCP151/Entry Door
4:4-152,HFP-11,L4,B,B/L4/AW3090/SD152/Main Cabin
4:4-153,HFP-11,L4,B,B/L4/AW3090/SD153/Assorter Room
4:4-154,HFP-11,L4,B,B/L4/AW3090/SD154/Pantry
4:4-155,HTRI-R,L4,B,B/L4/AW3090/CM155/Entry door
4:4-156,HMS-S/D/M/SA,L4,B,B/L4/AW3090/MCP156/Entry door
4:4-157,HFP-11,L4,B,B/L4/AW3022/SD157/Pantry Area
4:4-158,HFP-11,L4,B,B/L4/AW3022/SD158/Passage Area
4:4-159,HFP-11,L4,B,B/L4/AW3022/SD159/Cabin 1 
4:4-160,HFP-11,L4,B,B/L4/AW3022/SD160/Cabin 2
4:4-161,HTRI-R,L4,B,B/L4/AW3022/CM161/Entry Door
4:4-162,HMS-S/D/M/SA,L4,B,B/L4/AW3022/MCP162/Entry Door
4:4-163,HFP-11,L4,B,B/L4/AW3100/SD163/Passage Area
4:4-164,HFPT-11,L4,B,B/L4/AW3100/SD164/Pantry Area
4:4-165,HFP-11,L4,B,B/L4/AW3100/SD165/Assorter Cabin
4:4-166,HFP-11,L4,B,B/L4/AW3100/SD166/Buyer Cabin
4:4-167,HFP-11,L4,B,B/L4/AW3100/SD167/Main Cabin
4:4-168,HTRI-R,L4,B,B/L4/AW3100/CM168/Entry Door
4:4-169,HMS-S/D/M/SA,L4,B,B/L4/AW3100/MCP169/Entry Door
4:4-170,HFP-11,L4,B,B/L4/BW3140/SD170/Pantry
4:4-171,HFP-11,L4,B,B/L4/BW3140/SD171/Main Cab
4:4-172,HFP-11,L4,B,B/L4/BW3140/SD172/Psg near Main 
4:4-173,HFP-11,L4,B,B/L4/BW3140/SD173/Cab 1
4:4-174,HFP-11,L4,B,B/L4/BW3140/SD174/Cab 1
4:4-175,HMS-S/D/M/SA,L4,B,B/L4/BW3140/MCP175/Entry Dr
4:4-176,HTRI-R,L4,B,B/L4/BW3140/CM176/Entry Dr
4:4-177,HFP-11,L4,B,B/L4/BW3050/SD177/Psg near Pantr
4:4-178,HFP-11,L4,B,B/L4/BW3050/SD178/Pantry
4:4-179,HFP-11,L4,B,B/L4/BW3050/SD179/Asst Cab
4:4-180,HFP-11,L4,B,B/L4/BW3050/SD180/Cab 1
4:4-181,HFP-11,L4,B,B/L4/BW3050/SD181/Cab 2
4:4-182,HTRI-R,L4,B,B/L4/BW3050/CM182/Entry Dr
4:4-183,HMS-S/D/M/SA,L4,B,B/L4/BW3050/MCP183/Entry Dr
4:4-193,HFP-11,L4,B,B/L4/BW3040/SD193/Pantry
4:4-194,HFP-11,L4,B,B/L4/BW3040/SD194/Cab 1
4:4-195,HFP-11,L4,B,B/L4/BW3040/SD195/Asst Cab
4:4-196,HFP-11,L4,B,B/L4/BW3040/SD196/Main Cab
4:4-197,HFP-11,L4,B,B/L4/BW3040/SD197/Psg near Cab 1
4:4-198,HTRI-R,L4,B,B/L4/BW3040/CM198/Entry Dr
4:4-199,HMS-S/D/M/SA,L4,B,B/L4/BW3040/MCP199/Entry Dr
4:4-200,HFP-11,L4,B,B/L4/BW3021/SD200/Pantry
4:4-201,HFP-11,L4,B,B/L4/BW3021/SD201/Cab 1
4:4-202,HFP-11,L4,B,B/L4/BW3021/SD202/Cab 2
4:4-203,HFP-11,L4,B,B/L4/BW3021/SD203/Cab 3
4:4-204,HFP-11,L4,B,B/L4/BW3021/SD204/Psg near Cab 2
4:4-205,HTRI-R,L4,B,B/L4/BW3021/CM205/Entry Dr
4:4-206,HMS-S/D/M/SA,L4,B,B/L4/BW3021/MCP206/Entry Dr
4:4-207,HFP-11,L4,B,B/L4/BW3031/SD207/Pantry 
4:4-208,HFP-11,L4,B,B/L4/BW3031/SD208/Cab 1
4:4-209,HFP-11,L4,B,B/L4/BW3031/SD209/Cab 2
4:4-210,HFP-11,L4,B,B/L4/BW3031/SD210/Cab 3
4:4-211,HFP-11,L4,B,B/L4/BW3031/SD211/Cab 4
4:4-212,HFP-11,L4,B,B/L4/BW3031/SD212/Cab 5
4:4-213,HFP-11,L4,B,B/L4/BW3031/SD213/Recp
4:4-214,HTRI-R,L4,B,B/L4/BW3031/CM214/Entry Dr
4:4-215,HMS-S/D/M/SA,L4,B,B/L4/BW3031/MCP215/Entry Dr
4:4-217,HFP-11,L4,B,B/L4/BW4190/SD217/Cab 2
4:4-218,HFP-11,L4,B,B/L4/BW4190/SD218/Cab 1
4:4-220,HTRI-R,L4,B,B/L4/BW4190/CM220/Entry Dr
4:4-221,HMS-S/D/M/SA,L4,B,B/L4/BW4190/MCP221/Entry Dr
4:4-222,HFP-11,L4,B,B/L4/BW3022/SD222/Pantry 
4:4-223,HFP-11,L4,B,B/L4/BW3022/SD223/Psg near Pantr
4:4-224,HFP-11,L4,B,B/L4/BW3022/SD224/Director Cab
4:4-225,HFP-11,L4,B,B/L4/BW3022/SD225/Psg near Accts
4:4-226,HTRI-R,L4,B,B/L4/BW3022/CM226/Entry Dr
4:4-227,HMS-S/D/M/SA,L4,B,B/L4/BW3022/MCP227/Entry Dr
4:5-1,FDOT421,L5,B,B/L5/CC/5F/SD1/ELECTRICAL RM
4:5-2,FDOT421,L5,B,B/L5/CC/5F/SD2/AFC NR ELE RM
4:5-3,FDOT421,L5,B,B/L5/CC/5F/SD3/CORR NR BC5025
4:5-4,HMS-S/D/M/SA,L5,B,B/L5/CC/5F/MCP4/FIRE ESCAPE STR
4:5-5,HTRI-R,L5,B,B/L5/CC/5F/CM5/FIRE HYD SHAFT
4:5-6,HTRI-S,L5,B,B/L5/CC/5F/MM6/FIRE HYD SHAFT
4:5-7,FDOT421,L5,B,B/L5/CC/5F/SD7/LIFT LOBBY
4:5-8,FDOT421,L5,B,B/L5/CC/5F/SD8/LIFT LOBBY
4:5-9,FDOT421,L5,B,B/L5/CC/5F/SD9/COR NR BC5022 AFC
4:5-10,FDOT421,L5,B,B/L5/CC/5F/SD10/CORR NR BC5022
4:5-11,FDOT421,L5,B,B/L5/EC/5F/SD11/CorrNr BE5021/22
4:5-12,FDOT421,L5,B,B/L5/EC/5F/SD12/CorNr ELE RM AFC
4:5-13,FDOT421,L5,B,B/L5/EC/5F/SD13/ELECTRICAL RM
4:5-14,FDOT421,L5,B,B/L5/EC/5F/SD14/AHU RM
4:5-15,HTRI-R,L5,B,B/L5/EC/5F/CM15/AHU RM
4:5-16,FDOT421,L5,B,B/L5/EC/5F/SD16/LIFT LOBBY
4:5-17,HMS-S/D/M/SA,L5,B,B/L5/EC/5F/MCP17/FIRE ESCAPE STR
4:5-18,HTRI-R,L5,B,B/L5/EC/5F/CM18/FIRE HYD SHAFT
4:5-19,HTRI-S,L5,B,B/L5/EC/5F/MM19/FIRE HYD SHAFT
4:5-24,FDOT421,L5,B,B/L5/CC/4F/SD24/ELECTRICAL RM
4:5-25,FDOT421,L5,B,B/L5/CC/4F/SD25/CorrNr BC4011AFC
4:5-26,FDOT421,L5,B,B/L5/CC/4F/SD26/CORR NR BC 4011
4:5-27,HTRI-R,L5,B,B/L5/CC/4F/CM27/FIRE HYD SHAFT
4:5-28,HTRI-S,L5,B,B/L5/CC/4F/MM28/FIRE HYD SHAFT
4:5-29,HMS-S/D/M/SA,L5,B,B/L5/CC/4F/MCP29/FIRE ESCAPE STR
4:5-30,FDOT421,L5,B,B/L5/CC/4F/SD30/LIFT LOBBY
4:5-31,FDOT421,L5,B,B/L5/CC/4F/SD31/LIFT LOBBY
4:5-32,FDOT421,L5,B,B/L5/CC/4F/SD32/CorrNrBC4022bAFC
4:5-33,FDOT421,L5,B,B/L5/CC/4F/SD33/CORR NR BC 4022B
4:5-34,FDOT421,L5,B,B/L5/EC/4F/SD34/CORR NR BE AHU R
4:5-35,FDOT421,L5,B,B/L5/EC/4F/SD35/CORR NR AHU RM
4:5-36,FDOT421,L5,B,B/L5/EC/4F/SD36/AHU RM
4:5-37,HTRI-R,L5,B,B/L5/EC/4F/CM37/AHU RM
4:5-38,FDOT421,L5,B,B/L5/EC/4F/SD38/ELECTRICAL RM
4:5-39,FDOT421,L5,B,B/L5/EC/4F/SD39/LIFT LOBBY
4:5-40,HTRI-R,L5,B,B/L5/EC/4F/CM40/FIRE HYD SHAFT L
4:5-41,FDOT421,L5,B,B/L5/CC/5F/SD41/BC AHU RM
4:5-42,HTRI-S,L5,B,B/L5/EC/4F/MM42/FIRE HYD SHAFT
4:5-43,HMS-S/D/M/SA,L5,B,B/L5/EC/4F/MCP43/LIFT LOBBY
4:5-44,HTRI-R,L5,B,B/L5/CC/5F/CM44/BC AHU RM
4:5-45,HTRI-R,L5,B,B/L5/CC/4F/CM45/AHU RM
4:5-46,FDOT421,L5,B,B/L5/CC/4F/SD46/AHU RM
4:5-63,HTRI-S,L5,B,B/L5/4F/MM63/BC4011
4:5-64,HTRI-S,L5,B,B/L5/4F/MM64/BC4022B
4:5-65,HTRI-S,L5,B,B/L5/4F/MM65/BC4022A
4:5-67,HTRI-S,L5,B,B/L5/5F/MM67/BE5021
4:5-68,HTRI-S,L5,B,B/L5/5F/MM68/BE5010
4:5-69,HTRI-S,L5,B,B/L5/5F/MM69/BC5010-B2
4:5-70,HTRI-S,L5,B,B/L5/5F/MM70/BC5022
4:5-71,HTRI-S,L5,B,B/L5/5F/MM71/BC5010
4:5-72,HTRI-S,L5,B,B/L5/5F/MM72/BC5025
4:5-73,HFP-11,L5,B,B/L5/BC4012/SD73/Recp
4:5-74,HFP-11,L5,B,B/L5/BC4012/SD74/Cab 2
4:5-75,HFP-11,L5,B,B/L5/BC4012/SD75/Assorter Cab
4:5-76,HFP-11,L5,B,B/L5/BC4012/SD76/Psg Nr Assorter
4:5-77,HFP-11,L5,B,B/L5/BC4012/SD77/Main Cab
4:5-80,HFP-11,L5,B,B/L5/BC4012/SD80/Pntry
4:5-81,HTRI-R,L5,B,B/L5/BC4012/CM81/Psg Nr En Door
4:5-81,HTRI-R,L5,B,B/L5/BC4012/CM81/Psg Nr En Door
4:5-82,HMS-S/D/M/SA,L5,B,B/L5/BC4012/MCP82/Psg Nr En Door
4:5-83,HFP-11,L5,B,B/L5/BE4011/SD83/Reception
4:5-84,HFP-11,L5,B,B/L5/BE4011/SD84/Psg near cabin 
4:5-85,HFP-11,L5,B,B/L5/BE4011/SD85/Psg near cabin 
4:5-86,HFP-11,L5,B,B/L5/BE4011/SD86/Cabin 1
4:5-87,HFP-11,L5,B,B/L5/BE4011/SD87/Cabin 2
4:5-88,HFP-11,L5,B,B/L5/BE4011/SD88/Cabin 3
4:5-89,HFP-11,L5,B,B/L5/BE4011/SD89/Sales cabin 1
4:5-90,HFP-11,L5,B,B/L5/BE4011/SD90/Sales cabin 2
4:5-91,HFP-11,L5,B,B/L5/BE4011/SD91/Sales cabin 3
4:5-93,HFP-11,L5,B,B/L5/BE4011/SD93/Conference Room
4:5-94,HFP-11,L5,B,B/L5/BE4011/SD94/Psg near confer
4:5-95,HFP-11,L5,B,B/L5/BE4011/SD95/Cabin 4
4:5-96,HFP-11,L5,B,B/L5/BE4011/SD96/Accounts cabin 
4:5-97,HFP-11,L5,B,B/L5/BE4011/SD97/stock cabin
4:5-98,HFP-11,L5,B,B/L5/BE4011/SD98/cabin 5
4:5-99,HFP-11,L5,B,B/L5/BE4011/SD99/Pantry 1
4:5-100,HFP-11,L5,B,B/L5/BE4011/SD100/Pantry 2
4:5-101,HFP-11,L5,B,B/L5/BE4011/SD101/Stock cabin 1
4:5-102,FDOT421,L5,B,B/L5/BE4011/SD102/Stock Cabin 2
4:5-103,HFP-11,L5,B,B/L5/BE4011/SD103/Assorters cabi
4:5-104,HFP-11,L5,B,B/L5/BE4011/SD104/Assorter cabin
4:5-105,HFP-11,L5,B,B/L5/BE4011/SD105/Psg near Pantr
4:5-106,HFP-11,L5,B,B/L5/BE4011/SD106/BE Reception
4:5-107,HFP-11,L5,B,B/L5/BE4011/SD107/Cabin 6
4:5-108,HMS-S/D/M/SA,L5,B,B/L5/BE4011/MCP108/BE Reception
4:5-109,HMS-S/D/M/SA,L5,B,B/L5/BE4011/MCP109/Psg near serv
4:5-110,HTRI-R,L5,B,B/L5/BE4011/SD110/Server rm AFC
4:5-113,HFP-11,L5,B,B/L5/BC 5021/SD113/Guest Room
4:5-114,HFP-11,L5,B,B/L5/BC 5021/SD114/Reception Are
4:5-115,HFP-11,L5,B,B/L5/BC 5021/SD115/Pantry
4:5-116,HFP-11,L5,B,B/L5/BC 5021/SD116/Polishing Dep
4:5-117,HFP-11,L5,B,B/L5/BC 5021/SD117/Cabin 1
4:5-118,HFP-11,L5,B,B/L5/BC 5021/SD118/Cabin 2
4:5-119,HFP-11,L5,B,B/L5/BC 5021/SD119/Cabin 3
4:5-120,HFP-11,L5,B,B/L5/BC 5021/SD120/Cabin 4
4:5-121,HFP-11,L5,B,B/L5/BC 5021/SD121/Cabin 5
4:5-122,HFP-11,L5,B,B/L5/BC 5021/SD122/Accounts Depa
4:5-123,HFP-11,L5,B,B/L5/BC 5021/SD123/Store
4:5-124,HFP-11,L5,B,B/L5/BC 5021/SD124/Cabin 6
4:5-125,HTRI-R,L5,B,B/L5/BC 5021/CM125/Entry Door
4:5-126,HMS-S/D/M/SA,L5,B,B/L5/BC 5021/MCP126/Entry Door
4:5-127,HFP-11,L5,B,B/L5/BE4011/SD127/Strong room
4:5-128,HFP-11,L5,B,B/L5/BE4011/SD128/Account cab
4:5-129,HFP-11,L5,B,B/L5/BE4011/SD129/Server room
4:5-130,HFP-11,L5,B,B/L5/BE4011/SD130/psg nr Server 
4:5-131,HFP-11,L5,B,B/L5/BE4011/SD131/psg nr account
4:5-132,HFP-11,L5,B,B/L5/BE4011/SD132/recep cab Entr
4:5-133,HFP-11,L5,B,B/L5/BE4011/SD133/psg nr assorto
4:5-134,HFP-11,L5,B,B/L5/BE4011/SD134/assortor cab
4:6-1,FDOT421,L6,B,B/L6/WC/5F/SD1/ELECTRICAL RM SD
4:6-2,FDOT421,L6,B,B/L6/WC/5F/SD2/CorrNr BW5/S08AFC
4:6-3,FDOT421,L6,B,B/L6/WC/5F/SD3/CORR NR AW 5061
4:6-4,FDOT421,L6,B,B/L6/WC/5F/SD4/CORR NR BW5/S08
4:6-5,FDOT421,L6,B,B/L6/WC/5F/SD5/CORR NR AW5052AFC
4:6-6,FDOT421,L6,B,B/L6/WC/5F/SD6/CORR NR AW5051/52
4:6-7,FDOT421,L6,B,B/L6/WC/5F/SD7/CORR NR AW5/S09AF
4:6-8,FDOT421,L6,B,B/L6/WC/5F/SD8/Corr.Nr AW5042
4:6-9,FDOT421,L6,B,B/L6/WC/5F/SD9/Corr.Nr AW5110
4:6-10,FDOT421,L6,B,B/L6/WC/5F/SD10/LIFT LOBBY SD
4:6-11,FDOT421,L6,B,B/L6/WC/5F/SD11/LIFT LOBBY SD
4:6-12,FDOT421,L6,B,B/L6/WC/5F/SD12/CorrNr BW5154AFC
4:6-13,FDOT421,L6,B,B/L6/WC/5F/SD13/CORR NR BW 5154
4:6-14,FDOT421,L6,B,B/L6/WC/5F/SD14/CORR NR BW 5151
4:6-15,FDOT421,L6,B,B/L6/WC/5F/SD15/CorrNrBW5/S18AFC
4:6-16,FDOT421,L6,B,B/L6/WC/5F/SD16/CORR NR BW5/S18
4:6-17,FDOT421,L6,B,B/L6/WC/5F/SD17/COR NR AHU RM AF
4:6-18,FDOT421,L6,B,B/L6/WC/5F/SD18/CORR NR AHU RM 
4:6-19,FDOT421,B,L6,L6/B/WC/5F/SD19/CORR NR BW5011AF
4:6-20,FDOT421,L6,B,B/L6/WC/5F/SD20/CORR NR BW 5011
4:6-21,FDOT421,L6,B,B/L6/WC/5F/SD21/CorrNr BW5130AFC
4:6-22,FDOT421,L6,B,B/L6/WC/5F/SD22/CORR NR BW 5130
4:6-23,FDOT421,L6,B,B/L6/WC/5F/SD23/Corr Nr BW5032
4:6-24,FDOT421,L6,B,B/L6/WC/5F/SD24/CorrNr BW5032AFC
4:6-25,FDOT421,L6,B,B/L6/WC/5F/SD25/Corr.Nr BW5051
4:6-26,FDOT421,L6,B,B/L6/WC/5F/SD26/CorrNr BW5051AFC
4:6-27,FDOT421,L6,B,B/L6/WC/5F/SD27/AHU RM SD
4:6-28,HTRI-R,L6,B,B/L6/WC/5F/CM28/AHU RM CM
4:6-29,HTRI-R,L6,B,B/L6/WC/5F/CM29/DOOR R NR AHU RM
4:6-30,HMS-S/D/M/SA,L6,B,B/L6/WC/5F/MCP30/FIRE SHAFT L.L.
4:6-31,HTRI-R,L6,B,B/L6/WC/5F/CM31/FIRE SHAFT L/L
4:6-32,HTRI-S,L6,B,B/L6/WC/5F/MM32/FIRE SHAFT L.L.
4:6-33,HTRI-R,L6,B,B/L6/WC/5F/CM33/DOOR R NR E.R.
4:6-34,HMS-S/D/M/SA,L6,B,B/L6/WC/5F/MCP34/STR NR AW 5030
4:6-35,HTRI-R,L6,B,B/L6/WC/5F/CM35/STR NR AW 5030
4:6-36,HMS-S/D/M/SA,L6,B,B/L6/WC/5F/MCP36/STR NR BW5032
4:6-37,HTRI-R,L6,B,B/L6/WC/5F/CM37/STR NR BW5032
4:6-38,FDOT421,L6,B,B/L6/WC/6F/SD38/Electric room
4:6-39,FDOT421,L6,B,B/L6/WC/6F/SD39/CorrNr AW6190AFC
4:6-40,FDOT421,L6,B,B/L6/WC/6F/SD40/CORR NR AW 6190
4:6-41,FDOT421,L6,B,B/L6/WC/6F/SD41/CorrNr A6/S11AFC
4:6-42,FDOT421,L6,B,B/L6/WC/6F/SD42/CORR NR BW6/S11
4:6-43,FDOT421,L6,B,B/L6/WC/6F/SD43/CORR NR AW6220
4:6-44,FDOT421,L6,B,B/L6/WC/6F/SD44/CorrNr AW6220AFC
4:6-45,FDOT421,L6,B,B/L6/WC/6F/SD45/CORR NR AW6240
4:6-46,FDOT421,L6,B,B/L6/WC/6F/SD46/LIFT LOBBY SD
4:6-47,FDOT421,L6,B,B/L6/WC/6F/SD47/LIFT LOBBY SD
4:6-48,FDOT421,L6,B,B/L6/WC/6F/SD48/CORR NR BW S/19
4:6-49,FDOT421,L6,B,B/L6/WC/6F/SD49/AFC SD Nr BW6081
4:6-50,FDOT421,L6,B,B/L6/WC/6F/SD50/CORR NR BW6081
4:6-51,FDOT421,L6,B,B/L6/WC/6F/SD51/CorrNrBW6/S18AFC
4:6-52,FDOT421,L6,B,B/L6/WC/6F/SD52/Corr Nr BW6-S/18
4:6-53,FDOT421,L6,B,B/L6/WC/6F/SD53/AFC CORR NR AHU 
4:6-54,FDOT421,L6,B,B/L6/WC/6F/SD54/CORR NR BW6070
4:6-55,FDOT421,L6,B,B/L6/WC/6F/SD55/CORR NR BW6060
4:6-56,FDOT421,L6,B,B/L6/WC/6F/SD56/CorrNr BW6040AFC
4:6-57,FDOT421,L6,B,B/L6/WC/6F/SD57/CORR NR BW6040
4:6-58,FDOT421,L6,B,B/L6/WC/6F/SD58/AHU RM SD
4:6-59,HTRI-R,L6,B,B/L6/WC/6F/CM59/AHU RM CM
4:6-60,HTRI-R,L6,B,B/L6/WC/6F/CM60/DOOR R CM NR AHU
4:6-61,HMS-S/D/M/SA,L6,B,B/L6/WC/6F/MCP61/FIRE SHAFT L.L.
4:6-62,HTRI-R,L6,B,B/L6/WC/6F/CM62/FIRE SHAFT L.L.
4:6-63,HTRI-S,L6,B,B/L6/WC/6F/MM63/FIRE SHAFT L.L.
4:6-64,HTRI-R,L6,B,B/L6/WC/6F/CM64/DOOR R NR E.R. W
4:6-65,HMS-S/D/M/SA,L6,B,B/L6/WC/6F/MCP65/STR NR AW6120
4:6-66,HTRI-R,L6,B,B/L6/WC/6F/CM66/STR NR AW6120
4:6-67,HTRI-S,L6,B,B/L6/5F/MM67/BC5010A
4:6-68,HTRI-S,L6,B,B/L6/5F/MM68/BW5110
4:6-75,HTRI-S,L6,B,B/L6/5F/MM75/BW5041
4:6-76,HTRI-S,L6,B,B/L6/5F/MM76/BW5032
4:6-77,HTRI-S,L6,B,B/L6/5F/MM77/BW5120
4:6-78,HTRI-S,L6,B,B/L6/5F/MM78/BW5031
4:6-80,HTRI-S,L6,B,B/L6/5F/MM80/BW5130
4:6-87,HTRI-S,L6,B,B/L6/5F/MM87/BW5151
4:6-94,HTRI-S,L6,B,B/L6/5F/MM94/AW5080
4:6-95,HTRI-S,L6,B,B/L6/5F/MM95/AW5051/52
4:6-96,HTRI-S,L6,B,B/L6/5F/MM96/AW5042
4:6-97,HTRI-S,L6,B,B/L6/5F/MM97/AW5090
4:6-99,HTRI-S,L6,B,B/L6/5F/MM99/AW5041
4:6-102,HTRI-S,L6,B,B/L6/6F/MM102/AW6120
4:6-104,HTRI-S,L6,B,B/L6/6F/MM104/AW6130
4:6-105,HTRI-S,L6,B,B/L6/6F/MM105/AW6230
4:6-106,HTRI-S,L6,B,B/L6/6F/MM106/AW6140
4:6-107,HTRI-S,L6,B,B/L6/6F/MM107/AW6150
4:6-108,HTRI-S,L6,B,B/L6/6F/MM108/AW6220
4:6-112,HTRI-S,L6,B,B/L6/6F/MM112/AW6180
4:6-116,HTRI-S,L6,B,B/L6/6F/MM116/BW6091
4:6-117,HTRI-S,L6,B,B/L6/6F/MM117/BW6020A
4:6-119,HTRI-S,L6,B,B/L6/6F/MM119/BW6081
4:6-120,HTRI-S,L6,B,B/L6/6F/MM120/BW6070
4:6-124,HTRI-S,L6,B,B/L6/6F/MM124/BW6012
4:6-128,HTRI-S,L6,B,B/L6/5F/MM128/BW5011
4:6-130,HFP-11,L6,B,B/L6/BW6050/SD130/Assortor cabin
4:6-131,HFP-11,L6,B,B/L6/AW6210/SD131/Main cabin
4:6-132,HFP-11,L6,B,B/L6/AW6210/SD132/Passage Area
4:6-133,HFP-11,L6,B,B/L6/AW6210/SD133/Reception
4:6-134,HTRI-R,L6,B,B/L6/AW6210/CM134/Passage Area
4:6-135,HMS-S/D/M/SA,L6,B,B/L6/AW6210/MCP135/Passage Area
4:6-136,HFP-11,L6,B,B/L6/AW6190/SD136/Main cabin
4:6-137,HFP-11,L6,B,B/L6/AW6190/SD137/Account Depart
4:6-138,HFP-11,L6,B,B/L6/AW6190/SD138/Reception
4:6-139,HFP-11,L6,B,B/L6/AW6190/SD139/Pantry
4:6-140,HTRI-R,L6,B,B/L6/AW6190/CM140/Passage Area
4:6-141,HMS-S/D/M/SA,L6,B,B/L6/AW6190/MCP141/Passage Area
4:6-142,HFP-11,L6,B,B/L6/AW6200/SD142/Main cabin
4:6-143,HFP-11,L6,B,B/L6/AW6200/SD143/Account Depart
4:6-144,HFP-11,L6,B,B/L6/AW6200/SD144/Reception
4:6-145,HFP-11,L6,B,B/L6/AW6200/SD145/Pantry
4:6-146,HTRI-R,L6,B,B/L6/AW6200/CM146/Passage Area
4:6-147,HMS-S/D/M/SA,L6,B,B/L6/AW6200/MCP147/Passage Area
4:6-148,HFP-11,L6,B,B/L6/AW5061/SD148/Main cabin
4:6-149,HFP-11,L6,B,B/L6/AW5061/SD149/Conference Roo
4:6-150,HFP-11,L6,B,B/L6/AW5061/SD150/Store Room
4:6-151,HFP-11,L6,B,B/L6/AW5061/SD151/Account Depart
4:6-152,HFP-11,L6,B,B/L6/AW5061/SD152/Pantry
4:6-153,HFP-11,L6,B,B/L6/AW5061/SD153/Passage Area
4:6-154,HFP-11,L6,B,B/L6/AW5061/SD154/Reception
4:6-155,HTRI-R,L6,B,B/L6/AW5061/CM155/Passage Area
4:6-156,HMS-S/D/M/SA,L6,B,B/L6/AW5061/MCP156/Entry door
4:6-157,HFP-11,L6,B,B/L6/AW5100/SD157/Passage Area 1
4:6-158,HFP-11,L6,B,B/L6/AW5100/SD158/Passage Area 2
4:6-159,HFP-11,L6,B,B/L6/AW5100/SD159/Account Depart
4:6-160,HFP-11,L6,B,B/L6/AW5100/SD160/Store Room
4:6-161,HFP-11,L6,B,B/L6/AW5100/SD161/Main cabin
4:6-162,HTRI-R,L6,B,B/L6/AW5100/CM162/Entry Door
4:6-163,HMS-S/D/M/SA,L6,B,B/L6/AW5100/MCP163/Entry Door
4:6-164,HFP-11,L6,B,B/L6/AW5110/SD164/Main Cabin
4:6-165,HFP-11,L6,B,B/L6/AW5110/SD165/Assorter Room
4:6-166,HFP-11,L6,B,B/L6/AW5110/SD166/Pantry
4:6-167,HTRI-R,L6,B,B/L6/AW5110/CM167/Main Cabin
4:6-168,HMS-S/D/M/SA,L6,B,B/L6/AW5110/MCP168/Main Cabin
4:6-169,HFP-11,L6,B,B/L6/BW6092/SD169/STAFF CAB
4:6-170,HFP-11,L6,B,B/L6/SD170/BW6092/STAFF CAB
4:6-171,HTRI-R,L6,B,B/L6/CM171/BW6092/AFC ENTRY PSG
4:6-172,HMS-S/D/M/SA,L6,B,B/L6/MCP172/BW6092/ENTRY DOOR PS
4:6-189,HFP-11,L6,B,B/L6/BW6040/SD189/Psg near Ptry
4:6-190,HFP-11,L6,B,B/L6/BW6040/SD190/Cab 1
4:6-191,HFP-11,L6,B,B/L6/BW6040/SD191/Cab 2
4:6-192,HFP-11,L6,B,B/L6/BW6040/SD192/Cab 2
4:6-193,HMS-S/D/M/SA,L6,B,B/L6/BW6040/MCP193/Psg near Entr
4:6-199,HFP-11,L6,B,B/L6/BW 6011/SD199/Psg Nr Assort
4:6-200,HFP-11,L6,B,B/L6/BW 6011/SD200/Assortor Cab1
4:6-201,HFP-11,L6,B,B/L6/BW 6011/SD201/Assortor Cab2
4:6-202,HFP-11,L6,B,B/L6/BW 6011/SD202/Main Cab
4:6-203,HTRI-R,L6,B,B/L6/BW 6011/CM203/Entry Dr
4:6-204,HMS-S/D/M/SA,L6,B,B/L6/BW 6011/MCP204/Entry Dr
4:6-205,HTRI-R,L6,B,B/L6/BW6040/CM205/Psg near Entry
4:6-215,HFP-11,L6,B,B/L6/BW6030B/SD215/Main cabin
4:6-216,HFP-11,L6,B,B/L6/BW6030B/SD216/Main cabin
4:6-217,HFP-11,L6,B,B/L6/BW6030B/SD217/Assorter cab
4:6-218,HMS-S/D/M/SA,L6,B,B/L6/BW6030B/MCP218/Psg nr Entry
4:6-219,HTRI-R,L6,B,B/L6/BW6030B/CM219/Psg nr Entry 
4:6-219,HTRI-R,L6,B,B/L6/BW6030B/CM219/Psg nr Entry 
4:6-224,HFP-11,L6,B,B/L6/BW6060/SD224/Main cabin
4:6-225,HFP-11,L6,B,B/L6/BW6060/SD225/Assorter cabin
4:6-226,HFP-11,L6,B,B/L6/BW6060/SD226/Psg nr Entranc
4:6-227,HMS-S/D/M/SA,L6,B,B/L6/BW6060/MCP227/Psg nr Entry 
4:6-228,HTRI-R,L6,B,B/L6/BW6060/CM228/Psg nr Entry 
4:6-229,HFP-11,L6,B,B/L6/BW6030B/SD229/AFC Entry dr 
4:6-230,HFP-11,L6,B,B/L6/BW6030B/SD230/AFC Entry dr 
4:6-231,HTRI-R,L6,B,B/L6/BW6050/CM231/AFC Entry Psg
4:6-232,HMS-S/D/M/SA,L6,B,B/L6/BW6050/MCP232/Entry Psg
4:6-233,HFP-11,L6,B,B/L6/BW6050/SD233/Main cabin
4:6-234,HFP-11,L6,B,B/L6/BW6050/SD234/Entry Psg
4:6-240,HFP-11,L6,B,B/L6/BW5141-42/SD240/Main CAB
4:6-241,HFP-11,L6,B,B/L6/BW5141-42/SD241/Main CAB
4:6-242,HFP-11,L6,B,B/L6/BW5141-42/SD242/Account CAB
4:6-243,HFP-11,L6,B,B/L6/BW5141-42/SD243/Psg NR Acco
4:6-244,HFP-11,L6,B,B/L6/BW5141-42/SD244/Buyer CAB
4:6-245,HFP-11,L6,B,B/L6/BW5141-42/SD245/Assortor Ca
4:6-246,HFP-11,L6,B,B/L6/BW5141-42/SD246/Pantry
4:6-247,HFP-11,L6,B,B/L6/BW5141-42/SD247/Enyrt Psg
4:6-248,HTRI-R,L6,B,B/L6/BW5141-42/CM248/Enyrt Psg A
4:6-249,HMS-S/D/M/SA,L6,B,B/L6/BW5141-42/MCP249/Enyrt Psg
4:7-1,FDOT421,L7,B,B/L7/CC/7F/SD1/ELECTRICAL RM SD
4:7-2,FDOT421,L7,B,B/L7/CC/7F/SD2/CORR NR BC 7012AF
4:7-3,FDOT421,L7,B,B/L7/CC/7F/SD3/CORR NR BC 7012
4:7-4,HTRI-R,L7,B,B/L7/CC/7F/CM4/FIRE SHAFT L.L.
4:7-5,HTRI-S,L7,B,B/L7/CC/7F/MM5/FIRE SHAFT L.L.
4:7-6,HMS-S/D/M/SA,L7,B,B/L7/CC/7F/MCP6/FIRE SHAFT L.L.
4:7-7,FDOT421,L7,B,B/L7/CC/7F/SD7/LIFT LOBBY SD
4:7-8,FDOT421,L7,B,B/L7/CC/7F/SD8/LIFT LOBBY SD
4:7-9,FDOT421,L7,B,B/L7/EC/7F/SD9/CORR NR AHU AFC
4:7-10,FDOT421,L7,B,B/L7/EC/7F/SD10/CORR NR AHU
4:7-11,FDOT421,L7,B,B/L7/EC/7F/SD11/ELECTRICAL RM SD
4:7-12,FDOT421,L7,B,B/L7/EC/7F/SD12/AHU RM SD
4:7-13,HTRI-R,L7,B,B/L7/EC/7F/CM13/AHU RM CM
4:7-14,FDOT421,L7,B,B/L7/EC/7F/SD14/LIFT LOBBY SD
4:7-15,HMS-S/D/M/SA,L7,B,B/L7/EC/7F/MCP15/FIRE SHAFT L.L.
4:7-16,HTRI-R,L7,B,B/L7/EC/7F/CM16/FIRE SHAFT L.L.
4:7-16,HTRI-R,L7,B,B/L7/EC/7F/CM16/FIRE SHAFT L.L.
4:7-17,HTRI-S,L7,B,B/L7/EC/7F/MM17/FIRE SHAFT L.L.
4:7-20,FDOT421,L7,B,B/L7/CC/6F/SD20/ELECTRICAL RM
4:7-23,HTRI-R,L7,B,B/L7/CC/6F/CM23/FIRE HYD SHAFT
4:7-24,HTRI-S,L7,B,B/L7/CC/6F/MM24/FIRE HYD SHAFT
4:7-25,HMS-S/D/M/SA,L7,B,B/L7/CC/6F/MCP25/FIRE ESCAPE STR
4:7-26,FDOT421,L7,B,B/L7/CC/6F/SD26/LIFT LOBBY
4:7-27,FDOT421,L7,B,B/L7/CC/6F/SD27/LIFT LOBBY
4:7-29,FDOT421,L7,B,B/L7/CC/6F/SD29/AFC CorrNr AHU R
4:7-30,FDOT421,L7,B,B/L7/CC/6F/SD30/ Corr NR AHU RM
4:7-31,FDOT421,L7,B,B/L7/EC/6F/SD31/AFC CorrNr ELE R
4:7-32,FDOT421,L7,B,B/L7/EC/6F/SD32/ Corr NR ELE RM
4:7-33,FDOT421,L7,B,B/L7/EC/6F/SD33/ELECTRICAL RM
4:7-34,FDOT421,L7,B,B/L7/EC/6F/SD34/AHU RM
4:7-35,HTRI-R,L7,B,B/L7/EC/6F/CM35/AHU RM
4:7-36,FDOT421,L7,B,B/L7/EC/6F/SD36/LIFT LOBBY
4:7-37,HMS-S/D/M/SA,L7,B,B/L7/EC/6F/MCP37/FIRE ESCAPE STR
4:7-38,HTRI-R,L7,B,B/L7/EC/6F/CM38/FIRE HYD SHAFT
4:7-39,HTRI-S,L7,B,B/L7/EC/6F/MM39/FIRE HYD SHAFT
4:7-42,HTRI-R,L7,B,B/L7/CC/6F/CM42/AHU RM
4:7-43,FDOT421,L7,B,B/L7/CC/6F/SD43/AHU RM
4:7-46,HTRI-R,L7,B,B/L7/CC/6F/CM46/Corr.Nr Fire Esc
4:7-56,HMS-S/D/M/SA,L7,B,B/L7/CC/7F/MCP56/Corr.Nr Fire Es
4:7-59,FDOT421,L7,B,B/L7/CC/7F/SD59/AHU RM SD
4:7-60,HTRI-R,L7,B,B/L7/CC/7F/CM60/AHU RM CM
4:7-72,HTRI-R,L7,B,B/L7/EC/7F/CM72/FIRE ESCAPE STR 
4:7-77,HTRI-S,L7,B,B/L7/6F/MM77/BE6011
4:7-79,HTRI-S,L7,B,B/L7/6F/MM79/BC6021A
4:7-80,HTRI-S,L7,B,B/L7/6F/MM80/BC6021B
4:7-81,HTRI-S,L7,B,B/L7/6F/MM81/BC6021C
4:7-98,HFP-11,L7,B,B/L7/BC7011/SD98/Psg nr Main Ent
4:7-99,HFP-11,L7,B,B/L7/BC7011/SD99/AFC Conf 1
4:7-100,HFP-11,L7,B,B/L7/BC7011/SD100/Export Dept
4:7-101,HFP-11,L7,B,B/L7/BC7011/SD101/Bank Dept
4:7-102,HFP-11,L7,B,B/L7/BC7011/SD102/AFC Bank Dept
4:7-103,HFP-11,L7,B,B/L7/BC7011/SD103/Psg nr Export 
4:7-104,HFP-11,L7,B,B/L7/BC7011/SD104/AFC Export Dep
4:7-105,HFP-11,L7,B,B/L7/BC7011/SD105/Psg nr Bank De
4:7-106,HFP-11,L7,B,B/L7/BC7011/SD106/Accounts Dept
4:7-107,HFP-11,L7,B,B/L7/BC7011/SD107/AFC Accounts D
4:7-108,HFP-11,L7,B,B/L7/BC7011/SD108/Server Rm
4:7-109,HFP-11,L7,B,B/L7/BC7011/SD109/AFC Server Rm
4:7-110,HFP-11,L7,B,B/L7/BC7011/SD110/Asst cab1
4:7-111,HFP-11,L7,B,B/L7/BC7011/SD111/AFC Asst cab 1
4:7-112,HFP-11,L7,B,B/L7/BC7011/SD112/Psg nr Asst ca
4:7-113,HFP-11,L7,B,B/L7/BC7011/SD113/Psg nr Asst ca
4:7-114,HFP-11,L7,B,B/L7/BC7011/SD114/Psg near Pantr
4:7-115,HFP-11,L7,B,B/L7/BC7011/SD115/Pantry
4:7-116,HFP-11,L7,B,B/L7/BC7011/SD116/Pantry
4:7-117,HFP-11,L7,B,B/L7/BC7011/SD117/AFC Pantry
4:7-118,HTRI-R,L7,B,B/L7/BC7011/CM118/AFC Recp Area1
4:7-119,HFP-11,L7,B,B/L7/BC7011/SD119/Electric rm
4:7-120,HFP-11,L7,B,B/L7/BC7011/SD120/Asst cab 2
4:7-121,HFP-11,L7,B,B/L7/BC7011/SD121/AFC Asst cab 2
4:7-122,FDOT421,L7,B,B/L7/BC7011/SD122/Secreatory sta
4:7-123,HFP-11,L7,B,B/L7/BC7011/SD123/AFC secreatory
4:7-124,HFP-11,L7,B,B/L7/BC7011/SD124/Audit cab
4:7-125,HFP-11,L7,B,B/L7/BC7011/SD125/AFC Audit cab
4:7-126,HFP-11,L7,B,B/L7/BC7011/SD126/CS Cab
4:7-127,HFP-11,L7,B,B/L7/BC7011/SD127/AFC CS Cab
4:7-128,HFP-11,L7,B,B/L7/BC7011/SD128/Manager cab
4:7-129,HFP-11,L7,B,B/L7/BC7011/SD129/AFC Manger cab
4:7-130,HFP-11,L7,B,B/L7/BC7011/SD130/Psg nr CS Cab
4:7-131,HFP-11,L7,B,B/L7/BC7011/SD131/Psg nr Manager
4:7-132,HFP-11,L7,B,B/L7/BC7011/SD132/Reception Area
4:7-133,HFP-11,L7,B,B/L7/BC7011/SD133/Admin cab
4:7-134,HFP-11,L7,B,B/L7/BC7011/SD134/AFC Admin cab
4:7-135,HFP-11,L7,B,B/L7/BC7011/SD135/AFC Conf 1
4:7-136,HFP-11,L7,B,B/L7/BC7011/SD136/Boiling Rm
4:7-137,HFP-11,L7,B,B/L7/BC7011/SD137/Psg nr Entry D
4:7-138,HFP-11,L7,B,B/L7/BC7011/SD138/Psg nr Assort 
4:7-139,HFP-11,L7,B,B/L7/BC7011/SD139/Asst cab 3
4:7-140,HFP-11,L7,B,B/L7/BC7011/SD140/AFC Asst cab 3
4:7-141,HFP-11,L7,B,B/L7/BC7011/SD141/Asst cab 4
4:7-142,HFP-11,L7,B,B/L7/BC7011/SD142/AFC Asst cab 4
4:7-143,HFP-11,L7,B,B/L7/BC7011/SD143/Boss cab 1
4:7-144,HFP-11,L7,B,B/L7/BC7011/SD144/AFC Boss cab 1
4:7-145,HFP-11,L7,B,B/L7/BC7011/SD145/Boss cab 2
4:7-146,HFP-11,L7,B,B/L7/BC7011/SD146/Boss cab3
4:7-147,HFP-11,L7,B,B/L7/BC7011/SD147/AFC Boss cab 3
4:7-148,HFP-11,L7,B,B/L7/BC7011/SD148/Boss Cab 4
4:7-149,HMS-S/D/M/SA,L7,B,B/L7/BC 7011/MCP149/Main Entry A
4:7-150,HFP-11,L7,B,B/L7/BC7011/SD150/Pantry 2
4:7-151,HMS-S/D/M/SA,L7,B,B/L7/BC 7011/MCP151/Staff Entry
4:7-152,HFP-11,L7,B,B/L7/BC7011/SD152/Psg nr pantry 
4:7-153,HMS-S/D/M/SA,L7,B,B/L7/BC 7011/MCP153/Recp Area 1
4:7-156,HFP-11,L7,B,B/L7/BC6010/SD156/cab 1
4:7-157,HFP-11,L7,B,B/L7/BC6010/SD157/cab 1
4:7-158,HFP-11,L7,B,B/L7/BC6010/SD158/cab 1
4:7-159,HFP-11,L7,B,B/L7/BC6010/SD159/cab 2
4:7-160,HFP-11,L7,B,B/L7/BC6010/SD160/cab 3
4:7-161,HFP-11,L7,B,B/L7/BC6010/SD161/cab 3
4:7-162,HFP-11,L7,B,B/L7/BC6010/SD162/Psg near cab 3
4:7-163,HFP-11,L7,B,B/L7/BC6010/SD163/cab 4
4:7-164,HFP-11,L7,B,B/L7/BC6010/SD164/cab 4
4:7-165,HFP-11,L7,B,B/L7/BC6010/SD165/cab 5
4:7-166,HFP-11,L7,B,B/L7/BC6010/SD166/cab 6
4:7-167,HFP-11,L7,B,B/L7/BC6010/SD167/cab 7
4:7-168,HFP-11,L7,B,B/L7/BC6010/SD168/cab 7
4:7-169,HFP-11,L7,B,B/L7/BC6010/SD169/Psg near cab 7
4:7-170,HFP-11,L7,B,B/L7/BC6010/SD170/Psg near cab 8
4:7-171,HFP-11,L7,B,B/L7/BC6010/SD171/cab 8
4:7-172,HFP-11,L7,B,B/L7/BC6010/SD172/cab 8
4:7-173,HFP-11,L7,B,B/L7/BC6010/SD173/Psg nr Kitchen
4:7-174,HFP-11,L7,B,B/L7/BC6010/SD174/Cab 9
4:7-175,HFP-11,L7,B,B/L7/BC6010/SD175/Cab 9
4:7-176,HFP-11,L7,B,B/L7/BC6010/SD176/Psg near cabin
4:7-177,HFP-11,L7,B,B/L7/BC6010/SD177/Psg near cabin
4:7-178,HFP-11,L7,B,B/L7/BC6010/SD178/Cabin 16
4:7-179,HFP-11,L7,B,B/L7/BC6010/SD179/Cabin 17
4:7-180,HFP-11,L7,B,B/L7/BC6010/SD180/Psg near cab 1
4:7-181,HFP-11,L7,B,B/L7/BC6010/SD181/cab 10
4:7-182,HFP-11,L7,B,B/L7/BC6010/SD182/cab 11
4:7-183,HFP-11,L7,B,B/L7/BC6010/SD183/cab 18
4:7-184,HFP-11,L7,B,B/L7/BC6010/SD184/Psg near cab 1
4:7-185,HFP-11,L7,B,B/L7/BC6010/SD185/cab 12
4:7-186,HFP-11,L7,B,B/L7/BC6010/SD186/Psg near cab 1
4:7-187,HFP-11,L7,B,B/L7/BC6010/SD187/cab 14
4:7-188,HFP-11,L7,B,B/L7/BC6010/SD188/cab 15
4:7-189,HFP-11,L7,B,B/L7/BC6010/SD189/Psg nr cab 15
4:7-190,HFP-11,L7,B,B/L7/BC6010/SD190/Lunch room
4:7-191,HFP-11,L7,B,B/L7/BC6010/SD191/Lunch room
4:7-192,HFP-11,L7,B,B/L7/BC6010/SD192/cab 20
4:7-193,HFP-11,L7,B,B/L7/BC6010/SD193/cab 20
4:7-194,HFP-11,L7,B,B/L7/BC6010/SD194/cab 20
4:7-195,HFP-11,L7,B,B/L7/BC6010/SD195/cab 21
4:7-196,HFP-11,L7,B,B/L7/BC6010/SD196/cab 22
4:7-197,HFP-11,L7,B,B/L7/BC6010/SD197/cab 23
4:7-198,HFP-11,L7,B,B/L7/BC6010/SD198/cab 23
4:7-199,HFP-11,L7,B,B/L7/BC6010/SD199/cab 23
4:7-200,HFP-11,L7,B,B/L7/BC6010/SD200/Psg near cab 3
4:7-201,HFP-11,L7,B,B/L7/BC6010/SD201/Psg near cab 3
4:7-202,HFP-11,L7,B,B/L7/BC6010/SD202/cab 24
4:7-203,HFP-11,L7,B,B/L7/BC6010/SD203/cab 24
4:7-204,HFP-11,L7,B,B/L7/BC6010/SD204/cab 26
4:7-205,HFP-11,L7,B,B/L7/BC6010/SD205/Psg near cab 5
4:7-206,HFP-11,L7,B,B/L7/BC6010/SD206/cab 25
4:7-207,HMS-S/D/M/SA,L7,B,B/L7/BC6010/MCP207/Psg nr cab 15
4:7-208,HMS-S/D/M/SA,L7,B,B/L7/BC6010/MCP208/Psg nr cab 17
4:7-209,HTRI-R,L7,B,B/L7/BC6010/CM209/Psg near BC En
4:7-210,HFP-11,L7,B,B/L7/BC7011/SD210/Reception 2
4:7-211,HFP-11,L7,B,B/L7/BC7011/SD211/AFC Reception 
4:7-212,HFP-11,L7,B,B/L7/BC7011/SD212/Reception 2
4:7-213,HFP-11,L7,B,B/L7/BC7011/SD213/Conference 2
4:7-214,HFP-11,L7,B,B/L7/BC7011/SD214/Aditya cab
4:7-215,HFP-11,L7,B,B/L7/BC7011/SD215/AFC Aditya cab
4:7-216,HFP-11,L7,B,B/L7/BC7011/SD216/AFC Reception 
4:7-217,HFP-11,L7,B,B/L7/BC7011/SD217/AFC Darpan cab
4:7-218,HFP-11,L7,B,B/L7/BC7011/SD218/AFC Darpan cab
4:7-219,HFP-11,L7,B,B/L7/BC7011/SD219/Shreyashbhai c
4:7-220,HFP-11,L7,B,B/L7/BC7011/SD220/AFC Shreyasbha
4:7-221,HFP-11,L7,B,B/L7/BC7011/SD221/File store
4:7-222,HFP-11,L7,B,B/L7/BC7011/SD222/Psg nr File st
4:7-223,HFP-11,L7,B,B/L7/BC7011/SD223/Psg AFC file s
4:7-224,FDOT421,L7,B,B/L7/BC7011/SD224/Filling room
4:7-225,FDOT421,L7,B,B/L7/BC7011/SD225/AFC filling ro
4:7-226,HTRI-R,L7,B,B/L7/BC6010/CM226/Psg nr BW Entr
4:7-227,HMS-S/D/M/SA,L7,B,B/L7/BC6010/MCP227/BC Entry
4:7-228,HFPT-11,L7,B,B/L7/BC6010/HD228/BC Pantry
4:7-229,HFP-11,L7,B,B/L7/BC6010/SD229/Psg nr BC Pant
4:7-230,HFP-11,L7,B,B/L7/BC6010/SD230/BW Pantry
4:7-231,HMS-S/D/M/SA,L7,B,B/L7/BC6010/MCP231/BW Entry
4:7-232,HFP-11,L7,B,B/L7/BC6010/SD232/BC Reception
4:7-236,HMS-S/D/M/SA,L7,B,B/L7/BC6010/MCP236/FIRE STR 
4:8-1,FDOT421,L8,B,B/L8/WC/7F/SD1/ELECTRICAL RM
4:8-2,FDOT421,L8,B,B/L8/WC/7F/SD2/CorrNr BW7030 AFC
4:8-3,FDOT421,L8,B,B/L8/WC/7F/SD3/CorrNr BW7030
4:8-4,FDOT421,L8,B,B/L8/WC/7F/SD4/CorrNr BW7012AFC
4:8-5,FDOT421,L8,B,B/L8/WC/7F/SD5/CORR NR BW7012
4:8-6,FDOT421,L8,B,B/L8/WC/7F/SD6/LIFT LOBBY SD
4:8-7,FDOT421,L8,B,B/L8/WC/7F/SD7/LIFT LOBBY SD
4:8-8,FDOT421,L8,B,B/L8/WC/7F/SD8/CorrNr BW9/S19AFC
4:8-9,FDOT421,L8,B,B/L8/WC/7F/SD9/CORR NR BW7/S19
4:8-10,FDOT421,L8,B,B/L8/WC/7F/SD10/CORR NR BW7/S18
4:8-11,FDOT421,L8,B,B/L8/WC/7F/SD11/CORR NR DC2 AFC
4:8-12,FDOT421,L8,B,B/L8/WC/7F/SD12/CORR NR AHU RM
4:8-14,HTRI-S,L8,B,B/L8/9F/MM14/BW9010
4:8-15,FDOT421,L8,B,B/L8/WC/7F/SD15/AHU RM SD
4:8-16,HTRI-R,L8,B,B/L8/WC/7F/CM16/AHU RM CM
4:8-17,HMS-S/D/M/SA,L8,B,B/L8/WC/7F/MCP17/FIRE SHAFT L.L.
4:8-18,HTRI-R,L8,B,B/L8/WC/7F/CM18/FIRE SHAFT L.L.
4:8-19,HTRI-S,L8,B,B/L8/WC/7F/MM19/FIRE SHAFT L.L.
4:8-20,HTRI-R,L8,B,B/L8/WC/7F/CM20/DOOR R NR L.L.
4:8-21,FDOT421,L8,B,B/L8/WC/8F/SD21/ELECTRICAL RM SD
4:8-22,FDOT421,L8,B,B/L8/WC/8F/SD22/CorrNr BW8030AFC
4:8-23,FDOT421,L8,B,B/L8/WC/8F/SD23/CORR NR BW8030
4:8-24,FDOT421,L8,B,B/L8/WC/8F/SD24/LIFT LOBBY SD
4:8-25,FDOT421,L8,B,B/L8/WC/8F/SD25/LIFT LOBBY SD
4:8-26,FDOT421,L8,B,B/L8/WC/8F/SD26/CORR NR BW 8013
4:8-27,FDOT421,L8,B,B/L8/WC/8F/SD27/CorrNr BW8012AFC
4:8-28,FDOT421,L8,B,B/L8/WC/8F/SD28/AHU RM SD
4:8-29,HTRI-R,L8,B,B/L8/WC/8F/CM29/AHU RM CM
4:8-30,HMS-S/D/M/SA,L8,B,B/L8/WC/8F/MCP30/FIRE SHAFT L.L.
4:8-31,HTRI-R,L8,B,B/L8/WC/8F/CM31/FIRE SHAFT L.L.
4:8-32,HTRI-S,L8,B,B/L8/WC/8F/MM32/FIRE SHAFT L.L.
4:8-33,FDOT421,L8,B,B/L8/WC/9F/SD33/ELECTRICAL RM SD
4:8-34,FDOT421,L8,B,B/L8/WC/9F/SD34/CorrNr BW9022AFC
4:8-35,FDOT421,L8,B,B/L8/WC/9F/SD35/CORR NR BW9021
4:8-36,FDOT421,L8,B,B/L8/WC/9F/SD36/LIFT LOBBY SD
4:8-37,FDOT421,L8,B,B/L8/WC/9F/SD37/LIFT LOBBY SD
4:8-38,HMS-S/D/M/SA,L8,B,B/L8/WC/9F/MCP38/FIRE SHAFT L.L.
4:8-39,HTRI-R,L8,B,B/L8/WC/9F/CM39/FIRE SHAFT L.L.
4:8-40,HTRI-S,L8,B,B/L8/WC/9F/MM40/FIRE SHAFT L.L.
4:8-41,FDOT421,L8,B,B/L8/WC/9F/SD41/AHU RM SD
4:8-42,HTRI-R,L8,B,B/L8/WC/9F/CM42/AHU RM CM
4:8-43,FDOT421,L8,B,B/L8/WC/SD43/TERACE LIFT RM BW
4:8-44,FDOT421,L8,B,B/L8/WC/SD44/TERACE LIFT RM BW
4:8-45,FDOT421,L8,B,B/L8/WC/SD45/TERACE LIFT RM BW
4:8-46,FDOT421,L8,B,B/L8/WC/SD46/TERACE LIFT RM BW
4:8-47,FDOT421,L8,B,B/L8/WC/SD47/TERACE LIFT RM BW
4:8-48,HTRI-R,L8,B,B/L8/WC/CM48/TERACE LIFT RM BW
4:8-55,HTRI-S,L8,B,B/L8/7F/MM55/BW7020A
4:8-60,HTRI-S,L8,B,B/L8/7F/MM60/BW7030
4:8-61,HTRI-S,L8,B,B/L8/8F/MM61/BW8012
4:8-62,HTRI-S,L8,B,B/L8/8F/MM62/BW8013
4:8-63,HTRI-S,L8,B,B/L8/8F/MM63/BW8011
4:8-64,HTRI-S,L8,B,B/L8/8F/MM64/BW8030
4:8-65,HTRI-S,L8,B,B/L8/8F/MM65/BW8020
4:8-66,HTRI-S,L8,B,B/L8/8F/MM66/BW8012
4:8-67,HTRI-S,L8,B,B/L8/9F/MM67/BW9022
4:8-68,HTRI-S,L8,B,B/L8/9F/MM68/BW9030
4:8-70,HFP-11,L8,B,B/L8/BW7012/SD70/Reception
4:8-71,HFP-11,L8,B,B/L8/BW7012/SD71/Psg near Recept
4:8-72,HFP-11,L8,B,B/L8/BW7012/SD72/Cab 1
4:8-73,HFP-11,L8,B,B/L8/BW7012/SD73/Cab 2
4:8-74,HFP-11,L8,B,B/L8/BW7012/SD74/Cab 3
4:8-75,HFP-11,L8,B,B/L8/BW7012/SD75/Psg nr cab 2
4:8-76,HFP-11,L8,B,B/L8/BW7012/SD76/Assorter cab 1
4:8-77,HFP-11,L8,B,B/L8/BW7012/SD77/Assorter cab 2
4:8-78,HFP-11,L8,B,B/L8/BW7012/SD78/Cab 4
4:8-79,HFP-11,L8,B,B/L8/BW7012/SD79/Cab 5
4:8-80,HFP-11,L8,B,B/L8/BW7012/SD80/Cab 6
4:8-81,HFP-11,L8,B,B/L8/BW7012/SD81/Accounts cab
4:8-82,HFP-11,L8,B,B/L8/BW7012/SD82/Cab 7
4:8-83,HFP-11,L8,B,B/L8/BW7012/SD83/Psg nr cab 7
4:8-84,HFP-11,L8,B,B/L8/BW7012/SD84/Psg nr cab 7
4:8-85,HFP-11,L8,B,B/L8/BW7012/SD85/Cab 8
4:8-86,HFP-11,L8,B,B/L8/BW7012/SD86/Conference rm 1
4:8-87,HFP-11,L8,B,B/L8/BW7012/SD87/Conference rm 2
4:8-88,HFP-11,L8,B,B/L8/BW7012/SD88/Pantry
4:8-89,HFP-11,L8,B,B/L8/BW7012/SD89/Main cab 1
4:8-90,HFP-11,L8,B,B/L8/BW7012/SD90/Main cab 2
4:8-91,HFP-11,L8,B,B/L8/BW7012/SD91/Cab 9
4:8-92,HMS-S/D/M/SA,L8,B,B/L8/BW7012/MCP92/Reception
4:8-93,HMS-S/D/M/SA,L8,B,B/L8/BW7012/MCP93/Psg nr Account
4:8-94,HTRI-R,L8,B,B/L8/BW7012/CM94/Psg nr Receptio
4:8-103,HFP-11,L8,B,B/L8/BW7011/SD103/Psg Nr Cab1
4:8-104,HFP-11,L8,B,B/L8/BW7011/SD104/Pantry Psg Are
4:8-105,HFP-11,L8,B,B/L8/BW7011/SD105/Recp Area
4:8-106,HFP-11,L8,B,B/L8/BW7011/SD106/Accts Departme
4:8-107,HFP-11,L8,B,B/L8/BW7011/SD107/Cab 1
4:8-108,HFP-11,L8,B,B/L8/BW7011/SD108/Cab 2
4:8-109,HFP-11,L8,B,B/L8/BW7011/SD109/Cab 3
4:8-110,HFP-11,L8,B,B/L8/BW7011/SD110/Grad De1 
4:8-111,HFP-11,L8,B,B/L8/BW7011/SD111/Grad De 2
4:8-112,HFP-11,L8,B,B/L8/BW7011/SD112/Grad De 3
4:8-113,HFP-11,L8,B,B/L8/BW7011/SD113/Head Cab
4:8-114,HFP-11,L8,B,B/L8/BW7011/SD114/Grading Depart
4:8-115,HFP-11,L8,B,B/L8/BW7011/SD115/Cab 4
4:8-116,HFP-11,L8,B,B/L8/BW7011/SD116/Main Cab 1
4:8-117,HFP-11,L8,B,B/L8/BW7011/SD117/Main Cab 2
4:8-118,HFP-11,L8,B,B/L8/BW7011/SD118/Conf Room
4:8-119,HFP-11,L8,B,B/L8/BW7011/SD119/Conf Room
4:8-120,HFP-11,L8,B,B/L8/BW7011/SD120/Psg nr entry
4:8-121,HTRI-R,L8,B,B/L8/BW7011/CM121/Entry Dr
4:8-122,HMS-S/D/M/SA,L8,B,B/L8/BW7011/MCP122/Entry Dr
4:8-123,HFP-11,L8,B,B/L8/BW9010A/SD123/Recp
4:8-124,HFP-11,L8,B,B/L8/BW9010A/SD124/Accts Cab
4:8-125,HFP-11,L8,B,B/L8/BW9010A/SD125/Main Cab
4:8-126,HFP-11,L8,B,B/L8/BW9010A/SD126/Main Cab
4:8-127,HFP-11,L8,B,B/L8/BW9010A/SD127/Cab 1
4:8-128,HFP-11,L8,B,B/L8/BW9010A/SD128/Asst Cab
4:8-129,HFP-11,L8,B,B/L8/BW9010A/SD129/Pantry
4:8-130,HFP-11,L8,B,B/L8/BW9010A/SD130/Cab 2
4:8-132,HTRI-R,L8,B,B/L8/BW9010A/CM132/Entry Dr
4:8-133,HMS-S/D/M/SA,L8,B,B/L8/BW9010A/MCP133/Entry Dr
4:8-151,HFP-11,L8,DC2,DC2/L8/SD151/SERVER RM
4:8-152,HFP-11,L8,DC2,DC2/L8/SD152/SERVER RM
4:8-153,HFP-11,L8,DC2,DC2/L8/SD153/SERVER RM
4:8-154,HFP-11,L8,DC2,DC2/L8/SD154/SERVER RM
4:8-155,HFP-11,L8,DC2,DC2/L8/SD155/SERVER RM/BFF
4:8-156,HFP-11,L8,DC2,DC2/L8/SD156/SERVER RM/BFF
4:8-157,HFP-11,L8,DC2,DC2/L8/SD157/SERVER RM/BFF
4:8-158,HFP-11,L8,DC2,DC2/L8/SD158/SERVER RM/BFF
4:8-159,HFP-11,L8,DC2,DC2/L8/SD159/NR MAIN ENTRANCE
4:8-160,HFP-11,L8,DC2,DC2/L8/SD160/NOC RM
4:8-161,HFP-11,L8,DC2,DC2/L8/SD161/ELECTRICAL RM
4:8-162,HFP-11,L8,DC2,DC2/L8/SD162/ELECTRICAL RM
4:8-163,HFP-11,L8,DC2,DC2/L8/SD163/ELECTRICAL RM
4:8-164,HFP-11,L8,DC2,DC2/L8/SD164/ELECTRICAL RM/BFF
4:8-165,HFP-11,L8,DC2,DC2/L8/SD165/ELECTRICAL RM/BFF
4:8-166,HTRI-S,L8,DC2,DC2/L8/MM166/BUILDING FAS INPUT
4:8-167,HTRI-R,L8,DC2,DC2/L8/CM167/ FAS INPUT TO BUILD
4:8-168,HTRI-R,L8,DC2,DC2/L8/CM168/GSS/Z2
4:8-169,HTRI-S,L8,DC2,DC2/L8/MM169/VESDA INPUT
4:8-170,HTRI-R,L8,DC2,DC2/L8/CM170/GSS/Z1
4:8-171,HTRI-R,L2,DC2,DC2/L2/CM171/SERVER RM HOOTER
4:8-172,HMS-S/D/M/SA,L8,DC2,DC2/L8/MCP172/SER RM/NR FIRE EXI
4:8-173,HTRI-S,L8,B,B/L8/9F/MM173/BW9021
4:9-18,FDOT421,L9,B,B/L9/CC/8F/SD18/ELECT RM SD
4:9-19,FDOT421,L9,B,B/L9/CC/8F/SD19/CORR NR E.R.AFC
4:9-20,FDOT421,L9,B,B/L9/CC/8F/SD20/CORR NR E.R.
4:9-21,HTRI-R,L9,B,B/L9/CC/8F/CM21/FIRE SHAFT L.L.
4:9-22,HTRI-S,L9,B,B/L9/CC/8F/MM22/FIRE SHAFT L.L.
4:9-23,HMS-S/D/M/SA,L9,B,B/L9/CC/8F/MCP23/FIRE SHAFT L.L.
4:9-24,FDOT421,L9,B,B/L9/CC/8F/SD24/LIFT LOBBY SD
4:9-25,FDOT421,L9,B,B/L9/CC/8F/SD25/LIFT LOBBY SD
4:9-26,FDOT421,L9,B,B/L9/CC/8F/SD26/CorrNrBC8/S04AFC
4:9-27,FDOT421,L9,B,B/L9/CC/8F/SD27/CORR NR BC8/S04
4:9-28,FDOT421,L9,B,B/L9/EC/8F/SD28/CORR NR BE8/S23
4:9-29,FDOT421,L9,B,B/L9/EC/8F/SD29/CORR NR BE8/S23
4:9-30,FDOT421,L9,B,B/L9/EC/8F/SD30/AHU RM SD
4:9-31,HTRI-R,L9,B,B/L9/EC/8F/CM31/AHU RM CM
4:9-32,FDOT421,L9,B,B/L9/EC/8F/SD32/ELECT RM SD
4:9-33,FDOT421,L9,B,B/L9/EC/8F/SD33/LIFT LOBBY SD
4:9-34,HMS-S/D/M/SA,L9,B,B/L9/EC/8F/MCP34/FIRE SHAFT L.L.
4:9-35,HTRI-R,L9,B,B/L9/EC/8F/CM35/FIRE SHAFT L.L.
4:9-36,HTRI-S,L9,B,B/L9/EC/8F/MM36/FIRE SHAFT L.L.
4:9-37,HTRI-R,L9,B,B/L9/CC/9F/CM37/FIRE SHAFT L.L.
4:9-38,HTRI-S,L9,B,B/L9/CC/9F/MM38/FIRE SHAFT L.L.
4:9-39,HMS-S/D/M/SA,L9,B,B/L9/CC/9F/MCP39/FIRE SHAFT L.L.
4:9-40,FDOT421,L9,B,B/L9/CC/9F/SD40/CORR NR E.R.AFC
4:9-41,FDOT421,L9,B,B/L9/CC/9F/SD41/CORR NR E.R.
4:9-42,FDOT421,L9,B,B/L9/CC/9F/SD42/ELECT RM SD
4:9-43,FDOT421,L9,B,B/L9/CC/9F/SD43/LIFT LOBBY SD
4:9-44,FDOT421,L9,B,B/L9/CC/9F/SD44/LIFT LOBBY SD
4:9-45,FDOT421,L9,B,B/L9/CC/9F/SD45/AHU RM SD
4:9-46,HTRI-R,L9,B,B/L9/CC/9F/CM46/AHU RM CM
4:9-47,FDOT421,L9,B,B/L9/EC/9F/SD47/ELECT RM SD
4:9-48,FDOT421,L9,B,B/L9/EC/9F/SD48/CORR NR E.R.
4:9-49,FDOT421,L9,B,B/L9/EC/9F/SD49/AHU RM SD
4:9-50,HTRI-R,L9,B,B/L9/EC/9F/CM50/AHU RM CM
4:9-51,FDOT421,L9,B,B/L9/EC/9F/SD51/LIFT LOBBY SD
4:9-52,HMS-S/D/M/SA,L9,B,B/L9/EC/9F/MCP52/FIRE SHAFT L.L.
4:9-53,HTRI-R,L9,B,B/L9/EC/9F/CM53/FIRE SHAFT L.L.
4:9-53,HTRI-R,L9,B,B/L9/EC/9F/CM53/FIRE SHAFT L.L.
4:9-54,HTRI-S,L9E,B,B/L9E/9F/MM 54/FIRE SHAFT 
4:9-55,HMS-S/D/M/SA,L9,B,B/L9/EC/9F/MCP55/FIRE ESCP STR C
4:9-56,FDOT421,L9,B,B/L9/CC/8F/SD56/AHU RM SD
4:9-57,HTRI-R,L9,B,B/L9/CC/8F/CM57/AHU RM CM
4:9-60,HTRI-S,L9,B,B/L9/8F/MM60/BE8020
4:9-61,HTRI-S,L9,B,B/L9/8F/MM61/BE8030
4:9-62,HTRI-S,L9,B,B/L9/9F/MM62/BC9010
4:9-63,FDOT421,L9,B,B/L9/BC/SD63/BC Lift RM Terace
4:9-64,FDOT421,L9,B,B/L9/BC/SD64/BC Lift RM Terace
4:9-65,FDOT421,L9,B,B/L9/BC/SD65/BC Lift RM Terace
4:9-66,FDOT421,L9,B,B/L9/BC/SD66/BC Lift RM Terace
4:9-67,HTRI-R,L9,B,B/L9/BC/CM67/BC lift RM Terace
4:9-68,FDOT421,L9,B,B/L9/BE/SD68/BE Lift RM Terace
4:9-69,HTRI-R,L9,B,B/L9/BE/CM69/BE LIFT RM Terace
4:9-70,HTRI-R,L9,B,B/L9/EC/9F/CM70/FIRE ESCP STR CA
4:9-71,HTRI-S,L9,B,B/L9/8F/MM71/BC8010 B/C
5:1-1,HMS-S/D/M/SA,L1,C,C/L1/CE/GND/MCP1/LIFT LOBBY
5:1-2,HTRI-R,L1,C,C/L1/CE/GND/CM2/SHAFT
5:1-3,HTRI-S,L1,C,C/L1/CE/GND/MM3/SHAFT
5:1-4,HFP-11,L1,C,C/L1/CE/GND/SD4/ELEC ROOM
5:1-5,HFP-11,L1,C,C/L1/CE/SD 5/LIFT LOBBY
5:1-6,HFP-11,L1,C,C/L1/CE/SD 6/LIFT LOBBY
5:1-7,HFP-11,L1,C,C/L1/CE/SD 7/LIFT LOBBY
5:1-8,HFP-11,L1,C,C/L1/CE/SD 8/LIFT LOBBY
5:1-9,HFP-11,L1,C,C/L1/CE/SD 9/LIFT LOBBY
5:1-10,HTRI-R,L1,C,C/L1/CE/GND/CM10/AHU RM
5:1-11,HFP-11,L1,C,C/L1/CE/GND/SD11/AHU RM
5:1-12,HMS-S/D/M/SA,L1,C,C/L1/CC/GND/MCP12/LIFT LOBBY
5:1-13,HTRI-R,L1,C,C/L1/CC/GND/CM13/SHAFT
5:1-14,HTRI-S,L1,C,C/L1/CC/GND/MM14/SHAFT
5:1-15,HFP-11,L1,C,C/L1/CC/GND/SD15/ELEC ROOM
5:1-16,HFP-11,L1,C,C/L1/CC/SD 16/LIFT LOBBY
5:1-17,HFP-11,L1,C,C/L1/CC/SD 17/LIFT LOBBY
5:1-18,HTRI-R,L1,C,C/L1/CC/GND/CM18/AHU RM
5:1-19,HFP-11,L1,C,C/L1/CC/GND/SD19/AHU RM
5:1-20,HMS-S/D/M/SA,L1,C,C/L1/CW/GND/MCP20/LIFT LOBBY
5:1-21,HTRI-R,L1,C,C/L1/CW/GND/CM21/SHAFT
5:1-22,HTRI-S,L1,C,C/L1/CW/GND/MM22/SHAFT
5:1-23,HFP-11,L1,C,C/L1/CW/GND/SD23/ELEC ROOM
5:1-24,HFP-11,L1,C,C/L1/CW/SD24/LIFT LOBBY
5:1-25,HFP-11,L1,C,C/L1/CW/SD25/LIFT LOBBY
5:1-26,HFP-11,L1,C,C/L1/CW/SD26/GND/LIFT LOBBY
5:1-27,HTRI-R,L1,C,C/L1/CW/GND/CM27/AHU RM
5:1-28,HFP-11,L1,C,C/L1/CW/GND/SD28/AHU RM
5:1-29,HFP-11,L1,C,C/L1/C-DTC/SD-29/Cabin 1
5:1-30,HFP-11,L1,C,C/L1/C-DTC/SD-30/Cabin 2
5:1-31,HFP-11,L1,C,C/L1/C-DTC/SD-31/Cabin 3
5:1-32,HFP-11,L1,C,C/L1/C-DTC/SD-32/Cabin 4
5:1-33,HFP-11,L1,C,C/L1/C-DTC/SD-33/Cabin 5
5:1-34,HFP-11,L1,C,C/L1/C-DTC/SD-34/Cabin 6
5:1-35,HFP-11,L1,C,C/L1/C-DTC/SD-35/Cabin 7
5:1-36,HFP-11,L1,C,C/L1/C-DTC/SD-36/Cabin 8
5:1-37,HFP-11,L1,C,C/L1/C-DTC/SD-37/Cabin 9
5:1-38,HFP-11,L1,C,C/L1/C-DTC/SD-38/Cabin 10
5:1-39,HFP-11,L1,C,C/L1/C-DTC/SD-39/Cabin 11
5:1-40,HFP-11,L1,C,C/L1/C-DTC/SD-40/Cabin 12
5:1-41,HFP-11,L1,C,C/L1/C-DTC/SD-41/Cabin 13
5:1-42,HFP-11,L1,C,C/L1/C-DTC/SD-42/Cabin 14
5:1-43,HFP-11,L1,C,C/L1/C-DTC/SD-43/Cabin 15
5:1-44,HFP-11,L1,C,C/L1/C-DTC/SD-44/Cabin 16
5:1-45,HFP-11,L1,C,C/L1/C-DTC/SD-45/Cabin 17
5:1-46,HFP-11,L1,C,C/L1/C-DTC/SD-46/Cabin 18
5:1-47,HFP-11,L1,C,C/L1/C-DTC/SD-47/Cabin 19
5:1-48,HFP-11,L1,C,C/L1/C-DTC/SD-48/Cabin 20
5:1-49,HFP-11,L1,C,C/L1/C-DTC/SD-49/Cabin 21
5:1-50,HFP-11,L1,C,C/L1/C-DTC/SD-50/Cabin 22
5:1-51,HFP-11,L1,C,C/L1/C-DTC/SD-51/Cabin 23
5:1-52,HFP-11,L1,C,C/L1/C-DTC/SD-52/Cabin 24
5:1-53,HFP-11,L1,C,C/L1/C-DTC/SD-53/Cabin 25
5:1-54,HFP-11,L1,C,C/L1/C-DTC/SD-54/Cabin 26
5:1-55,HFP-11,L1,C,C/L1/C-DTC/SD-55/Cabin 27
5:1-56,HFP-11,L1,C,C/L1/C-DTC/SD-56/Cabin 28
5:1-57,HFP-11,L1,C,C/L1/C-DTC/SD-57/Cabin 29
5:1-58,HFP-11,L1,C,C/L1/C-DTC/SD-58/Cabin 30
5:1-59,HFP-11,L1,C,C/L1/C-DTC/SD-59/Cabin 31
5:1-60,HFP-11,L1,C,C/L1/C-DTC/SD-60/Cabin 32
5:1-61,HFP-11,L1,C,C/L1/C-DTC/SD-61/Cabin 33
5:1-62,HFP-11,L1,C,C/L1/C-DTC/SD-62/Cabin 34
5:1-63,HFP-11,L1,C,C/L1/C-DTC/SD-63/Cabin 35
5:1-64,FDOT421,L1,C,C/L1/C-DTC/SD-64/Cabin 36
5:1-65,HFP-11,L1,C,C/L1/C-DTC/SD-65/Cabin 37
5:1-66,HFP-11,L1,C,C/L1/C-DTC/SD-66/Cabin 38
5:1-67,HFP-11,L1,C,C/L1/C-DTC/SD-67/Cabin 39
5:1-68,HFP-11,L1,C,C/L1/C-DTC/SD-68/Cabin 40
5:1-69,HFP-11,L1,C,C/L1/C-DTC/SD-69/Cabin 41
5:1-70,HFP-11,L1,C,C/L1/C-DTC/SD-70/Cabin 42
5:1-71,HFP-11,L1,C,C/L1/C-DTC/SD-71/Cabin 43
5:1-72,HFP-11,L1,C,C/L1/C-DTC/SD-72/Cabin 44
5:1-73,HFP-11,L1,C,C/L1/C-DTC/SD-73/Cabin 45
5:1-74,FDOT421,L1,C,C/L1/C-DTC/SD-74/Cabin 46
5:1-75,FDOT421,L1,C,C/L1/C-DTC/SD-75/Cabin 47
5:1-76,HFP-11,L1,C,C/L1/C-DTC/SD-76/Cabin 48
5:1-77,FDOT421,L1,C,C/L1/C-DTC/SD-77/Cabin 49
5:1-78,FDOT421,L1,C,C/L1/C-DTC/SD-78/Cabin 50
5:1-79,FDOT421,L1,C,C/L1/C-DTC/SD-79/Cabin 51
5:1-80,HFP-11,L1,C,C/L1/C-DTC/SD-80/Cabin 52
5:1-81,FDOT421,L1,C,C/L1/C-DTC/SD-81/Cabin 53
5:1-82,FDOT421,L1,C,C/L1/C-DTC/SD-82/Cabin 54
5:1-83,HFP-11,L1,C,C/L1/C-DTC/SD-83/Cabin 55
5:1-84,FDOT421,L1,C,C/L1/C-DTC/SD-84/Cabin 56
5:1-85,HFP-11,L1,C,C/L1/C-DTC/SD-85/Cabin 57
5:1-86,FDOT421,L1,C,C/L1/C-DTC/SD-86/Cabin 58
5:1-87,FDOT421,L1,C,C/L1/C-DTC/SD-87/Cabin 59
5:1-88,HFP-11,L1,C,C/L1/C-DTC/SD-88/Cabin 60
5:1-89,FDOT421,L1,C,C/L1/C-DTC/SD-89/Cabin 61
5:1-90,FDOT421,L1,C,C/L1/C-DTC/SD-90/Cabin 62
5:1-91,FDOT421,L1,C,C/L1/C-DTC/SD-91/Cabin 63
5:1-92,HFP-11,L1,C,C/L1/C-DTC/SD-92/Psg Nr Cab 5
5:1-93,HFP-11,L1,C,C/L1/C-DTC/SD-93/Psg Nr Cab 8
5:1-94,HFP-11,L1,C,C/L1/C-DTC/SD-94/Psg Nr server R
5:1-95,HFP-11,L1,C,C/L1/C-DTC/SD-95/Psg Nr Cab 12
5:1-96,HFP-11,L1,C,C/L1/C-DTC/SD-96/Psg Nr Cab 19
5:1-97,HFP-11,L1,C,C/L1/C-DTC/SD-97/Psg Nr Cab 39
5:1-98,HFP-11,L1,C,C/L1/C-DTC/SD-98/Psg Nr Cab 34
5:1-99,HFP-11,L1,C,C/L1/C-DTC/SD-99/Psg Nr Cab 24
5:1-100,HFP-11,L1,C,C/L1/C-DTC/SD-100/Psg Nr Cab 22
5:1-101,HFP-11,L1,C,C/L1/C-DTC/SD-101/Psg Nr Cab 36
5:1-102,HFP-11,L1,C,C/L1/C-DTC/SD-102/Psg Nr Cab 45
5:1-103,HTRI-S,L1,C,C/L1/CC/UB/MM103/ELEC ROOM
5:1-104,HMS-S/D/M/SA,L1,C,C/L1/W/UB/MCP104/EMG EXIT PC268
5:1-105,HTRI-R,L1,C,C/L1/W/UB/CM105/EMG EXIT PC268
5:1-106,HTRI-S,L1,C,C/L1/WC/UB/MM106/ELEC ROOM PC220
5:1-107,HTRI-R,L1,C,C/L1/WC/UB/CM107/EX NR RAMP 3
5:1-108,HMS-S/D/M/SA,L1,C,C/L1/W/UB/MCP108/EX NrRAMP3 P222
5:1-109,HTRI-R,L1,C,C/L1/WC/UB/CM109/EX NR RAMP 3
5:1-110,HMS-S/D/M/SA,L1,C,C/L1/WC/UB/MCP110/EX NR RAMP 3
5:1-111,HTRI-R,L1,C,C/L1/WC/LB/CM111/NR RAMP 3 PD307
5:1-112,HMS-S/D/M/SA,L1,C,C/L1/C/UB/MCP112/NR RAMP 3
5:1-113,HMS-S/D/M/SA,L1,C,C/L1/WC/UB/MCP113/NR RAMP 3 C190
5:1-114,HTRI-R,L1,C,C/L1/WC/UB/CM114/GF NR RAMP 3
5:1-115,HTRI-R,L1,C,C/L1/CC/UB/CM115/ST NR C-BMS
5:1-116,HMS-S/D/M/SA,L1,C,C/L1/CC/UB/MCP116/ST NR C-BMS
5:1-117,HTRI-R,L1,C,C/L1/CC/UB/CM117/EXIT DOOR C245
5:1-118,HMS-S/D/M/SA,L1,C,C/L1/CC/UB/MCP118/EXIT DOOR C245
5:1-119,HTRI-S,L1,C,C/L1/EC/UB/MM119/ELEC ROOM
5:1-120,HTRI-S,L1,C,C/L1/EC/UB/MM120/LIFT MC ROOM
5:1-121,HTRI-R,L1,C,C/L1/EC/UB/CM121/EM EXIT DOOR 2
5:1-122,HMS-S/D/M/SA,L1,C,C/L1/E/UB/MCP122/NR LIILY OFFIC
5:1-123,HFP-11,L1,C,C/L1/EC/UB/SD123/ELEC ROOM
5:1-124,HFP-11,L1,C,C/L1/WC/UB/SD124/ELEC ROOM
5:1-125,HFP-11,L1,C,C/L1/EC/UB/SD125/ELEC ROOM
5:1-126,HFP-11,L1,C,C/L1/EC/UB/SD126/LIFT MC RM
5:1-127,HFP-11,L1,C,C/L1/EC/UB/SD127/LIFT MC RM
5:1-128,HFP-11,L1,C,C/L1/E/UB/SD128/NR RAMP 3
5:1-129,HFP-11,L1,C,C/L1/CC/UB/SD129/BMS ROOM
5:1-130,HFP-11,L1,C,C/L1/C-DTC/SD-130/Psg Nr Cab 41
5:1-131,HFP-11,L1,C,C/L1/C-DTC/SD-131/Psg Nr Cab 38
5:1-132,HFP-11,L1,C,C/L1/C-DTC/SD-132/Psg Nr Cab 46
5:1-133,HFP-11,L1,C,C/L1/C-DTC/SD-133/Server room
5:1-134,HFP-11,L1,C,C/L1/C-DTC/SD-134/Psg afc at Ser
5:1-135,HFP-11,L1,C,C/L1/C-DTC/SD-135/Psg Nr fire ex
5:1-136,HFP-11,L1,C,C/L1/C-DTC/SD-136/Psg Nr Cab 56
5:1-137,HFP-11,L1,C,C/L1/C-DTC/SD-137/Psg Nr Cab 60
5:1-138,HFP-11,L1,C,C/L1/C-DTC/SD-138/Electric Rm
5:1-139,HMS-S/D/M/SA,L1,C,C/L1/C-DTC/MCP-139/Main Exit
5:1-140,HTRI-R,L1,C,C/L1/C-DTC/CM-140/abv ceil Main 
5:1-141,HMS-S/D/M/SA,L1,C,C/L1/C-DTC/MCP-141/Nr Cab 6
5:1-142,HTRI-R,L1,C,C/L1/C-DTC/CM-142/Psg Nr Cab 6
5:1-143,HMS-S/D/M/SA,L1,C,C/L1/C-DTC/MCP-143/Nr Cab 11
5:1-144,HFP-11,L1,C,C/L1/E/UB/SD144/NR RAMP 3
5:1-145,HMS-S/D/M/SA,L1,C,C/L1/C-DTC/MCP-145/Nr Cab 14
5:1-146,HTRI-R,L1,C,C/L1/C-DTC/CM-146/Psg Nr Cab 14
5:1-147,HMS-S/D/M/SA,L1,C,C/L1/C-DTC/MCP-147/Nr Cab 34
5:1-148,HTRI-R,L1,C,C/L1/C-DTC/CM-148/Psg Nr Cab 34
5:1-149,HMS-S/D/M/SA,L1,C,C/L1/C-DTC/MCP/-149/Nr Cab 31
5:1-150,HFP-11,L1,C,C/L1/E/UB/SD150/NR RAMP 3
5:1-151,HMS-S/D/M/SA,L1,C,C/L1/C-DTC/MCP-151/Nr Cab 42
5:1-152,HTRI-R,L1,C,C/L1/C-DTC/CM-152/Psg Nr Cab 42
5:1-153,HMS-S/D/M/SA,L1,C,C/L1/C-DTC/MCP-153/Nr Cab 38
5:1-154,HTRI-R,L1,C,C/L1/C-DTC/CM-154/Psg Nr Cab 38
5:1-155,HMS-S/D/M/SA,L1,C,C/L1/C-DTC/MCP-155/Nr Cab 57
5:1-156,HTRI-R,L1,C,C/L1/C-DTC/CM-156/Psg Nr Cab 57
5:1-157,HMS-S/D/M/SA,L1,C,C/L1/C-DTC/MCP-157/Nr by pantry
5:1-158,HTRI-R,L1,C,C/L1/C-DTC/CM-158/Psg Nr Pantry
5:1-159,HMS-S/D/M/SA,L1,C,C/L1/C-DTC/MCP-159/Nr Cab 55
5:1-161,HFP-11,L1,C,C/L1/C-DTC/SD-161/Pantry
5:1-168,HFP-11,L1,C,C/L1/C-DTC/SD-168/Psg afc Cab 1
5:1-169,HFP-11,L1,C,C/L1/C-DTC/SD-169/Psg afc Cab 2
5:1-170,HFP-11,L1,C,C/L1/C-DTC/SD-170/Psg afc Cab 3
5:1-171,HFP-11,L1,C,C/L1/C-DTC/SD-171/Psg afc Cab 4
5:1-172,HFP-11,L1,C,C/L1/C-DTC/SD-172/Psg afc Cab 5
5:1-173,HFP-11,L1,C,C/L1/C-DTC/SD-173/Psg afc Cab 6
5:1-174,HFP-11,L1,C,C/L1/C-DTC/SD-174/Psg afc Cab 7
5:1-175,HFP-11,L1,C,C/L1/C-DTC/SD-175/Psg afc Cab 8
5:1-176,HFP-11,L1,C,C/L1/C-DTC/SD-176/Psg afc Cab 9
5:1-177,HFP-11,L1,C,C/L1/C-DTC/SD-177/Psg afc Cab 10
5:1-178,HFP-11,L1,C,C/L1/C-DTC/SD-178/Psg afc Cab 11
5:1-179,HFP-11,L1,C,C/L1/C-DTC/SD-179/Psg afc Cab 12
5:1-180,HFP-11,L1,C,C/L1/C-DTC/SD-180/Psg afc Cab 13
5:1-181,HFP-11,L1,C,C/L1/C-DTC/SD-181/Psg afc Cab 14
5:1-182,HFP-11,L1,C,C/L1/C-DTC/SD-182/Psg afc Cab 15
5:1-183,HFP-11,L1,C,C/L1/C-DTC/SD-183/Psg afc Cab 16
5:1-184,HFP-11,L1,C,C/L1/C-DTC/SD-184/Psg afc Cab 17
5:1-185,HFP-11,L1,C,C/L1/C-DTC/SD-185/Psg afc Cab 18
5:1-186,HFP-11,L1,C,C/L1/C-DTC/SD-186/Psg afc Cab 19
5:1-187,HFP-11,L1,C,C/L1/C-DTC/SD-187/Psg afc Cab 20
5:1-188,HFP-11,L1,C,C/L1/C-DTC/SD-188/Psg afc Cab 21
5:1-189,HFP-11,L1,C,C/L1/C-DTC/SD-189/Psg afc Cab 22
5:1-190,HFP-11,L1,C,C/L1/C-DTC/SD-190/Psg afc Cab 23
5:1-191,HFP-11,L1,C,C/L1/C-DTC/SD-191/Psg afc Cab 24
5:1-192,HFP-11,L1,C,C/L1/C-DTC/SD-192/Psg afc Cab 25
5:1-193,HFP-11,L1,C,C/L1/C-DTC/SD-193/Psg afc Cab 26
5:1-194,HFP-11,L1,C,C/L1/C-DTC/SD-194/Psg afc Cab 27
5:1-195,HFP-11,L1,C,C/L1/C-DTC/SD-195/Psg afc Cab 28
5:1-196,HFP-11,L1,C,C/L1/C-DTC/SD-196/Psg afc Cab 29
5:1-197,HFP-11,L1,C,C/L1/C-DTC/SD-197/Psg afc Cab 30
5:1-198,HFP-11,L1,C,C/L1/C-DTC/SD-198/Psg afc Cab 31
5:1-199,HFP-11,L1,C,C/L1/C-DTC/SD-199/Psg afc Cab 32
5:1-200,HFP-11,L1,C,C/L1/C-DTC/SD-200/Psg afc Cab 33
5:1-201,HFP-11,L1,C,C/L1/C-DTC/SD-201/Psg afc Cab 35
5:1-202,HFP-11,L1,C,C/L1/C-DTC/SD-202/Psg afc Cab 34
5:1-203,HFP-11,L1,C,C/L1/C-DTC/SD-203/Psg afc Cab 36
5:1-204,HFP-11,L1,C,C/L1/C-DTC/SD-204/Psg afc Cab 37
5:1-205,HFP-11,L1,C,C/L1/C-DTC/SD-205/Psg afc Cab 38
5:1-206,HFP-11,L1,C,C/L1/C-DTC/SD-206/Psg afc Cab 39
5:1-207,HFP-11,L1,C,C/L1/C-DTC/SD-207/Psg afc Cab 40
5:1-208,HFP-11,L1,C,C/L1/C-DTC/SD-208/Psg afc Cab 41
5:1-209,HFP-11,L1,C,C/L1/C-DTC/SD-209/Psg afc Cab 42
5:1-210,HFP-11,L1,C,C/L1/C-DTC/SD-210/Psg afc Cab 43
5:1-211,HFP-11,L1,C,C/L1/C-DTC/SD-211/Psg afc Cab 44
5:1-212,HFP-11,L1,C,C/L1/C-DTC/SD-212/Psg afc Cab 45
5:1-213,HFP-11,L1,C,C/L1/C-DTC/SD-213/Psg afc Cab 46
5:1-214,HFP-11,L1,C,C/L1/C-DTC/SD-214/Psg afc Cab 47
5:1-215,HFP-11,L1,C,C/L1/C-DTC/SD-215/Psg afc Cab 48
5:1-216,HFP-11,L1,C,C/L1/C-DTC/SD-216/Psg afc Cab 49
5:1-217,HFP-11,L1,C,C/L1/C-DTC/SD-217/Psg afc Cab 50
5:1-218,HFP-11,L1,C,C/L1/C-DTC/SD-218/Psg afc Cab 51
5:1-219,HFP-11,L1,C,C/L1/C-DTC/SD-219/Psg afc Cab 52
5:1-220,HFP-11,L1,C,C/L1/C-DTC/SD-220/Psg afc Cab 53
5:1-221,HFP-11,L1,C,C/L1/C-DTC/SD-221/Psg afc Cab 54
5:1-222,HFP-11,L1,C,C/L1/C-DTC/SD-222/Psg afc Cab 55
5:1-223,HFP-11,L1,C,C/L1/C-DTC/SD-223/Psg afc Cab 56
5:1-224,HFP-11,L1,C,C/L1/C-DTC/SD-224/Psg afc Cab 57
5:1-225,HFP-11,L1,C,C/L1/C-DTC/SD-225/Psg afc Cab 58
5:1-226,HFP-11,L1,C,C/L1/C-DTC/SD-226/Psg afc Cab 59
5:1-227,HFP-11,L1,C,C/L1/C-DTC/SD-227/Psg afc Cab 60
5:1-228,HFP-11,L1,C,C/L1/C-DTC/SD-228/Psg afc Cab 61
5:1-229,HFP-11,L1,C,C/L1/C-DTC/SD-229/Psg afc Cab 62
5:1-230,HFP-11,L1,C,C/L1/C-DTC/SD-230/Psg afc Cab 63
5:1-231,HFP-11,L1,C,C/L1/C-DTC/SD-231/Psg Nr afc Cab
5:1-232,HFP-11,L1,C,C/L1/C-DTC/SD-232/Psg Nr afc Cab
5:1-233,HFP-11,L1,C,C/L1/C-DTC/SD-233/Psg Nr afc ser
5:1-234,HFP-11,L1,C,C/L1/C-DTC/SD-234/Psg Nr afc Cab
5:1-235,HFP-11,L1,C,C/L1/C-DTC/SD-235/Psg Nr afc Cab
5:1-236,HFP-11,L1,C,C/L1/C-DTC/SD236/PsgNr afcCab39
5:1-237,HFP-11,L1,C,C/L1/C-DTC/SD-237/Psg Nr afc Cab
5:1-238,HFP-11,L1,C,C/L1/C-DTC/SD-238/Psg Nr afc Cab
5:1-240,HFP-11,L1,C,C/L1/C-DTC/SD-240/Psg Nr afc Cab
5:1-241,HFP-11,L1,C,C/L1/C-DTC/SD-241/Psg Nr afc Cab
5:1-243,HFP-11,L1,C,C/L1/C-DTC/SD-243/Psg Nr afc Cab
5:1-244,HFP-11,L1,C,C/L1/C-DTC/SD-244/Psg Nr afc Cab
5:1-245,HFP-11,L1,C,C/L1/C-DTC/SD-245/Psg Nr afc fir
5:1-246,HFP-11,L1,C,C/L1/C-DTC/SD-246/Psg afc Nr Cab
5:1-247,HFP-11,L1,C,C/L1/C-DTC/SD-247/Psg afc Nr Cab
5:1-248,HFP-11,L1,C,C/L1/C-DTC/SD-248/afc at Electri
5:1-249,HFP-11,L1,C,C/L1/C-DTC/SD-249/Psg afc Nr  Re
5:1-251,HFP-11,L1,C,C/L1/C-DTC/SD-251/Psg afc Nr Cab
5:2-1,HFP-11,L2,  C,  C/L2/WC/2F/SD1/CORR NR BW 2101
5:2-2,HFP-11,L2,C,C/L2/WC/2F/SD2/CORR NR BW 2101
5:2-3,HFP-11,L2,C,C/L2/WC/2F/SD3/CORR NR CW2/S13
5:2-4,HFP-11,L2,C,C/L2/WC/2F/SD4/CORR NR E.R.
5:2-5,HFP-11,L2,C,C/L2/WC/2F/SD5/CORR NR E.R.
5:2-6,HFP-11,L2,C,C/L2/WC/2F/SD6/ELECT RM
5:2-7,HTRI-R,L2,C,C/L2/WC/2F/CM7/DR RELSE CM
5:2-8,HFP-11,L2,C,C/L2/WC/2F/SD8/LIFT LOBBY
5:2-9,HFP-11,L2,C,C/L2/WC/2F/SD9/LIFT LOBBY
5:2-10,HMS-S/D/M/SA,L2,C,C/L2/WC/2F/MCP10/FIRE SHAFT L.L.
5:2-11,HTRI-R,L2,C,C/L2/WC/2F/CM11/FIRE SHAFT L.L.
5:2-12,HTRI-S,L2,C,C/L2/WC/2F/MM12/FIRE SHAFT L.L.
5:2-13,HTRI-R,L2,C,C/L2/WC/2F/CM13/DR RELSE NR 3TO4
5:2-14,HFP-11,L2,C,C/L2/WC/2F/SD14/CORR NR CC 2082
5:2-15,HFP-11,L2,C,C/L2/WC/2F/SD15/AHU RM SD W/C
5:2-16,HTRI-R,L2,C,C/L2/WC/2F/CM16/AHU RM CM W/C
5:2-17,HFP-11,L2,C,C/L2/WC/2F/SD17/CORR NR CW 2230
5:2-18,HFP-11,L2,C,C/L2/WC/2F/SD18/CORR NR CW 2230
5:2-19,HFP-11,L2,C,C/L2/WC/2F/SD19/CORR NR CW 2210
5:2-20,HFP-11,L2,C,C/L2/WC/2F/SD20/CORR NR CW 2200
5:2-21,HFP-11,L2,C,C/L2/WC/2F/SD21/CORR NR CW 2200
5:2-22,HTRI-R,L2,C,C/L2/WC/2F/CM22/FIRE ESCAPE STR
5:2-23,HMS-S/D/M/SA,L2,C,C/L2/WC/2F/MCP23/FIRE ESCAPE STR
5:2-24,HFP-11,L2,C,C/L2/WC/2F/SD24/CORR NR CW 2070
5:2-25,HFP-11,L2, C, C/L2/WC/1F/SD25/CORR NR CW 1050
5:2-26,HFP-11,L2,C,C/L2/WC/1F/SD26/CORR NR CW1/S11
5:2-27,HFP-11,L2,C,C/L2/WC/1F/SD27/CORR NR CW1/S13
5:2-28,HFP-11,L2,C,C/L2/WC/1F/SD28/CORR NR E.R.
5:2-29,HFP-11,L2,C,C/L2/WC/1F/SD29/CORR NR E.R.
5:2-30,HFP-11,L2,C,C/L2/WC/1F/SD30/ELECT RM SD
5:2-31,HTRI-R,L2,C,C/L2/WC/1F/CM31/DR R CM
5:2-32,HFP-11,L2,C,C/L2/WC/1F/SD32/LIFT LOBBY
5:2-33,HFP-11,L2,C,C/L2/WC/1F/SD33/LIFT LOBBY
5:2-34,HMS-S/D/M/SA,L2,C,C/L2/WC/1F/MCP34/FIRE SHAFT L.L.
5:2-35,HTRI-R,L2,C,C/L2/WC/1F/CM35/FIRE SHAFT L.L.
5:2-36,HTRI-S,L2,C,C/L2/WC/1F/MM36/FIRE SHAFT L.L.
5:2-37,HTRI-R,L2,C,C/L2/WC/1F/CM37/DR R CM NR 3 TO 
5:2-38,HFP-11,L2,C,C/L2/WC/1F/SD38/CORR NR CW1/S20
5:2-39,HFP-11,L2,C,C/L2/WC/1F/SD39/CORR NR CW1/S20
5:2-40,HFP-11,L2,C,C/L2/WC/1F/SD40/CORR NR CW1250
5:2-41,HFP-11,L2,C,C/L2/WC/1F/SD41/CORR NR CW 1250
5:2-42,HFP-11,L2,C,C/L2/WC/1F/SD42/AHU RM SD
5:2-43,HTRI-R,L2,C,C/L2/WC/1F/CM43/AHU RM CM
5:2-44,HFP-11,L2,C,C/L2/WC/1F/SD44/CORR NR CW 1210
5:2-45,HFP-11,L2,C,C/L2/WC/1F/SD45/CORR NR CW 1140
5:2-46,HFP-11,L2,C,C/L2/WC/1F/SD46/CORR NR CW 1200
5:2-47,HFP-11,L2,C,C/L2/CW  1140/SD47/Main cab
5:2-48,HFP-11,L2,C,C/L2/CW 1140/SD48/Cab 1
5:2-49,HFP-11,L2,C,C/L2/CW 1140/SD49/Cab 2
5:2-50,HFP-11,L2,C,C/L2/CW 1140/SD50/Psg nr cab 2
5:2-51,HFP-11,L2,C,C/L2/CW 1140/SD51/Pantry
5:2-52,HMS-S/D/M/SA,L2,C,C/L2/CW 1140/MCP52/Psg nr Entry 
5:2-53,HTRI-R,L2,C,C/L2/CW 1140/CM53/Psg nr Entry D
5:2-53,HTRI-R,L2,C,C/L2/CW 1140/CM53/Psg nr Entry D
5:2-54,HMS-S/D/M/SA,L2,C,C/L2/CW1060/MCP54/Psg nr Entry 
5:2-55,HTRI-R,L2,C,C/L2/CW 1210/CM55/Psg nr Entry D
5:2-56,HMS-S/D/M/SA,L2,C,C/L2/CW 1210/MCP56/Psg nr Entry 
5:2-57,HFP-11,L2,C,C/L2/CW2050/SD57/Psg nr ent
5:2-58,HFP-11,L2,C,C/L2/CW2050/SD58/Pantry
5:2-59,HFP-11,L2,C,C/L2/CW2050/SD59/Assort
5:2-60,HFP-11,L2,C,C/L2/CW2050/SD60/Main Cab
5:2-61,HFP-11,L2,C,C/L2/CW2050/SD61/Buyer Cabin
5:2-62,HTRI-R,L2,C,C/L2/CW2050/CM62/Psg nr ent
5:2-63,HMS-S/D/M/SA,L2,C,C/L2/CW2050/MCP63/Psg nr ent
5:2-64,HFP-11,L2,C,C/L2/CW1030/SD64/Assortor Psg
5:2-65,HFP-11,L2,C,C/L2/CW1030/SD65/Assortor Psg
5:2-66,HTRI-R,L2,C,C/L2/CW1030/CM66/Entry Psg.AFC
5:2-67,HMS-S/D/M/SA,L2,C,C/L2/CW1030/MCP67/Entry Psg
5:2-68,HFP-11,L2,C,C/L2/CW2070/SD68/Main Cab
5:2-69,HFP-11,L2,C,C/L2/CW2070/SD69/Assort Cab
5:2-70,FDOT421,L2,C,C/L2/CW2070/SD70/Psg nr Assort 
5:2-71,FDOT421,L2,C,C/L2/CW2070/SD71/Account Cab
5:2-72,FDOT421,L2,C,C/L2/CW2070/SD72/Pantry
5:2-73,HMS-S/D/M/SA,L2,C,C/L2/CW2070/MCP73/Entry Psg
5:2-74,HTRI-R,L2,C,C/L2/CW2070/CM74/Entry Psg
5:2-80,HTRI-S,L2,C,C/L2/1F/MM80/CW1090
5:2-82,HTRI-S,L2,C,C/L2/1F/MM82/CW1020
5:2-84,HTRI-S,L2,C,C/L2/1F/MM84/CW1010
5:2-86,HTRI-S,L2,C,C/L2/1F/MM86/CW1130
5:2-87,HTRI-S,L2,C,C/L2/1F/MM87/CW1260
5:2-88,HTRI-S,L2,C,C/L2/1F/MM88/CW1250
5:2-89,HTRI-S,L2,C,C/L2/1F/MM89/CW1240
5:2-93,HTRI-S,L2,C,C/L2/1F/MM93/CW1200
5:2-94,HTRI-S,L2,C,C/L2/1F/MM94/CW1150
5:2-95,HTRI-S,L2,C,C/L2/1F/MM95/CW1160
5:2-96,HTRI-S,L2,C,C/L2/1F/MM96/CW1190
5:2-99,HTRI-S,L2,C,C/L2/2F/MM99/BW2091
5:2-100,HTRI-S,L2,C,C/L2/2F/MM100/BW2170
5:2-101,HTRI-S,L2,C,C/L2/2F/MM101/BW2160
5:2-102,HTRI-S,L2,C,C/L2/2F/MM102/BW2092
5:2-103,HFP-11,L2,C,C/L2/BW2101/SD103/Assort Cab
5:2-106,HTRI-S,L2,C,C/L2/2F/MM106/BW2120
5:2-107,HTRI-S,L2,C,C/L2/2F/MM107/BW2130
5:2-108,HTRI-S,L2,C,C/L2/2F/MM108/BW2140
5:2-110,HTRI-S,L2,C,C/L2/2F/MM110/CW2230
5:2-111,HTRI-S,L2,C,C/L2/2F/MM111/CW2010
5:2-113,HTRI-S,L2,C,C/L2/2F/MM113/CW2220
5:2-116,HTRI-S,L2,C,C/L2/2F/MM116/CW2040
5:2-119,HTRI-S,L2,C,C/L2/2F/MM119/CW2060
5:2-128,HFP-11,L2,C,C/L2/BW2110/SD128/Pantry
5:2-129,HFP-11,L2,C,C/L2/BW2110/SD129/Assorter cabin
5:2-130,HFP-11,L2,C,C/L2/BW2110/SD130/Main cabin
5:2-131,HFP-11,L2,C,C/L2/BW2110/SD131/Psg near Assor
5:2-132,HTRI-R,L2,C,C/L2/BW2110/CM132/Entry Door
5:2-133,HMS-S/D/M/SA,L2,C,C/L2/BW2110/MCP133/Entry Door
5:2-142,HFP-11,L2,C,C/L2/BW2101/SD142/Pantry
5:2-143,HFP-11,L2,C,C/L2/BW2101/SD143/Assorter cabin
5:2-144,HFP-11,L2,C,C/L2/BW2101/SD144/Main cabin
5:2-145,HFP-11,L2,C,C/L2/BW2101/SD145/Main cabin
5:2-146,HFP-11,L2,C,C/L2/BW2101/SD146/Main cabin
5:2-147,HMS-S/D/M/SA,L2,C,C/L2/BW2101/MCP147/Entry Door
5:2-148,HTRI-R,L2,C,C/L2/BW2101/CM148/Entry Door
5:2-149,HFP-11,L2,C,C/L2/BW2101/SD149/Accounts cabin
5:2-150,HFP-11,L2,C,C/L2/BW2101/SD150/Psg near Entry
5:2-151,HFP-11,L2,C,C/L2/CW 2210/SD151/Main Cabin
5:2-152,HFPT-11,L2,C,C/L2/CW 2210/HD152/Pantry
5:2-153,HFP-11,L2,C,C/L2/CW 2210/SD153/Reception Are
5:2-154,HTRI-R,L2,C,C/L2/CW 2210/CM154/Main Entry
5:2-155,HMS-S/D/M/SA,L2,C,C/L2/CW 2210/MCP155/Main Entry
5:2-156,HFP-11,L2,C,C/L2/CW2020/SD156/Pantry
5:2-157,HFP-11,L2,C,C/L2/CW2020/SD157/Psg nr Assorte
5:2-158,HFP-11,L2,C,C/L2/CW2020/SD158/Assorter cab
5:2-159,HFP-11,L2,C,C/L2/CW2020/SD159/Main cab
5:2-160,HTRI-R,L2,C,C/L2/CW2020/CM160/Psg nr Entry D
5:2-161,HMS-S/D/M/SA,L2,C,C/L2/CW2020/MCP161/Psg nr Entry 
5:2-162,HFP-11,L2,C,C/L2/CW2080/SD162/Pantry
5:2-163,HFP-11,L2,C,C/L2/CW2080/SD163/Psg nr Pantry
5:2-164,HFP-11,L2,C,C/L2/CW2080/SD164/Main cab
5:2-165,HFP-11,L2,C,C/L2/CW2080/SD165/Assorter cab
5:2-166,HFP-11,L2,C,C/L2/CW2080/SD166/Accounts cab
5:2-167,HTRI-R,L2,C,C/L2/CW2080/CM167/Psg nr Entry D
5:2-168,HMS-S/D/M/SA,L2,C,C/L2/CW2080/MCP168/Psg nr Entry 
5:2-169,HFP-11,L2,C,C/L2/CW1050/SD169/Pantry
5:2-170,HFP-11,L2,C,C/L2/CW1050/SD170/Cab 1
5:2-171,HFP-11,L2,C,C/L2/CW1050/SD171/Cab 2
5:2-172,HTRI-R,L2,C,C/L2/CW1050/CM172/Psg nr Entry D
5:2-173,HMS-S/D/M/SA,L2,C,C/L2/CW1050/MCP173/Psg nr Entry 
5:2-174,HFP-11,L2,C,C/L2/CW1170/SD174/Pantry
5:2-175,HFP-11,L2,C,C/L2/CW1170/SD175/Account cab
5:2-176,HFP-11,L2,C,C/L2/CW1170/SD176/Psg Nr Accnt c
5:2-177,HFP-11,L2,C,C/L2/CW1170/SD177/MD Cab
5:2-178,HFP-11,L2,C,C/L2/CW1170/SD178/Psg nr Assorte
5:2-179,HTRI-R,L2,C,C/L2/CW1170/CM179/Psg nr Entry D
5:2-180,HMS-S/D/M/SA,L2,C,C/L2/CW1170/MCP180/Psg nr Entry 
5:2-181,HFP-11,L2,C,C/L2/CW1040/SD181/Main Cab
5:2-182,HFP-11,L2,C,C/L2/CW1040/SD182/Cab 1
5:2-184,HTRI-R,L2,C,C/L2/CW1040/CM184/Psg nr Entry D
5:2-185,HMS-S/D/M/SA,L2,C,C/L2/CW1040/MCP185/Psg nr Entry 
5:2-186,HFP-11,L2,C,C/L2/CW1180/SD186/Pantry
5:2-187,HFP-11,L2,C,C/L2/CW1180/SD187/Assorter cab
5:2-188,HFP-11,L2,C,C/L2/CW1180/SD188/Main cab
5:2-189,HFP-11,L2,C,C/L2/CW1180/SD189/Accounts cab
5:2-190,HTRI-R,L2,C,C/L2/CW1180/CM190/Psg nr Entry D
5:2-191,HMS-S/D/M/SA,L2,C,C/L2/CW1180/MCP191/Psg nr Entry 
5:2-193,HFPT-11,L2,C,C/L2/CW2030/HD193/Pantry
5:2-194,HFP-11,L2,C,C/L2/CW2030/SD194/Psg nr Main ca
5:2-195,HFP-11,L2,C,C/L2/CW2030/SD195/Main cab
5:2-196,HFP-11,L2,C,C/L2/CW2030/SD196/Psg nr Entry D
5:2-197,HTRI-R,L2,C,C/L2/CW2030/CM197/Psg nr Entry D
5:2-198,HMS-S/D/M/SA,L2,C,C/L2/CW2030/MCP198/Psg nr Entry 
5:2-199,HFP-11,L2,C,C/L2/CW1060/SD199/Pantry
5:2-200,HFP-11,L2,C,C/L2/CW1060/SD200/Cab 2
5:2-201,HFP-11,L2,C,C/L2/CW1060/SD201/Cab 1
5:2-202,HFP-11,L2,C,C/L2/CW1060/SD202/Director cab
5:2-203,HFP-11,L2,C,C/L2/CW1060/SD203/Psg nr Directo
5:2-204,HTRI-R,L2,C,C/L2/CW1060/CM204/Psg nr Entry D
5:2-205,HTRI-R,L2,C,C/L2/CW1120/CM205/Psg nr Entry 
5:2-206,HFP-11,L2,C,C/L2/CW1120/SD206/ASSORTER CAB
5:2-207,HFP-11,L2,C,C/L2/CW1120/SD207/Buyers cab
5:2-208,HFPT-11,L2,C,C/L2/CW1120/HD208/PANTRY
5:2-209,HFP-11,L2,C,C/L2/CW1120/SD209/Main cab
5:2-210,HFP-11,L2,C,C/L2/CW1120/SD210/Psg nr Assorte
5:2-211,HFP-11,L2,C,C/L2/CW1120/SD211/Psg nr ent
5:2-212,HMS-S/D/M/SA,L2,C,C/L2/CW1120/MCP212/Psg nr entry
5:2-213,HFP-11,L2,C,C/L2/CW1230/SD213/Main Cab
5:2-214,HFP-11,L2,C,C/L2/CW1230/SD214/Assort Cab
5:2-216,HFPT-11,L2,C,C/L2/CW1230/HD216/Entry Psg 
5:2-217,HTRI-R,L2,C,C/L2/CW1230/CM217/Psg nr Entry D
5:2-218,HMS-S/D/M/SA,L2,C,C/L2/CW1230/MCP218/Psg nr Entry 
5:2-219,HFP-11,L2,C,C/L2/CW 1210/SD219/Main cab
5:2-220,HFP-11,L2,C,C/L2/CW 1210/SD220/Cab 1
5:2-221,HFP-11,L2,C,C/L2/CW 1210/SD221/Cab 1
5:2-222,HFP-11,L2,C,C/L2/CW 1210/SD222/Cab 1
5:2-223,HFP-11,L2,C,C/L2/CW1220/SD223/Psg nr Entry
5:2-224,HFP-11,L2,C,C/L2/CW1220/SD224/Cab 1
5:2-225,FDOT421,L2,C,C/L2/CW1220/SD225/Cab 2
5:2-226,HFP-11,L2,C,C/L2/CW1220/SD226/Cab 3
5:2-227,HFP-11,L2,C,C/L2/CW1220/SD227/Pantry
5:2-228,HTRI-R,L2,C,C/L2/CW1220/CM228/Psg nr Entry D
5:2-229,HMS-S/D/M/SA,L2,C,C/L2/CW1220/MCP229/Psg nr Entry 
5:2-230,HFP-11,L2,C,C/L2/CW1070/SD230/Main Cab 1
5:2-233,HFP-11,L2,C,C/L2/CW1070/SD233/Main Cab2
5:2-234,HFP-11,L2,C,C/L2/CW1070/SD234/PANTRY
5:2-235,HTRI-R,L2,C,C/L2/CW1070/CM235/Psg nr Entry D
5:2-236,HMS-S/D/M/SA,L2,C,C/L2/CW1070/MCP236/Psg nr Entry 
5:2-237,HFP-11,L2,C,C/L2/CW 2190/SD237/Pantry
5:2-238,HFP-11,L2,C,C/L2/CW 2190/SD238/Assort cab
5:2-239,HFP-11,L2,C,C/L2/CW 2190/SD239/Main cab
5:2-241,HTRI-R,L2,C,C/L2/CW 2190/CM241/Psg nr Entry 
5:2-242,HMS-S/D/M/SA,L2,C,C/L2/CW 2190/MCP242/Psg nr Entry
5:2-243,HFP-11,L2,C,C/L2/CW1080/SD243/Pantry
5:2-244,HFP-11,L2,C,C/L2/CW1080/SD244/Account cab
5:2-245,HFP-11,L2,C,C/L2/CW1080/SD245/Assorter cab
5:2-246,HFP-11,L2,C,C/L2/CW1080/SD246/Main cab
5:2-247,HFP-11,L2,C,C/L2/CW1080/SD247/Psg nr Account
5:2-248,HTRI-R,L2,C,C/L2/CW1080/CM248/Psg nr Entry d
5:2-249,HMS-S/D/M/SA,L2,C,C/L2/CW1080/MCP249/Psg nr Entry 
5:2-251,HTRI-S,L2,C,C/L2/1F/MM251/CW1110
5:2-252,HTRI-S,L2,C,C/L2/1F/MM252/CW1100
5:3-1,HTRI-R,L3,C,C/L3/CC/3F/CM1/DR RELESE CW3/S22
5:3-2,HFP-11,L3,C,C/L3/CC/3F/SD2/CORR NR CW3/S22
5:3-3,HFP-11,L3,C,C/L3/CC/3F/SD3/CORR NR CW3/S22
5:3-4,HFP-11,L3,C,C/L3/CC/3F/SD4/CORR NR CC 3090
5:3-5,HFP-11,L3,C,C/L3/CC/3F/SD5/CORR NR CC3081
5:3-6,HFP-11,L3,C,C/L3/CC/3F/SD6/CORR NR CC 3070
5:3-7,HFP-11,L3,C,C/L3/CC/3F/SD7/CORR NR CC 3070
5:3-8,HMS-S/D/M/SA,L3,C,C/L3/CC/3F/MCP8/FIRE ESC C TO W
5:3-9,HTRI-R,L3,C,C/L3/CC/3F/CM9/FIRE ESC C TO W
5:3-10,HFP-11,L3,C,C/L3/CC/3F/SD10/CORR NR CC 3122
5:3-11,HFP-11,L3,C,C/L3/CC/3F/SD11/CORR NR CC3/S08
5:3-12,HFP-11,L3,C,C/L3/CC/3F/SD12/CORR NR CC 3040
5:3-13,HFP-11,L3,C,C/L3/CC/3F/SD13/CORR NR CC 3020
5:3-14,HFP-11,L3,C,C/L3/CC/3F/SD14/CORR NR CC 3020
5:3-15,HFP-11,L3,C,C/L3/CC/3F/SD15/CORR NR CC 3171
5:3-16,HFP-11,L3,C,C/L3/CC/3F/SD16/CORR NR CC 3171
5:3-17,HTRI-R,L3,C,C/L3/CC/3F/CM17/FIRE SHAFT L.L.
5:3-18,HTRI-S,L3,C,C/L3/CC/3F/MM18/FIRE SHAFT L.L.
5:3-19,HMS-S/D/M/SA,L3,C,C/L3/CC/3F/MCP19/FIRE SHAFT L.L.
5:3-20,HFP-11,L3,C,C/L3/CC/3F/SD20/LIFT LOBBY SD
5:3-21,HFP-11,L3,C,C/L3/CC/3F/SD21/LIFT LOBBY SD
5:3-22,HTRI-R,L3,C,C/L3/CC/3F/CM22/DR RELESE C TO E
5:3-23,HFP-11,L3,C,C/L3/CC/3F/SD23/AHU RM
5:3-24,HTRI-R,L3,C,C/L3/CC/3F/CM24/AHU RM CM
5:3-25,HFP-11,L3,C,C/L3/CC/3F/SD25/CORR NR CC 3260
5:3-26,HFP-11,L3,C,C/L3/CC/3F/SD26/CORR NR CC 3260
5:3-27,HFP-11,L3,C,C/L3/CC/3F/SD27/CORR NR CC 3240
5:3-28,HFP-11,L3,C,C/L3/CC/3F/SD28/CORR NR CC3/S04
5:3-29,HFP-11,L3,C,C/L3/CC/3F/SD29/CORR NR CC 3220
5:3-30,HMS-S/D/M/SA,L3,C,C/L3/CC/3F/MCP30/FIRE ESC C TO E
5:3-31,HTRI-R,L3,C,C/L3/CC/3F/CM31/FIRE ESC C TO E
5:3-32,HFP-11,L3,C,C/L3/CC/3F/SD32/CORR NR CC 3211
5:3-33,HFP-11,L3,C,C/L3/CC/3F/SD33/CORR NR CC 3012
5:3-34,FDOT421,L3,C,C/L3/EC/3F/SD34/Corr Nr CE3011
5:3-35,HFP-11,L3,C,C/L3/EC/3F/SD35/LIFT LOBBY
5:3-36,HMS-S/D/M/SA,L3,C,C/L3/EC/3F/MCP36/FIRE SHAFT L.L.
5:3-37,HTRI-R,L3,C,C/L3/EC/3F/CM37/FIRE SHAFT L.L.
5:3-37,HTRI-R,L3,C,C/L3/EC/3F/CM37/FIRE SHAFT L.L.
5:3-38,HTRI-S,L3,C,C/L3/EC/3F/MM38/FIRE SHAFT L.L.
5:3-39,HFP-11,L3,C,C/L3/CC/3F/SD39/ELECT RM SD
5:3-40,HTRI-R,L3,C,C/L3/C/2F/CM40/DR RELESE CM 
5:3-42,HFP-11,L3,C,C/L3/C/2F/SD42/CORR NR CC 2070
5:3-43,HFP-11,L3,C,C/L3/C/2F/SD43/CORR NR CC 2070
5:3-44,HFP-11,L3,C,C/L3/C/2F/SD44/CORR NR CC 2061
5:3-45,HFP-11,L3,C,C/L3/C/2F/SD45/CORR NR CC 2061
5:3-46,HFP-11,L3,C,C/L3/C/2F/SD46/CORR NR CC 2061
5:3-47,HMS-S/D/M/SA,L3,C,C/L3/C/2F/MCP47/FIRE ESC STR
5:3-48,HTRI-R,L3,C,C/L3/C/2F/CM48/FIRE ESC STR
5:3-49,HFP-11,L3,C,C/L3/C/2F/SD49/CORR NR CC2/S08
5:3-50,HFP-11,L3,C,C/L3/C/2F/SD50/CORR NR CC 2130
5:3-51,FDOT421,L3,C,C/L3/C/2F/SD51/CORR NR CC 2130
5:3-52,HFP-11,L3,C,C/L3/C/2F/SD52/CORR NR CC 2160
5:3-53,HFP-11,L3,C,C/L3/C/2F/SD53/CORR NR CC 2010
5:3-54,HFP-11,L3,C,C/L3/C/2F/SD54/CORR NR CC 2010
5:3-55,HFP-11,L3,C,C/L3/C/2F/SD55/ELECT RM SD
5:3-56,HTRI-R,L3,C,C/L3/C/2F/CM56/DR RELESE CM 
5:3-57,HTRI-R,L3,C,C/L3/C/2F/CM57/FIRE SHAFT L.L.
5:3-58,HTRI-S,L3,C,C/L3/C/2F/MM58/FIRE SHAFT L.L.
5:3-59,HMS-S/D/M/SA,L3,C,C/L3/C/2F/MCP59/FIRE SHAFT L.L.
5:3-60,FDOT421,L3,C,C/L3/C/2F/SD60/LIFT LOBBY SD
5:3-61,FDOT421,L3,C,C/L3/C/2F/SD61/LIFT LOBBY SD
5:3-64,HFP-11,L3,C,C/L3/C/2F/SD64/ELECT RM SD E/C
5:3-65,HFP-11,L3,C,C/L3/C/2F/SD65/LIFT LOBBY SD E/C
5:3-66,HMS-S/D/M/SA,L3,C,C/L3/E/2F/MCP66/FIRE SHAFT L.L.
5:3-67,HTRI-R,L3,C,C/L3/E/2F/CM67/FIRE SHAFT L.L.
5:3-68,HTRI-S,L3,C,C/L3/E/2F/MM68/FIRE SHAFT L.L.
5:3-69,HTRI-R,L3,C,C/L3/C/1F/CM69/DR RELESE CM
5:3-70,HFP-11,L3,C,C/L3/1F/SD70/CORR NR CC1122
5:3-71,HFP-11,L3,C,C/L3/1F/SD71/CORR NR CC1122
5:3-72,FDOT421,L3,C,C/L3/1F/SD72/CORR NR CC1130
5:3-73,HFP-11,L3,C,C/L3/1F/SD73/CORR NR CC1080
5:3-74,HFP-11,L3,C,C/L3/1F/SD74/CORR NR CC1080
5:3-75,HMS-S/D/M/SA,L3,C,C/L3/C/1F/MCP75/FIRE ESC STR
5:3-76,HTRI-R,L3,C,C/L3/C/1F/CM76/FIRE ESC STR
5:3-76,HTRI-R,L3,C,C/L3/C/1F/CM76/FIRE ESC STR
5:3-77,HFP-11,L3,C,C/L3/1F/SD77/CORR NR CC1/S08
5:3-78,HFP-11,L3,C,C/L3/1F/SD78/CORR NR CC 1060
5:3-79,HFP-11,L3,C,C/L3/1F/SD79/CORR NR CC1/S24
5:3-80,HFP-11,L3,C,C/L3/1F/SD80/CORR NR CC 1020
5:3-81,HFP-11,L3,C,C/L3/1F/SD81/CORR NR CC 1020
5:3-82,HFP-11,L3,C,C/L3/C/1F/SD82/CORR NR E.R.
5:3-83,HFP-11,L3,C,C/L3/C/1F/SD83/CORR NR E.R.
5:3-84,HFP-11,L3,C,C/L3/C/1F/SD84/ELECT RM 
5:3-85,HTRI-S,L3,C,C/L3/C/1F/MM85/FIRE SHAFT L.L.
5:3-86,HTRI-R,L3,C,C/L3/C/1F/CM86/FIRE SHAFT L.L.
5:3-87,HMS-S/D/M/SA,L3,C,C/L3/C/1F/MCP87/FIRE SHAFT L.L.
5:3-88,HFP-11,L3,C,C/L3/C/1F/SD88/LIFT LOBBY SD
5:3-89,HFP-11,L3,C,C/L3/C/1F/SD89/LIFT LOBBY SD
5:3-90,HFP-11,L3,C,C/L3/C/1F/SD90/AHU RM SD
5:3-91,HTRI-R,L3,C,C/L3/C/1F/CM91/AHU RM CM
5:3-92,HTRI-S,L3,C,C/L3/1F/MM92/CE1120
5:3-94,HTRI-R,L3,C,C/L3/C/1F/CM94/DR RELESE
5:3-95,HFP-11,L3,C,C/L3/1F/SD95/CORR NR CE 1130
5:3-96,HFP-11,L3,C,C/L3/1F/SD96/CORR NR CE 1130
5:3-97,HFP-11,L3,C,C/L3/1F/SD97/CORR NR CE 1140
5:3-98,HFP-11,L3,C,C/L3/1F/SD98/CORR NR CE 1010
5:3-99,FDOT421,L3,C,C/L3/1F/SD99/CORR NR CE1010
5:3-100,HFP-11,L3,C,C/L3/E/1F/SD100/ELECT RM 
5:3-101,HFP-11,L3,C,C/L3/E/1F/SD101/LIFT LOBBY 
5:3-102,HMS-S/D/M/SA,L3,C,C/L3/E/1F/MCP102/FIRE SHAFT L.L.
5:3-103,HTRI-R,L3,C,C/L3/E/1F/CM103/FIRE SHAFT L.L.
5:3-104,HTRI-S,L3,C,C/L3/E/1F/MM104/FIRE SHAFT L.L.
5:3-105,HFP-11,L3,C,C/L3/E/3F/SD105/ELECT RM
5:3-106,HFP-11,L3,C,C/L3/E/3F/SD106/AHU RM
5:3-107,HTRI-R,L3,C,C/L3/E/3F/CM107/AHU RM CM
5:3-108,HFP-11,L3,C,C/L3/2F/SD108/CORR NR CC2/S05
5:3-109,HFP-11,L3,C,C/L3/2F/SD109/CORR NR CC 2190
5:3-110,HFP-11,L3,C,C/L3/2F/SD110/CORR NR CC 2203
5:3-111,HFP-11,L3,C,C/L3/E/2F/SD111/CORR NR FIRE ESC
5:3-112,HFP-11,L3,C,C/L3/E/2F/SD112/CORR NR FIRE ESC
5:3-113,HFP-11,L3,C,C/L3/E/2F/SD113/AHU RM SD 
5:3-114,HTRI-R,L3,C,C/L3/E/2F/CM114/AHU RM CM 
5:3-115,HFP-11,L3,C,C/L3/E/1F/SD115/AHU RM SD 
5:3-116,HTRI-R,L3,C,C/L3/E/1F/CM116/AHU RM CM 
5:3-117,HTRI-R,L3,C,C/L3/C/3F/CM117/DR RELSE 
5:3-118,HFP-11,L3,C,C/L3/C/2F/SD118/AHU RM SD
5:3-119,HTRI-R,L3,C,C/L3/2F/CM119/AHU RM CM
5:3-120,HTRI-R,L3,C,C/L3/1F/CM120/DR RELESE CM
5:3-121,HTRI-S,L3,C,C/L3/2F/MM121/CC2201
5:3-122,HTRI-S,L3,C,C/L3/2F/MM122/CC2022
5:3-123,HTRI-S,L3,C,C/L3/2F/MM123/CC2021
5:3-124,HTRI-S,L3,C,C/L3/2F/MM124/CC2170
5:3-125,HTRI-S,L3,C,C/L3/2F/MM125/CC2010
5:3-126,FDOT421,L3,C,C/L3/EC/SD126/Conv Hall Server 
5:3-127,FDOT421,L3,C,C/L3/EC/SD127/Conv Hall Psg Nr 
5:3-128,FDOT421,L3,C,C/L3/EC/SD128/Conv Hall DE side
5:3-129,HTRI-S,L3,C,C/L3/2F/MM129/CC2160
5:3-130,HTRI-S,L3,C,C/L3/2F/MM130/CC2203
5:3-132,HTRI-S,L3,C,C/L3/3F/MM132/CE3011
5:3-133,HTRI-S,L3,C,C/L3/3F/MM133/CC3012
5:3-134,HTRI-S,L3,C,C/L3/3F/MM134/CC3211/12
5:3-135,FDOT421,L3,C,C/L3/EC/SD135/Conv Hall DE side
5:3-137,HTRI-S,L3,C,C/L3/3F/MM137/CC3220
5:3-138,FDOT421,L3,C,C/L3/EC/SD138/Conv Hall DE side
5:3-139,FDOT421,L3,C,C/L3/EC/SD139/Conv Hall Electri
5:3-140,FDOT421,L3,C,C/L3/EC/SD140/Conv Hall Psg Nr 
5:3-141,FDOT421,L3,C,C/L3/EC/SD141/Conv Hall DE Side
5:3-142,FDOT421,L3,C,C/L3/EC/SD142/Conv Hall DE Side
5:3-143,HTRI-S,L3,C,C/L3/3F/MM143/CC3181
5:3-144,HTRI-S,L3,C,C/L3/3F/MM144/CC3260
5:3-145,HTRI-S,L3,C,C/L3/3F/MM145/CC3172
5:3-146,HTRI-S,L3,C,C/L3/3F/MM146/CC3171
5:3-147,HTRI-S,L3,C,C/L3/3F/MM147/CC3010
5:3-148,FDOT421,L3,C,C/L3/EC/SD148/Conv Hall Mn Ent 
5:3-149,FDOT421,L3,C,C/L3/EC/SD149/Conv Hall Mid Psg
5:3-151,HTRI-S,L3,C,C/L3/3F/MM151/CC3140
5:3-152,HTRI-S,L3,C,C/L3/3F/MM152/CC3031
5:3-154,HTRI-S,L3,C,C/L3/3F/MM154/CC3090
5:3-155,HTRI-S,L3,C,C/L3/3F/MM155/CC3132
5:3-159,FDOT421,L3,C,C/L3/EC/SD159/Conv Hall Mid PSG
5:3-161,FDOT421,L3,C,C/L3/EC/SD161/Conv Hall Mid Psg
5:3-162,HTRI-S,L3,C,C/L3/3F/MM162/CC3081
5:3-164,FDOT421,L3,C,C/L3/EC/SD164/Conv Hall CE Side
5:3-165,HTRI-S,L3,C,C/L3/3F/MM165/CC3050
5:3-166,FDOT421,L3,C,C/L3/EC/SD166/Conv Hall CE Side
5:3-167,HTRI-S,L3,C,C/L3/1F/MM167/CC1231
5:3-168,FDOT421,L3,C,C/L3/EC/SD168/Conv Hall CE Side
5:3-169,HTRI-S,L312F,C,C/L312F/MM169/CC1220
5:3-170,HTRI-S,L3,C,C/L3/1F/MM170/CC1210
5:3-171,FDOT421,L3,C,C/L3/EC/SD171/Conv Hall CE Side
5:3-172,HTRI-S,L3,C,C/L3/1F/MM172/CC1200
5:3-173,HTRI-S,L3,C,C/L3/1F/MM173/CC1190
5:3-174,HTRI-S,L3,C,C/L3/1F/MM174/CC1030
5:3-175,FDOT421,L3,C,C/L3/EC/SD175/Conv Hall Cafeter
5:3-176,HTRI-S,L3,C,C/L3/1F/MM176/CC1050
5:3-177,FDOT421,L3,C,C/L3/EC/SD177/Conv Hall Cafeter
5:3-178,HTRI-S,L3,C,C/L3/1F/MM178/CC1060
5:3-180,FDOT421,L3,C,C/L3/EC/SD177/Conv Hall Cafeter
5:3-181,HTRI-S,L3,C,C/L3/1F/MM181/CC1080
5:3-182,HMS-S/D/M/SA,L3,C,C/L3/EC/MCP182/Conv Hall Cafete
5:3-183,HMS-S/D/M/SA,L3,C,C/L3/EC/MCP183/Conv Hall Psg Nr
5:3-184,HTRI-S,L3,C,C/L3/1F/MM184/CC1150
5:3-185,HMS-S/D/M/SA,L3,C,C/L3/EC/MCP185/Conv Hall Psg Nr
5:3-186,HMS-S/D/M/SA,L3,C,C/L3/EC/MCP186/Conv Hall Psg Nr
5:3-187,HTRI-R,L3,C,C/L3/EC/CM187/Conv Hall Cafe AF
5:3-189,HTRI-S,L3,C,C/L3/1F/MM189/CC1120
5:3-190,HTRI-S,L3,C,C/L3/1F/MM190/CE1130
5:3-191,HTRI-S,L3,C,C/L3/1F/MM191/CE1140
5:3-192,HTRI-S,L3,C,C/L3/1F/MM192/CE1150
5:3-193,HTRI-S,L3,C,C/L3/1F/MM193/CE1010
5:3-194,HTRI-S,L3,C,C/L3/2F/MM194/CE2020
5:3-195,HTRI-S,L3,C,C/L3/2F/MM195/CE2010
5:3-196,HTRI-S,L3,C,C/L3/2F/MM196/CC2070A
5:3-198,HTRI-S,L3,C,C/L3/2F/MM198/CC2081
5:3-200,HTRI-S,L3,C,C/L3/2F/MM200/CC2062
5:3-204,HTRI-S,L3,C,C/L3/2F/MM204/CC2100
5:3-205,HTRI-S,L3,C,C/L3/2F/MM205/CC2110
5:3-207,HTRI-S,L3,C,C/L3/2F/MM207/CC2120
5:3-208,HTRI-S,L3,C,C/L3/2F/MM208/CC2130
5:3-209,HTRI-S,L3,C,C/L3/2F/MM209/CC2040
5:3-212,HTRI-S,L3,C,C/L3/2F/MM212/CC2150
5:3-214,HFP-11,L3,C,C/L3/CC2091/SD214/Reception
5:3-215,HFP-11,L3,C,C/L3/CC2091/SD215/Pantry
5:3-216,HFP-11,L3,C,C/L3/CC2091/SD216/Accounts Cabin
5:3-217,HFP-11,L3,C,C/L3/CC2091/SD217/Accounts Lobby
5:3-218,HFP-11,L3,C,C/L3/CC2091/SD218/Passage Area 
5:3-219,HFP-11,L3,C,C/L3/CC2091/SD219/Stock Room
5:3-220,HFP-11,L3,C,C/L3/CC2091/SD220/Marketing cabi
5:3-221,HFP-11,L3,C,C/L3/CC2091/SD221/Marketing Cabi
5:3-222,HFP-11,L3,C,C/L3/CC2091/SD222/Main cabin
5:3-223,HFP-11,L3,C,C/L3/CC2091/SD223/Main Cabin
5:3-224,HFP-11,L3,C,C/L3/CC2091/SD224/Backside Lobby
5:3-225,HFP-11,L3,C,C/L3/CC2091/SD225/Buyer 1 Area
5:3-226,HFP-11,L3,C,C/L3/CC2091/SD226/Buyer 2 Area
5:3-227,HFP-11,L3,C,C/L3/CC2091/SD227/Hitesh Cabin
5:3-228,HFP-11,L3,C,C/L3/CC2091/SD228/Stock Room
5:3-229,HTRI-R,L3,C,C/L3/CC2091/CM229/Entry Door
5:3-230,HMS-S/D/M/SA,L3,C,C/L3/CC2091/MCP230/Entry Door
5:3-231,HFP-11,L3,C,C/L3/CC1130/SD231/Assorter Cab
5:3-232,HFP-11,L3,C,C/L3/CC1130/SD232/Assorter Cab
5:3-233,HFP-11,L3,C,C/L3/CC1130/SD233/Entry Psg
5:3-234,HTRI-R,L3,C,C/L3/CC1130/CM234/Psg nr Entry D
5:3-235,HMS-S/D/M/SA,L3,C,C/L3/CC1130/MCP235/Psg nr Entry 
5:3-236,HFP-11,L3,C,C/L3/CC1240/SD236/Main Cab
5:3-237,HFP-11,L3,C,C/L3/CC1240/SD237/Cab 1
5:3-238,HFP-11,L3,C,C/L3/CC1240/SD238/Entry Psg
5:3-239,HFP-11,L3,C,C/L3/CC1240/SD239/Pantry
5:3-241,HTRI-R,L3,C,C/L3/CC1240/CM241/Psg nr ent
5:3-242,HMS-S/D/M/SA,L3,C,C/L3/CC1240/MCP242/Psg nr ent
5:3-243,HFP-11,L3,C,C/L3/CC3060/SD243/Pantry
5:3-244,HFP-11,L3,C,C/L3/CC3060/SD244/Cabin 2
5:3-245,HFP-11,L3,C,C/L3/CC3060/SD245/Cabin 1
5:3-246,HFP-11,L3,C,C/L3/CC3060/SD246/Assorter Cabin
5:3-247,HFP-11,L3,C,C/L3/CC3060/SD247/Main Cab
5:3-248,HFP-11,L3,C,C/L3/CC3060/SD248/Psg nr Pantry
5:3-249,HTRI-R,L3,C,C/L3/CC3060/CM249/Psg nr Entry D
5:3-250,HMS-S/D/M/SA,L3,C,C/L3/CC3060/MCP250/Psg nr Entry 
5:4-1,HTRI-R,L4,C,C/L4/CC/5F/CM1/DR RELSE CM
5:4-2,FDOT421,L4,C,C/L4/CC/5F/SD2/CORR NR CW5/S22
5:4-3,HFP-11,L4,C,C/L4/CC/5F/SD3/CORR NR CW5/S22
5:4-4,HMS-S/D/M/SA,L4,C,C/L4/CC/5F/MCP4/FIRE ESC STR 
5:4-5,FDOT421,L4,C,C/L4/CC/5F/SD5/CORR NR CC 5042
5:4-6,HFP-11,L4,C,C/L4/CC/5F/SD6/CORR NR CC 5041
5:4-7,HFP-11,L4,C,C/L4/CC/5F/SD7/CORR NR CW5/S23
5:4-8,HFP-11,L4,C,C/L4/CC/5F/SD8/CORR NR CC 5030
5:4-9,FDOT421,L4,C,C/L4/CC/5F/SD9/CORR NR CC 5062
5:4-10,FDOT421,L4,C,C/L4/CC/5F/SD10/CORR NR CC 5020
5:4-11,HFP-11,L4,C,C/L4/CC/5F/SD11/CORR NR CC 5011
5:4-12,HFP-11,L4,C,C/L4/CC/5F/SD12/CORR NR CC 5011
5:4-13,HFP-11,L4,C,C/L4/CC/5F/SD13/CORR NR CC 5074
5:4-14,HFP-11,L4,C,C/L4/CC/5F/SD14/CORR NR ELECT RM
5:4-15,HTRI-R,L4,C,C/L4/CC/5F/CM15/FIRE ESC STR 
5:4-16,HTRI-R,L4,C,C/L4/CC/5F/CM16/DR RELSE CM
5:4-17,HFP-11,L4,C,C/L4/CC/5F/SD17/ELECT RM SD
5:4-18,HFP-11,L4,C,C/L4/SD18/CC 5F LIFT LOBBY
5:4-19,HFP-11,L4,C,C/L4/SD19/CC 5F LIFT LOBBY
5:4-20,HTRI-R,L4,C,C/L4/CC/5F/CM20/FIRE SHAFT L.L.
5:4-21,HTRI-S,L4,C,C/L4/CC/5F/MM21/FIRE SHAFT L.L.
5:4-22,HMS-S/D/M/SA,L4,C,C/L4/CC/5F/MCP22/FIRE SHAFT L.L.
5:4-23,HFP-11,L4,C,C/L4/CC/5F/SD23/AHU RM SD
5:4-24,HTRI-R,L4,C,C/L4/CC/5F/CM24/AHU RM CM
5:4-27,HFP-11,L4,C,C/L4/EC/5F/SD27/CORR NR CE 5030
5:4-28,HFP-11,L4,C,C/L4/EC/5F/SD28/CORR NR CE 5030
5:4-29,HFP-11,L4,C,C/L4/EC/5F/SD29/CORR NR CE 5010
5:4-30,HFP-11,L4,C,C/L4/EC/5F/SD30/CORR NR CE 5010
5:4-31,HFP-11,L4,C,C/L4/EC/5F/SD31/ELECT RM SD
5:4-32,HFP-11,L4,C,C/L4/EC/5F/SD32/AHU RM SD
5:4-33,HTRI-R,L4,C,C/L4/EC/5F/CM33/AHU RM CM
5:4-34,HFP-11,L4,C,C/L4/EC/5F/SD34/LIFT LOBBY SD
5:4-35,HMS-S/D/M/SA,L4,C,C/L4/EC/5F/MCP35/FIRE SHAFT L.L.
5:4-36,HTRI-R,L4,C,C/L4/EC/5F/CM36/FIRE SHAFT L.L.
5:4-37,HTRI-S,L4,C,C/L4/EC/5F/MM37/FIRE SHAFT L.L.
5:4-38,HTRI-R,L4,C,C/L4/CC/4F/CM38/DR RELSE CM
5:4-39,HFP-11,L4,C,C/L4/CC/4F/SD39/CORR NR CW4/S22
5:4-40,HFP-11,L4,C,C/L4/CC/4F/SD40/CORR NR CW4/S22
5:4-41,HFP-11,L4,C,C/L4/CC/4F/SD41/CORR NR CW4/S09
5:4-42,HFP-11,L4,C,C/L4/CC/4F/SD42/CORR NR CC 4060
5:4-43,HFP-11,L4,C,C/L4/CC/4F/SD43/CORR NR CC 4060
5:4-44,HMS-S/D/M/SA,L4,C,C/L4/CC/4F/MCP44/FIRE ESC STR 
5:4-45,HTRI-R,L4,C,C/L4/CC/4F/CM45/FIRE ESC STR 
5:4-46,HFP-11,L4,C,C/L4/CC/4F/SD46/CORR NR CC4/S08
5:4-47,FDOT421,L4,C,C/L4/CC/4F/SD47/CORR NR CC 4040
5:4-48,HFP-11,L4,C,C/L4/CC/4F/SD48/CORR NR CC 4040
5:4-49,HFP-11,L4,C,C/L4/CC/4F/SD49/CORR NR CC 4021
5:4-50,FDOT421,L4,C,C/L4/CC/4F/SD50/COR CC4112 AFC
5:4-51,HFP-11,L4,C,C/L4/SD51/CC 4F COR NR ELECT RM
5:4-52,HTRI-R,L4,C,C/L4/CC/4F/CM52/DR RELSE NR E.R.
5:4-53,FDOT421,L4,C,C/L4/CC/4F/SD53/LIFT LOBBY SD
5:4-54,HFP-11,L4,C,C/L4/CC/4F/SD54/LIFT LOBBY SD
5:4-55,HMS-S/D/M/SA,L4,C,C/L4/CC/4F/MCP55/FIRE SHAFT L.L.
5:4-56,HTRI-R,L4,C,C/L4/CC/4F/CM56/FIRE SHAFT L.L.
5:4-57,HTRI-S,L4,C,C/L4/CC/4F/MM57/FIRE SHAFT L.L.
5:4-58,FDOT421,L4,C,C/L4/CC/4F/SD58/ELECT RM SD
5:4-59,HFP-11,L4,C,C/L4/CC/4F/SD59/AHU RM SD
5:4-60,HTRI-R,L4,C,C/L4/CC/4F/CM60/AHU RM CM
5:4-61,HFP-11,L4,C,C/L4/CC/4F/SD61/CORR NR CC 4170
5:4-62,FDOT421,L4,C,C/L4/CC/4F/SD62/CORR NR CC 4172
5:4-63,FDOT421,L4,C,C/L4/CC/4F/SD63/CORR NR CC 4150
5:4-64,FDOT421,L4,C,C/L4/CC/4F/SD64/COR CC4141 AFC
5:4-65,HFP-11,L4,C,C/L4/CC/4F/SD65/CORR NR CC 4141
5:4-66,HMS-S/D/M/SA,L4,C,C/L4/CC/4F/MCP66/FIRE ESC STR 
5:4-67,HTRI-R,L4,C,C/L4/CC/4F/CM67/FIRE ESC STR 
5:4-68,HTRI-R,L4,C,C/L4/CC/4F/CM68/FIRE ESC STR 
5:4-69,HFP-11,L4,C,C/L4/EC/4F/SD69/ELECT RM SD
5:4-70,HFP-11,L4,C,C/L4/EC/4F/SD70/AHU RM SD
5:4-71,HTRI-R,L4,C,C/L4/EC/4F/CM71/AHU RM CM
5:4-72,HFP-11,L4,C,C/L4/EC/4F/SD72/LIFT LOBBY SD
5:4-73,HMS-S/D/M/SA,L4,C,C/L4/EC/4F/MCP73/FIRE SHAFT L.L.
5:4-74,HTRI-R,L4,C,C/L4/EC/4F/CM74/FIRE SHAFT L.L.
5:4-75,HTRI-S,L4,C,C/L4/EC/4F/MM75/FIRE SHAFT L.L.
5:4-76,HTRI-R,L4,C,C/L4/EC/5F/CM76/DR RELSE CM
5:4-77,HTRI-S,L4,C,C/L4/4F/MM77/CC4082
5:4-79,HTRI-S,L4,C,C/L4/4F/MM79/CC4052
5:4-80,HTRI-S,L4,C,C/L4/4F/MM80/CC4090
5:4-85,HTRI-S,L4,C,C/L4/4F/MM85/CC4021
5:4-86,HTRI-S,L4,C,C/L4/4F/MM86/CC4111
5:4-87,HTRI-S,L4,C,C/L4/4F/MM87/CC4010
5:4-89,HTRI-S,L4,C,C/L4/4F/MM89/CC4011
5:4-90,HTRI-S,L4,C,C/L4/4F/MM90/CC4013
5:4-96,HTRI-S,L4,C,C/L4/4F/MM96/CC4120
5:4-97,HTRI-S,L4,C,C/L4/4F/MM97/CC4171
5:4-100,HTRI-S,L4,C,C/L4/5F/MM100/CC5012
5:4-101,HTRI-S,L4,C,C/L4/5F/MM101/CE5052
5:4-102,HTRI-S,L4,C,C/L4/5F/MM102/CE5051
5:4-103,HTRI-S,L4,C,C/L4/5F/MM103/CE5040
5:4-104,HTRI-S,L4,C,C/L4/5F/MM104/CE5030
5:4-105,HTRI-S,L4,C,C/L4/5F/MM105/CE5020
5:4-110,HTRI-S,L4,C,C/L4/5F/MM110/CC5090
5:4-111,HTRI-S,L4,C,C/L4/5F/MM111/CC5080
5:4-113,HTRI-S,L4,C,C/L4/5F/MM113/CC5011
5:4-118,HTRI-S,L4,C,C/L4/5F/MM118/CC5062
5:4-120,HTRI-S,L4,C,C/L4/5F/MM120/CC5061B
5:4-122,HTRI-S,L4,C,C/L4/5F/MM122/CC5061A
5:4-123,HTRI-S,L4,C,C/L4/5F/MM123/CC5042
5:4-124,HTRI-S,L4,C,C/L4/5F/MM124/CC5050
5:4-125,HTRI-S,L4,C,C/L4/5F/MM125/CC5043
5:4-126,HTRI-S,L4,C,C/L4/4F/MM126/CC4070
5:4-127,HTRI-S,L4,C,C/L4/4F/MM127/CC4081
5:4-128,HFP-11,L4,C,C/L4/CC5030/SD128/Psg nr Entry D
5:4-129,HFP-11,L4,C,C/L4/CC5030/SD129/Cab 1
5:4-130,HFP-11,L4,C,C/L4/CC5030/SD130/Cab 2
5:4-131,HFP-11,L4,C,C/L4/CC5030/SD131/Main Cabin
5:4-132,HTRI-R,L4,C,C/L4/CC5030/CM132/Psg nr Entry D
5:4-133,HMS-S/D/M/SA,L4,C,C/L4/CC5030/MCP133/Psg nr Entry 
5:4-134,HFP-11,L4,C,C/L4/CC5020/SD134/Main cab 1
5:4-135,HFP-11,L4,C,C/L4/CC5020/SD135/Main cab 2
5:4-136,HFP-11,L4,C,C/L4/CC5020/SD136/Accounts cab
5:4-137,HFP-11,L4,C,C/L4/CC5020/SD137/Buyers cab
5:4-138,HFP-11,L4,C,C/L4/CC5020/SD138/Assorter cab
5:4-139,HFP-11,L4,C,C/L4/CC5020/SD139/Psg nr Entry
5:4-140,HFP-11,L4,C,C/L4/CC5020/SD140/Pantry
5:4-141,HTRI-R,L4,C,C/L4/CC5020/CM141/Psg nr Entry D
5:4-142,HMS-S/D/M/SA,L4,C,C/L4/CC5020/MCP142/Psg nr EntryD
5:4-143,HFP-11,L4,C,C/L4/CC4040/SD143/Psg nr Entry D
5:4-144,HFP-11,L4,C,C/L4/CC4040/SD144/cab 2
5:4-145,HFP-11,L4,C,C/L4/CC4040/SD145/Cab 3
5:4-146,HFP-11,L4,C,C/L4/CC4040/SD146/Cab 1
5:4-147,HTRI-R,L4,C,C/L4/CC4040/CM147/Psg nr Entry D
5:4-148,HMS-S/D/M/SA,L4,C,C/L4/CC4040/MCP148/Psg nr Entry 
5:4-149,HFP-11,L4,C,C/L4/CC4101/SD149/Pantry
5:4-150,HFP-11,L4,C,C/L4/CC4101/SD150/Reception Lobb
5:4-151,HFP-11,L4,C,C/L4/CC4101/SD151/Cab 1
5:4-152,HFP-11,L4,C,C/L4/CC4101/SD152/Psg nr cab 2
5:4-153,HFP-11,L4,C,C/L4/CC4101/SD153/cab 2
5:4-154,HFP-11,L4,C,C/L4/CC4101/SD154/cab 3
5:4-155,HFP-11,L4,C,C/L4/CC4101/SD155/cab 4
5:4-156,HFP-11,L4,C,C/L4/CC4101/SD156/cab 5
5:4-157,HFP-11,L4,C,C/L4/CC4101/SD157/cab 6
5:4-158,HFP-11,L4,C,C/L4/CC4101/SD158/cab 7
5:4-159,HFP-11,L4,C,C/L4/CC4101/SD159/cab 8
5:4-160,HTRI-R,L4,C,C/L4/CC4101/CM160/Psg nr Entry D
5:4-161,HMS-S/D/M/SA,L4,C,C/L4/CC4101/MCP161/Psg nr Entry 
5:4-162,HFPT-11,L4,C,C/L4/CE5060/HD162/Pantry
5:4-163,HFP-11,L4,C,C/L4/CE5060/SD163/Main Cab
5:4-164,HFP-11,L4,C,C/L4/CE5060/SD164/Cab 1
5:4-165,HFP-11,L4,C,C/L4/CE5060/SD165/Cab 2
5:4-166,HFP-11,L4,C,C/L4/CE5060/SD166/asst Cab
5:4-167,HFP-11,L4,C,C/L4/CE5060/SD167/Psg nr Pnty
5:4-168,HFP-11,L4,C,C/L4/CE5060/SD168/Reception
5:4-169,HFP-11,L4,C,C/L4/CE5060/SD169/Account cabin
5:4-170,HFP-11,L4,C,C/L4/CE5060/SD170/Psg nr Cab 1
5:4-171,HTRI-R,L4,C,C/L4/CE5060/CM171/Psg nr Entry D
5:4-172,HMS-S/D/M/SA,L4,C,C/L4/CE5060/MCP172/Psg nr Entry 
5:4-173,HFP-11,L4,C,C/L4/CC4030/SD173/Pnty
5:4-174,HFP-11,L4,C,C/L4/CC4030/SD174/Cab 1
5:4-175,HFP-11,L4,C,C/L4/CC4030/SD175/Cab 2
5:4-176,HTRI-R,L4,C,C/L4/CC4030/CM176/Psg nr Pnty Dr
5:4-177,HMS-S/D/M/SA,L4,C,C/L4/CC4030/MCP177/Psg nr Pnty D
5:4-185,HFP-11,L4,C,C/L4/CC5073/SD185/Main cab
5:4-186,HFP-11,L4,C,C/L4/CC5073/SD186/Main cab 
5:4-187,HFP-11,L4,C,C/L4/CC5073/SD187/Marketing cab
5:4-188,HFP-11,L4,C,C/L4/CC5073/SD188/Marketing cab
5:4-189,HFP-11,L4,C,C/L4/CC5073/SD189/Buyer cab 1
5:4-190,HFP-11,L4,C,C/L4/CC5073/SD190/Psg Nr Buyer c
5:4-191,HFP-11,L4,C,C/L4/CC5073/SD191/Buyer cab 2
5:4-192,HFP-11,L4,C,C/L4/CC5073/SD192/Buyer cab 3
5:4-193,HFP-11,L4,C,C/L4/CC5073/SD193/asst cab
5:4-194,HFPT-11,L4,C,C/L4/CC5073/HD194/Psg nr Buyer c
5:4-195,HFP-11,L4,C,C/L4/CC5073/SD195/Accs cab 
5:4-196,HFP-11,L4,C,C/L4/CC5073/SD196/Tushar Bhai Ca
5:4-197,HFP-11,L4,C,C/L4/CC5073/SD197/Dilip Bhai Cab
5:4-198,HTRI-R,L4,C,C/L4/CC5073/CM198/Psg nr Ent Dr
5:4-199,HMS-S/D/M/SA,L4,C,C/L4/CC5071/MCP199/Psg nr Ent Dr
5:4-202,HFP-11,L4,C,C/L4/CC4051/SD202/Psg nr Ent Dr
5:4-203,HFP-11,L4,C,C/L4/CC4051/SD203/Cab 1
5:4-204,HFP-11,L4,C,C/L4/CC4051/SD204/Main cab
5:4-205,HFP-11,L4,C,C/L4/CC4051/SD205/Cab 2
5:4-206,HFP-11,L4,C,C/L4/CC4051/SD206/Pnty
5:4-207,HTRI-R,L4,C,C/L4/CC4051/CM207/Psg nr Ent Dr
5:4-208,HMS-S/D/M/SA,L4,C,C/L4/CC4051/MCP208/Psg nr Ent Dr
5:4-209,HFP-11,L4,C,C/L4/CC4060/SD209/Cab1
5:4-210,HFP-11,L4,C,C/L4/CC4060/SD210/Main Cab
5:4-211,HFP-11,L4,C,C/L4/CC4060/SD211/Psg nr Main ca
5:4-213,HTRI-R,L4,C,C/L4/CC4060/CM213/Psg nr Ent Dr
5:4-214,HMS-S/D/M/SA,L4,C,C/L4/CC4060/MCP214/Psg nr Ent Dr
5:4-215,HFP-11,L4,C,C/L4/CE5010/SD215/Psg nr Ent Dr
5:4-216,HFPT-11,L4,C,C/L4/CE5010/HD216/Pnty
5:4-217,FDOT421,L4,C,C/L4/CE5010/SD217/asst cab
5:4-218,FDOT421,L4,C,C/L4/CE5010/SD218/Accs cab
5:4-219,HFP-11,L4,C,C/L4/CE5010/SD219/Main cab
5:4-220,HTRI-R,L4,C,C/L4/CE5010/CM220/Psg nr Ent Dr
5:4-221,HMS-S/D/M/SA,L4,C,C/L4/CE5010/MCP221/Psg nr Ent Dr
5:4-222,HFP-11,L4,C,C/L4/CC4141/SD222/Accounts cab
5:4-223,HFP-11,L4,C,C/L4/CC4141/SD223/Assorter cab
5:4-224,HFP-11,L4,C,C/L4/CC4141/SD224/Pantry
5:4-225,HFP-11,L4,C,C/L4/CC4141/SD225/Psg nr Assorte
5:4-226,HFP-11,L4,C,C/L4/CC4141/SD226/Main cab
5:4-227,HTRI-R,L4,C,C/L4/CC4141/CM227/Entry dr Psg
5:4-228,HMS-S/D/M/SA,L4,C,C/L4/CC4141/MCP228/Entry dr Psg
5:4-229,HFP-11,L4,C,C/L4/CC4172/SD229/Main cab 2
5:4-230,HFP-11,L4,C,C/L4/CC4172/SD230/Main cab 1
5:4-231,HFP-11,L4,C,C/L4/CC4172/SD231/Account cab
5:4-232,HFP-11,L4,C,C/L4/CC4172/SD232/Pantry
5:4-233,HFP-11,L4,C,C/L4/CC4172/SD233/Entry dr Psg
5:4-234,HTRI-R,L4,C,C/L4/CC4172/CM234/Entry dr Psg
5:4-235,HMS-S/D/M/SA,L4,C,C/L4/CC4172/MCP235/Entry dr Psg
5:4-236,HFP-11,L4,C,C/L4/CC4130/SD236/Conference rm
5:4-237,HFP-11,L4,C,C/L4/CC4130/SD237/Pantry
5:4-238,HFP-11,L4,C,C/L4/CC4130/SD238/Accounts cab
5:4-239,HFP-11,L4,C,C/L4/CC4130/SD239/MIG rm
5:4-240,HFP-11,L4,C,C/L4/CC4130/SD240/Sales cab
5:4-241,HFP-11,L4,C,C/L4/CC4130/SD241/Sales cab
5:4-242,HFP-11,L4,C,C/L4/CC4130/SD242/Assorter cab1
5:4-243,HFP-11,L4,C,C/L4/CC4130/SD243/Assorter cab2
5:4-244,HFP-11,L4,C,C/L4/CC4130/SD244/Entry Psg
5:4-245,HTRI-R,L4,C,C/L4/CC4130/CM245/Entry Psg
5:4-246,HMS-S/D/M/SA,L4,C,C/L4/CC4130/MCP246/Entry Psg
5:4-247,HFP-11,L4,C,C/L4/SD247/CC4150/MAIN CABIN
5:4-248,HFP-11,L4,C,C/L4/SD248/CC4150/ASSORTOR CAB
5:4-249,HFP-11,L4,C,C/L4/SD249/CC4150/ENTRY PSG
5:4-250,HTRI-R,L4,C,C/L4/CM250/CC4150/ENTRY PSG AFC
5:4-251,HMS-S/D/M/SA,L4,C,C/L4/CC4150/MCP251/ENTRY PSG
5:5-1,HFP-11,L5,C,C/L5/WC/3F/SD1/CORR NR BW 3070
5:5-2,HFP-11,L5,C,C/L5/WC/3F/SD2/CORR NR BW 3110
5:5-3,HFP-11,L5,C,C/L5/WC/3F/SD3/CORR NR BW 3110
5:5-4,HFP-11,L5,C,C/L5/WC/3F/SD4/CORR NR BW 3091
5:5-5,HFP-11,L5,C,C/L5/WC/3F/SD5/CORR NR BW 3120
5:5-6,HFP-11,L5,C,C/L5/WC/3F/SD6/CORR NR BW 3101
5:5-7,HFP-11,L5,C,C/L5/WC/3F/SD7/ELECT RM
5:5-8,HTRI-R,L5,C,C/L5/WC/3F/CM8/DR RELSE CM
5:5-9,HFP-11,L5,C,C/L5/WC/3F/SD9/LIFT LOBBY 
5:5-10,HFP-11,L5,C,C/L5/WC/3F/SD10/LIFT LOBBY
5:5-11,HMS-S/D/M/SA,L5,C,C/L5/WC/3F/MCP11/FIRE SHAFT L.L.
5:5-12,HTRI-R,L5,C,C/L5/WC/3F/CM12/FIRE SHAFT L.L.
5:5-13,HTRI-S,L5,C,C/L5/WC/3F/MM13/FIRE SHAFT L.L.
5:5-14,HTRI-R,L5,C,C/L5/WC/3F/CM14/DR RELSE NR 3TO4
5:5-15,HFP-11,L5,C,C/L5/WC/3F/SD15/CORR NR CW 3200
5:5-16,HFP-11,L5,C,C/L5/WC/3F/SD16/AHU RM SD W/C
5:5-17,HTRI-R,L5,C,C/L5/WC/3F/CM17/AHU RM SD W/C
5:5-18,HFP-11,L5,C,C/L5/WC/3F/SD18/CORR NR CW 3010
5:5-19,HFP-11,L5,C,C/L5/WC/3F/SD19/CORR NR CW 3010
5:5-20,HFP-11,L5,C,C/L5/WC/3F/SD20/CORR NR CW 3180
5:5-21,HFP-11,L5,C,C/L5/WC/3F/SD21/CORR NR CW 3050
5:5-22,HFP-11,L5,C,C/L5/WC/3F/SD22/CORR NR CW 3060
5:5-23,HTRI-R,L5,C,C/L5/WC/3F/CM23/FIRE ESC STR CM
5:5-24,HMS-S/D/M/SA,L5,C,C/L5/WC/3F/MCP24/FIRE ESC STR CM
5:5-25,HFP-11,L5,C,C/L5/WC/3F/SD25/CORR NR CW 3080
5:5-26,HFP-11,L5,C,C/L5/WC/4F/SD26/CORR NR BW 4052
5:5-27,HFP-11,L5,C,C/L5/WC/4F/SD27/CORR NR CW 4/S11
5:5-28,HFP-11,L5,C,C/L5/WC/4F/SD28/CORR NR CW 4/S11
5:5-29,HFP-11,L5,C,C/L5/WC/4F/SD29/CORR NR BW4100
5:5-30,HFP-11,L5,C,C/L5/WC/4F/SD30/CORR NR BW 4030
5:5-31,HFP-11,L5,C,C/L5/WC/4F/SD31/CORR NR BW 4030
5:5-32,HFP-11,L5,C,C/L5/WC/4F/SD32/ELECT RM 
5:5-33,HTRI-R,L5,C,C/L5/WC/4F/CM33/DR RELSE CM
5:5-34,HFP-11,L5,C,C/L5/WC/4F/SD34/LIFT LOBBY
5:5-35,HFP-11,L5,C,C/L5/WC/4F/SD35/LIFT LOBBY
5:5-36,HMS-S/D/M/SA,L5,C,C/L5/WC/4F/MCP36/LIFT LOBBY
5:5-37,HTRI-R,L5,C,C/L5/WC/4F/CM37/FIRE SHAFT L.L.
5:5-38,HTRI-S,L5,C,C/L5/WC/4F/MM38/FIRE SHAFT L.L.
5:5-39,HTRI-R,L5,C,C/L5/WC/4F/CM39/DR RELSE NR 3TO4
5:5-40,HFP-11,L5,C,C/L5/WC/4F/SD40/CORR NR CW 4230
5:5-41,HFP-11,L5,C,C/L5/WC/4F/SD41/CORR NR CW 4250
5:5-42,HFP-11,L5,C,C/L5/WC/4F/SD42/AHU RM
5:5-43,HTRI-R,L5,C,C/L5/WC/4F/CM43/AHU RM 
5:5-44,HFP-11,L5,C,C/L5/WC/4F/SD44/CORR NR CW 4230
5:5-46,HFP-11,L5,C,C/L5/WC/4F/SD46/CORR NR CW 4210
5:5-47,HFP-11,L5,C,C/L5/WC/4F/SD47/CORR NR CW 4060
5:5-48,HFP-11,L5,C,C/L5/WC/4F/SD48/CORR NR CW4/S18
5:5-49,HFP-11,L5,C,C/L5/WC/4F/SD49/CORR NR CW4/S18
5:5-50,HMS-S/D/M/SA,L5,C,C/L5/WC/4F/MCP50/FIRE ESC STR
5:5-51,HTRI-R,L5,C,C/L5/WC/4F/CM51/FIRE ESC STR
5:5-52,HTRI-S,L5,C,C/L5/3F/MM52/CW3190
5:5-59,HTRI-S,L5,C,C/L5/3F/MM59/CW3160
5:5-60,HTRI-S,L5,C,C/L5/3F/MM60/CW3080
5:5-61,HTRI-S,L5,C,C/L5/3F/MM61/CW3070
5:5-62,HTRI-S,L5,C,C/L5/3F/MM62/CW3060
5:5-63,HTRI-S,L5,C,C/L5/3F/MM63/CW3170
5:5-65,HTRI-S,L5,C,C/L5/3F/MM65/CW3040
5:5-66,HTRI-S,L5,C,C/L5/3F/MM66/CW3180
5:5-68,HTRI-S,L5,C,C/L5/3F/MM68/CW3030
5:5-69,HTRI-S,L5,C,C/L5/3F/MM69/CW3020
5:5-70,HTRI-S,L5,C,C/L5/3F/MM70/CW3010
5:5-72,HTRI-S,L5,C,C/L5/3F/MM72/BW3102
5:5-76,HTRI-S,L5,C,C/L5/3F/MM76/BW3082
5:5-77,HTRI-S,L5,C,C/L5/3F/MM77/BW3120
5:5-79,HTRI-S,L5,C,C/L5/3F/MM79/BW3110
5:5-81,HTRI-S,L5,C,C/L5/4F/MM81/BW4060
5:5-82,HTRI-S,L5,C,C/L5/4F/MM82/BW4150
5:5-83,HTRI-S,L5,C,C/L5/4F/MM83/BW4140
5:5-84,HTRI-S,L5,C,C/L5/4F/MM84/BW4070
5:5-85,HTRI-S,L5,C,C/L5/4F/MM85/BW4080
5:5-86,HTRI-S,L5,C,C/L5/4F/MM86/BW4090
5:5-89,HTRI-S,L5,C,C/L5/4F/MM89/BW4110
5:5-90,HTRI-S,L5,C,C/L5/4F/MM90/BW4120
5:5-91,HTRI-S,L5,C,C/L5/4F/MM91/BW4130
5:5-92,HTRI-S,L5,C,C/L5/4F/MM92/CW4240
5:5-93,HTRI-S,L5,C,C/L5/4F/MM93/CW4010
5:5-97,HTRI-S,L5,C,C/L5/4F/MM97/CW4030
5:5-99,HTRI-S,L5,C,C/L5/4F/MM99/CW4040
5:5-104,HTRI-S,L5,C,C/L5/4F/MM104/CW4080
5:5-112,HFP-11,L5,C,C/L5/BW3070/SD112/Reception
5:5-113,HFP-11,L5,C,C/L5/BW3070/SD113/Cabin 1
5:5-114,HFP-11,L5,C,C/L5/BW3070/SD114/Main cabin
5:5-115,HFP-11,L5,C,C/L5/BW3070/SD115/Accounts cabin
5:5-116,HFP-11,L5,C,C/L5/BW3070/SD116/Cabin 2
5:5-117,HFP-11,L5,C,C/L5/BW3070/SD117/Psg near cabin
5:5-118,HFP-11,L5,C,C/L5/BW3070/SD118/Assorter cabin
5:5-119,HFP-11,L5,C,C/L5/BW3070/SD119/Pantry
5:5-120,HTRI-R,L5,C,C/L5/BW3070/CM120/Entry Door
5:5-121,HMS-S/D/M/SA,L5,C,C/L5/BW3070/MCP121/Entry Door
5:5-150,HFP-11,L5,C,C/L5/CW 4050/SD150/Psg Nr Main C
5:5-151,HFP-11,L5,C,C/L5/CW 4050/SD151/Main cab
5:5-152,HFP-11,L5,C,C/L5/CW 4050/SD152/Main cab
5:5-153,HFP-11,L5,C,C/L5/CW4050/SD153/Assort Cab
5:5-154,HTRI-R,L5,C,C/L5/CW 4050/CM154/Psg nr Ent Dr
5:5-155,HMS-S/D/M/SA,L5,C,C/L5/CW 4050/MCP155/Psg nr Ent D
5:5-157,HFP-11,L5,C,C/L5/CW4200/SD157/Assort Cab
5:5-158,HFP-11,L5,C,C/L5/CW4200/SD158/Account  Cab1
5:5-159,HFP-11,L5,C,C/L5/CW4200/SD159/Main Cab
5:5-160,HFP-11,L5,C,C/L5/CW4200/SD160/Accont Cab2
5:5-161,HFP-11,L5,C,C/L5/CW4200/SD161/Pantry
5:5-162,HMS-S/D/M/SA,L5,C,C/L5/CW4200/MCP162/Entry Psg
5:5-163,HTRI-R,L5,C,C/L5/CW4200/CM163/Entry Psg AFC
5:5-164,HFP-11,L5,C,C/L5/CW4060/SD164/Pnty
5:5-165,HFP-11,L5,C,C/L5/CW4060/SD165/Cab 1
5:5-166,HFP-11,L5,C,C/L5/CW4060/SD166/cab 2
5:5-167,HFP-11,L5,C,C/L5/CW4060/SD167/Main cab
5:5-168,HTRI-R,L5,C,C/L5/CW4060/CM168/Psg nr Ent Dr
5:5-169,HMS-S/D/M/SA,L5,C,C/L5/CW4060/MCP169/Psg nr Ent Dr
5:5-170,HFP-11,L5,C,C/L5/CW4220/SD170/Pnty
5:5-171,HFP-11,L5,C,C/L5/CW4220/SD171/cab 1
5:5-172,HFP-11,L5,C,C/L5/CW4220/SD172/cab 2
5:5-173,HTRI-R,L5,C,C/L5/CW4220/CM173/Psg nr Ent Dr
5:5-174,HMS-S/D/M/SA,L5,C,C/L5/CW4220/MCP174/Psg nr Ent Dr
5:5-175,HFP-11,L5,C,C/L5/CW4230/SD175/Psg nr Pnty
5:5-176,HFP-11,L5,C,C/L5/CW4230/SD176/Director Cab
5:5-177,HFP-11,L5,C,C/L5/CW4230/SD177/asst Cab
5:5-178,HTRI-R,L5,C,C/L5/CW4230/CM178/Psg nr Ent Dr
5:5-179,HMS-S/D/M/SA,L5,C,C/L5/CW4230/MCP179/Psg nr Ent Dr
5:5-186,HFP-11,L5,C,C/L5/CW4210/SD186/Cab 1
5:5-187,HFP-11,L5,C,C/L5/CW4210/SD187/Cab2
5:5-188,HFPT-11,L5,C,C/L5/HD188/CW4210/PANTRY
5:5-189,HTRI-R,L5,C,C/L5/CW4210/CM189/Psg nr Ent Dr
5:5-190,HMS-S/D/M/SA,L5,C,C/L5/CW4210/MCP190/Psg nr Ent Dr
5:5-191,HFP-11,L5,C,C/L5/CW4190/SD191/Pnty
5:5-192,HFP-11,L5,C,C/L5/CW4190/SD192/Assort Cab
5:5-193,HFP-11,L5,C,C/L5/CW4190/SD193/Assort
5:5-194,HFP-11,L5,C,C/L5/CW4190/SD194/Main Cab
5:5-195,HTRI-R,L5,C,C/L5/CW4190/CM195/Psg nr Ent Dr
5:5-196,HMS-S/D/M/SA,L5,C,C/L5/CW4190/MCP196/Psg nr Ent Dr
5:5-198,HFP-11,L5,C,C/L5/CW4020/SD198/cab 1
5:5-199,HFP-11,L5,C,C/L5/CW4020/SD199/Cab 2
5:5-200,HFP-11,L5,C,C/L5/CW4020/SD200/Cab 3
5:5-201,HFP-11,L5,C,C/L5/CW4020/SD201/Psg nr cab 2
5:5-202,HTRI-R,L5,C,C/L5/CW4020/CM202/Psg nr Entry D
5:5-203,HMS-S/D/M/SA,L5,C,C/L5/CW4020/MCP203/Psg nr Entry 
5:5-204,HFP-11,L5,C,C/L5/BW3091/SD204/Psg nr Pantry
5:5-205,HFP-11,L5,C,C/L5/BW3091/SD205/Pantry
5:5-206,HFP-11,L5,C,C/L5/BW3091/SD206/Accounts cab
5:5-207,HFP-11,L5,C,C/L5/BW3091/SD207/Assorter cab
5:5-208,HFP-11,L5,C,C/L5/BW3091/SD208/Main cab
5:5-209,HFP-11,L5,C,C/L5/BW3091/SD209/Assorter cab
5:5-210,HMS-S/D/M/SA,L5,C,C/L5/BW3091/MCP210/Psg nr Entry 
5:5-211,HTRI-R,L5,C,C/L5/BW3091/CM211/Psg nr Entry D
5:5-212,HFP-11,L5,C,C/L5/BW4100/SD212/Main cab
5:5-213,HFP-11,L5,C,C/L5/BW4100/SD213/Cab 1
5:5-214,HFP-11,L5,C,C/L5/BW4100/SD214/Psg nr Entranc
5:5-215,HTRI-R,L5,C,C/L5/BW4100/CM215/Psg nr Entry D
5:5-215,HTRI-R,L5,C,C/L5/BW4100/CM215/Psg nr Entry D
5:5-216,HMS-S/D/M/SA,L5,C,C/L5/BW4100/MCP216/Psg nr Entry 
5:5-223,HFPT-11,L5,C,C/L5/CW3050/HD223/Main Cab
5:5-224,HFP-11,L5,C,C/L5/CW3050/SD224/Cab 1
5:5-225,HFPT-11,L5,C,C/L5/CW3050/HD225/Psg nr cab 2
5:5-226,HTRI-R,L5,C,C/L5/CW3050/CM226/Psg nr Ent Dr
5:5-227,HMS-S/D/M/SA,L5,C,C/L5/CW3050/MCP227/Psg nr Ent Dr
5:5-228,HFPT-11,L5,C,C/L5/CW4020/HD228/Pantry
5:5-230,HFP-11,L5,C,C/L5/SD230/CW4070/MAIN CAB
5:5-231,HFP-11,L5,C,C/L5/SD231/CW4070/MAIN CAB
5:5-232,HFP-11,L5,C,C/L5/SD232/CW4070/ASSORTOR CAB
5:5-233,HFP-11,L5,C,C/L5/SD233/CW4070/ASSORTOR CAB
5:5-234,HTRI-R,L5,C,C/L5/CM234/CW4070/ENTRY PSG AFC
5:5-235,HMS-S/D/M/SA,L5,C,C/L5/MCP235/CW4070/ENTRY PSG
5:7-1,HFP-11,L7,C,C/L7/CC9015B/SD1/Psg nr cab 2 
5:7-2,HFP-11,L7,C,C/L7/CC9015B/SD2/Psg nr Exe. T
5:7-3,HFP-11,L7,C,C/L7/CC9015B/SD3/Arjiv safe
5:7-4,HFP-11,L7,C,C/L7/CC9015B/SD4/Psg nr Conf. 
5:7-5,HFP-11,L7,C,C/L7/CC9015B/SD5/Psg nr Strong
5:7-6,HFP-11,L7,C,C/L7/CC9015B/SD6/Strong rm cab
5:7-7,HFP-11,L7,C,C/L7/WC/9F/SD7/LIFT LOBBY
5:7-8,HFP-11,L7,C,C/L7/WC/9F/SD8/LIFT LOBBY
5:7-9,HMS-S/D/M/SA,L7,C,C/L7/WC/9F/MCP9/FIRE SHAFT L.L.
5:7-10,HTRI-R,L7,C,C/L7/WC/9F/CM10/FIRE SHAFT L.L.
5:7-11,HTRI-S,L7,C,C/L7/WC/9F/MM11/FIRE SHAFT L.L.
5:7-12,HTRI-R,L7,C,C/L7/WC/9F/CM12/AHU RM CM 
5:7-13,HFP-11,L7,C,C/L7/WC/9F/SD13/AHU RM SD
5:7-14,HFP-11,L7,C,C/L7/WC/9F/SD14/ELECT RM SD
5:7-15,HTRI-R,L7,C,C/L7/WC/9F/CM15/Fire Door
5:7-16,HFP-11,L7,C,C/L7/CC/9F/SD16/CORR NR CC 9051
5:7-17,HFP-11,L7,C,C/L7/CC/9F/SD17/CORR NR CC 9051
5:7-18,HFP-11,L7,C,C/L7/CC/9F/SD18/CORR NR CC 9060
5:7-19,HFP-11,L7,C,C/L7/CC/9F/SD19/CORR NR CC 9030
5:7-20,HFP-11,L7,C,C/L7/CC/9F/SD20/CORR NR CC 9030
5:7-21,HMS-S/D/M/SA,L7,C,C/L7/CC/9F/MCP21/FIRE ESC STR
5:7-22,HTRI-R,L7,C,C/L7/CC/9F/CM22/FIRE ESC STR
5:7-23,HFP-11,L7,C,C/L7/CC/9F/SD23/CORR NR CC 9010
5:7-24,HFP-11,L7,C,C/L7/CC/9F/SD24/CORR NR CC 9020
5:7-25,HFP-11,L7,C,C/L7/CC/9F/SD25/CORR NR CC 9020
5:7-26,HFP-11,L7,C,C/L7/CC/9F/SD26/CORR NR CC 9081
5:7-27,HFP-11,L7,C,C/L7/CC/9F/SD27/CORR NR CC 9010
5:7-28,HFP-11,L7,C,C/L7/CC/9F/SD28/CORR NR CC 9010
5:7-29,HFP-11,L7,C,C/L7/CC/9F/SD29/ELECT RM SD
5:7-30,HTRI-R,L7,C,C/L7/CC/9F/CM30/DR RELSE CM
5:7-31,HMS-S/D/M/SA,L7,C,C/L7/CC/9F/MCP31/LIFT LOBBY MCP
5:7-32,HTRI-R,L7,C,C/L7/CC/9F/CM32/FIRE SHAFT L.L.
5:7-33,HTRI-S,L7,C,C/L7/CC/9F/MM33/FIRE SHAFT L.L.
5:7-34,HFP-11,L7,C,C/L7/CC/9F/SD34/AHU RM SD
5:7-35,HTRI-R,L7,C,C/L7/CC/9F/CM35/AHU RM CM
5:7-36,HFP-11,L7,C,C/L7/CC/9F/SD36/LIFT LOBBY
5:7-37,HFP-11,L7,C,C/L7/CC/9F/SD37/LIFT LOBBY
5:7-38,HFP-11,L7,C,C/L7/WC/8F/SD38/LIFT LOBBY
5:7-39,HFP-11,L7,C,C/L7/WC/8F/SD39/LIFT LOBBY
5:7-40,HMS-S/D/M/SA,L7,C,C/L7/WC/8F/MCP40/FIRE SHAFT L.L.
5:7-41,HTRI-R,L7,C,C/L7/WC/8F/CM41/FIRE SHAFT L.L.
5:7-42,HTRI-S,L7,C,C/L7/WC/8F/MM42/FIRE SHAFT L.L.
5:7-43,HTRI-R,L7,C,C/L7/WC/8F/CM43/AHU RM CM
5:7-44,HFP-11,L7,C,C/L7/WC/8F/SD44/AHU RM SD
5:7-45,HFP-11,L7,C,C/L7/WC/8F/SD45/ELECT RM SD
5:7-46,HTRI-R,L7,C,C/L7/WC/8F/CM46/DR RELSE SD
5:7-47,HFP-11,L7,C,C/L7/WC/8F/SD47/CORR NR CW8/S22
5:7-48,HFP-11,L7,C,C/L7/WC/8F/SD48/CORR NR CW 8023
5:7-49,HTRI-R,L7,C,C/L7/CC9015B/CM49/Electric pane
5:7-52,HFP-11,L7,C,C/L7/CC/8F/SD52/CORR NR E.R.
5:7-53,HFP-11,L7,C,C/L7/CC/8F/SD53/ELECT RM SD
5:7-54,HMS-S/D/M/SA,L7,C,C/L7/CC/8F/MCP54/FIRE SHAFT L.L.
5:7-55,HTRI-R,L7,C,C/L7/CC/8F/CM55/FIRE SHAFT L.L.
5:7-56,HTRI-S,L7,C,C/L7/CC/8F/MM56/FIRE SHAFT L.L.
5:7-57,HFP-11,L7,C,C/L7/CC/8F/SD57/AHU RM
5:7-58,HTRI-R,L7,C,C/L7/CC/8F/CM58/AHU RM CM
5:7-58,HTRI-R,L7,C,C/L7/CC/8F/CM58/AHU RM CM
5:7-59,HFP-11,L7,C,C/L7/C/SD59/LIFT LOBBY
5:7-60,HFP-11,L7,C,C/L7/CC/8F/SD60/LIFT LOBBY
5:7-61,HFP-11,L7,C,C/L7/WC/7F/SD61/LIFT LOBBY
5:7-62,HFP-11,L7,C,C/L7/WC/7F/SD62/LIFT LOBBY
5:7-63,HMS-S/D/M/SA,L7,C,C/L7/WC/7F/MCP63/FIRE SHAFT L.L.
5:7-64,HTRI-R,L7,C,C/L7/WC/7F/CM64/FIRE SHAFT L.L.
5:7-65,HTRI-S,L7,C,C/L7/WC/7F/MM65/FIRE SHAFT L.L.
5:7-66,HTRI-R,L7,C,C/L7/WC/7F/CM66/AHU RM CM
5:7-67,HFP-11,L7,C,C/L7/WC/7F/SD67/AHU RM SD
5:7-68,HFP-11,L7,C,C/L7/WC/7F/SD68/ELECT RM  SD
5:7-69,HFP-11,L7,C,C/L7/WC/7F/SD69/CORR NR AHU
5:7-70,HFP-11,L7,C,C/L7/WC/7F/SD70/CORR NR AHU
5:7-71,HTRI-R,L7,C,C/L7/CC/7F/CM71/DR RELSE CM
5:7-73,HFP-11,L7,C,C/L7/CC/7F/SD73/CORR NR CC 7053
5:7-74,HFP-11,L7,C,C/L7/CC/7F/SD74/CORR NR CC 7053
5:7-75,HFP-11,L7,C,C/L7/CC/7F/SD75/CORR NR CW 7/S09
5:7-76,HFP-11,L7,C,C/L7/CC/7F/SD76/CORR 
5:7-77,HFP-11,L7,C,C/L7/CC/7F/SD77/CORR NR CC 7051
5:7-78,HMS-S/D/M/SA,L7,C,C/L7/CC/7F/MCP78/FIRE ESC STR
5:7-79,HTRI-R,L7,C,C/L7/CC/7F/CM79/FIRE ESC STR
5:7-80,HFP-11,L7,C,C/L7/CC/7F/SD80/CORR NR CC7/S08
5:7-81,HFP-11,L7,C,C/L7/CC/7F/SD81/CORR NR CC 7030
5:7-82,HFP-11,L7,C,C/L7/CC/7F/SD82/CORR NR CC7/S24
5:7-83,HFP-11,L7,C,C/L7/CC/7F/SD83/CORR NR CC7/S07
5:7-84,HFP-11,L7,C,C/L7/CC/7F/SD84/CORR NR CC 7085
5:7-85,HFP-11,L7,C,C/L7/CC/7F/SD85/CORR NR CC 7085
5:7-86,HFP-11,L7,C,C/L7/CC/7F/SD86/ELECT RM SD 
5:7-87,HTRI-R,L7,C,C/L7/CC/7F/CM87/DR RELSE CM
5:7-88,HMS-S/D/M/SA,L7,C,C/L7/CC/7F/MCP88/FIRE SHAFT L.L.
5:7-89,HTRI-R,L7,C,C/L7/CC/7F/CM89/FIRE SHAFT L.L.
5:7-90,HTRI-S,L7,C,C/L7/CC/7F/MM90/FIRE SHAFT L.L.
5:7-91,HFP-11,L7,C,C/L7/CC/7F/SD91/AHU RM SD
5:7-92,HTRI-R,L7,C,C/L7/CC/7F/CM92/AHU RM CM
5:7-93,HFP-11,L7,C,C/L7/CC/7F/SD93/LIFT LOBBY
5:7-94,HFP-11,L7,C,C/L7/CC/7F/SD94/LIFT LOBBY
5:7-95,HTRI-S,L7,C,C/L7/8F/MM95/CW8011
5:7-98,HTRI-S,L7,C,C/L7/9F/MM98/CC9030
5:7-99,HTRI-S,L7,C,C/L7/CC/8F/MM99/CC8014/15
5:7-105,HTRI-S,L7,C,C/L7/9F/MM105/CC9060
5:7-106,HTRI-S,L7,C,C/L7/9F/MM106/CC9020A
5:7-107,HTRI-S,L7,C,C/L7/9F/MM107/CC9010
5:7-108,HTRI-S,L7,C,C/L7/9F/MM108/CC9082
5:7-112,HTRI-S,L7,C,C/L7/7F/MM112/CC7010
5:7-113,HTRI-S,L7,C,C/L7/7F/MM113/CC7084
5:7-115,HTRI-S,L7,C,C/L7/7F/MM115/CC7030
5:7-116,HTRI-S,L7,C,C/L7/7F/MM116/CC7081
5:7-118,HTRI-S,L7,C,C/L7/7F/MM118/CC7040
5:7-122,HMS-S/D/M/SA,L7,C,C/L7/CC7061/MCP122/Psg nr Entry
5:7-124,HTRI-S,L7,C,C/L7/7F/MM124/CC7053
5:7-126,HTRI-S,L7,C,C/L7/8F/MM126/CC8012
5:7-130,HTRI-S,L7,C,C/L7/8F/MM130/CW8012
5:7-131,HFP-11,L7,C,C/L7/CC7020/SD131/Pnty
5:7-132,HFP-11,L7,C,C/L7/CC7020/SD132/Psg nr Ent Dr
5:7-133,HFP-11,L7,C,C/L7/CC7020/SD133/Waiting Area
5:7-134,HFP-11,L7,C,C/L7/CC7020/SD134/asst Cab
5:7-135,HFP-11,L7,C,C/L7/CC7020/SD135/cab 2
5:7-136,HFP-11,L7,C,C/L7/CC7020/SD136/cab 1
5:7-137,HFP-11,L7,C,C/L7/CC7020/SD137/Accs Cab
5:7-138,HTRI-R,L7,C,C/L7/CC7020/CM138/Psg nr Ent Dr
5:7-139,HMS-S/D/M/SA,L7,C,C/L7/CC7020/MCP139/Psg nr Ent Dr
5:7-140,HFP-11,L7,C,C/L7/CC7061/SD140/Cab 1
5:7-141,HFP-11,L7,C,C/L7/CC7061/SD141/Cab 2
5:7-142,HFP-11,L7,C,C/L7/CC7061/SD142/Cab 3
5:7-143,HFP-11,L7,C,C/L7/CC7061/SD143/Cab 3A
5:7-144,HFP-11,L7,C,C/L7/CC7061/SD144/Cab 3B
5:7-145,HFP-11,L7,C,C/L7/CC7061/SD145/Cab 3C
5:7-146,HFP-11,L7,C,C/L7/CC7061/SD146/Cab 4
5:7-147,HFP-11,L7,C,C/L7/CC7061/SD147/Cab 5
5:7-148,HFP-11,L7,C,C/L7/CC7061/SD148/Cab 6A
5:7-149,HFP-11,L7,C,C/L7/CC7061/SD149/Cab 6B
5:7-150,HFP-11,L7,C,C/L7/CC7061/SD150/Cab 7
5:7-151,HFP-11,L7,C,C/L7/CC7061/SD151/Cab 8
5:7-152,HFP-11,L7,C,C/L7/CC7061/SD152/Cab 9
5:7-153,HFP-11,L7,C,C/L7/CC7061/SD153/Cab 10
5:7-154,HFP-11,L7,C,C/L7/CC7061/SD154/Cab 11A
5:7-155,HFP-11,L7,C,C/L7/CC7061/SD155/Cab 11B
5:7-156,HFP-11,L7,C,C/L7/CC7061/SD156/Cab 12
5:7-157,HFP-11,L7,C,C/L7/CC7061/SD157/Cab 13A
5:7-158,HFP-11,L7,C,C/L7/CC7085/SD158/rcpt
5:7-159,HFP-11,L7,C,C/L7/CC7085/SD159/Cab 22
5:7-160,HFP-11,L7,C,C/L7/CC7085/SD160/Cab 16
5:7-161,HFP-11,L7,C,C/L7/CC7085/SD161/Acc cab
5:7-162,HFP-11,L7,C,C/L7/CC7085/SD162/asst cab
5:7-163,HFP-11,L7,C,C/L7/CC7085/SD163/Main cab
5:7-164,HFP-11,L7,C,C/L7/CC7085/SD164/Main cab
5:7-165,HFP-11,L7,C,C/L7/CC7085/SD165/Main cab
5:7-166,HFP-11,L7,C,C/L7/CC7085/SD166/Pnty
5:7-167,HFP-11,L7,C,C/L7/CC7085/SD167/Psg nr Acc cab
5:7-168,HMS-S/D/M/SA,L7,C,C/L7/CC7085/MCP168/Psg nr Ent Dr
5:7-169,HTRI-R,L7,C,C/L7/CC7085/169CM/Psg nr Ent Dr
5:7-170,HFP-11,L7,C,C/L7/CC7070/SD170/Pnty
5:7-171,HFP-11,L7,C,C/L7/CC7070/SD171/Server room
5:7-172,HFP-11,L7,C,C/L7/CC7070/SD172/Main cab
5:7-173,HFP-11,L7,C,C/L7/CC7070/SD173/Acc cab
5:7-174,HFP-11,L7,C,C/L7/CC7070/SD174/Buyer1 Cab
5:7-175,HFP-11,L7,C,C/L7/CC7070/SD175/Buyer2 cab
5:7-176,HTRI-R,L7,C,C/L7/CC7070/CM176/Psg nr Ent Dr
5:7-177,HMS-S/D/M/SA,L7,C,C/L7/CC7070/MCP177/Psg nr Ent Dr
5:7-178,HFP-11,L7,C,C/L7/CC9015B/SD178/ARJO Main cab
5:7-179,HFP-11,L7,C,C/L7/CC9015B/SD179/ARJO Main cab
5:7-180,HFP-11,L7,C,C/L7/CC9015B/SD180/ARJO Main cab
5:7-181,HFP-11,L7,C,C/L7/CC9015B/SD181/ARJO Main cab
5:7-182,HFP-11,L7,C,C/L7/CC9015B/SD182/ARJO Main cab
5:7-183,HFP-11,L7,C,C/L7/CC9015B/SD183/ARJO Main cab
5:7-184,HFP-11,L7,C,C/L7/CC9015B/SD184/Psg nr ARJO M
5:7-185,HFP-11,L7,C,C/L7/CC9015B/SD185/Psg nr Accoun
5:7-186,HFP-11,L7,C,C/L7/CC9015B/SD186/ARJO Entry dr
5:7-187,HFPT-11,L7,C,C/L7/CC9015B/HD187/Pantry
5:7-188,HFP-11,L7,C,C/L7/CC9015B/SD188/Blue star Ent
5:7-189,HFP-11,L7,C,C/L7/CC9015B/SD189/Reception Psg
5:7-190,HFP-11,L7,C,C/L7/CC9015B/SD190/Reception cab
5:7-191,HFP-11,L7,C,C/L7/CC9015B/SD191/Scanning dept
5:7-192,HFP-11,L7,C,C/L7/CC9015B/SD192/Operator cab
5:7-193,HFP-11,L7,C,C/L7/CC9015B/SD193/Account cab
5:7-194,HFP-11,L7,C,C/L7/CC9015B/SD194/Xerox cab
5:7-195,HFP-11,L7,C,C/L7/CC9015B/SD195/CA cab
5:7-196,HFP-11,L7,C,C/L7/CC9015B/SD196/Psg nr CA cab
5:7-197,HFP-11,L7,C,C/L7/CC9015B/SD197/Ishwarbhai ca
5:7-198,HFP-11,L7,C,C/L7/CC9015B/SD198/Rakesh bhai c
5:7-199,HFP-11,L7,C,C/L7/CC9015B/SD199/Kirtibhai cab
5:7-200,HFP-11,L7,C,C/L7/CC9015B/SD200/Psg nr Assort
5:7-201,HFP-11,L7,C,C/L7/CC9015B/SD201/Assorter cab
5:7-202,HFP-11,L7,C,C/L7/CC9015B/SD202/Psg nr Accoun
5:7-203,HFP-11,L7,C,C/L7/CC9015B/SD203/Dinning Room
5:7-204,HFPT-11,L7,C,C/L7/CC9015B/HD204/Boss Pantry
5:7-205,HFP-11,L7,C,C/L7/CC9015B/SD205/Psg nr IT cab
5:7-206,HFP-11,L7,C,C/L7/CC9015B/SD206/Server Room
5:7-207,HFP-11,L7,C,C/L7/CC9015B/SD207/IT Dept Cab
5:7-208,HFP-11,L7,C,C/L7/CC9015B/SD208/Grading cab
5:7-209,HFP-11,L7,C,C/L7/CC9015B/SD209/Conference rm
5:7-210,HFP-11,L7,C,C/L7/CC9015B/SD210/Conference rm
5:7-211,HFP-11,L7,C,C/L7/CC9015B/SD211/Cab 6
5:7-212,HFP-11,L7,C,C/L7/CC9015B/SD212/Cab 7
5:7-213,HFP-11,L7,C,C/L7/CC9015B/SD213/Cab 8
5:7-214,HFP-11,L7,C,C/L7/CC9015B/SD214/Cab 5
5:7-215,HFP-11,L7,C,C/L7/CC9015B/SD215/Psg nr Cab 6
5:7-216,HFP-11,L7,C,C/L7/CC9015B/SD216/Warehouse cab
5:7-217,HFP-11,L7,C,C/L7/CC9015B/SD217/Warehouse cab
5:7-218,HFP-11,L7,C,C/L7/CC9015B/SD218/Waiting Area 
5:7-219,HFP-11,L7,C,C/L7/CC9015B/SD219/Waiting Area 
5:7-220,HFP-11,L7,C,C/L7/CC9015B/SD220/Boss cab
5:7-221,HFP-11,L7,C,C/L7/CC9015B/SD221/Boss cab
5:7-222,HFP-11,L7,C,C/L7/CC9015B/SD222/Sales cab
5:7-223,HFP-11,L7,C,C/L7/CC9015B/SD223/Stock cab1
5:7-224,HFP-11,L7,C,C/L7/CC9015B/SD224/Stock cab2
5:7-225,HFP-11,L7,C,C/L7/CC9015B/SD225/Stock cab3
5:7-226,HFP-11,L7,C,C/L7/CC9015B/SD226/Mixing Dept
5:7-227,HFP-11,L7,C,C/L7/CC9015B/SD227/Psg nr Mixing
5:7-228,HFP-11,L7,C,C/L7/CC9015B/SD228/Cab 4
5:7-229,HFP-11,L7,C,C/L7/CC9015B/SD229/Cab 3
5:7-230,HFP-11,L7,C,C/L7/CC9015B/SD230/Cab 2
5:7-231,HFP-11,L7,C,C/L7/CC9015B/SD231/Piyushbhai ca
5:7-232,HFP-11,L7,C,C/L7/CC9015B/SD232/Achalbhai cab
5:7-233,HFP-11,L7,C,C/L7/CC9015B/SD233/Cab 1
5:7-234,HFP-11,L7,C,C/L7/CC9015B/SD234/Anujbhai cab
5:7-235,HFP-11,L7,C,C/L7/CC9015B/SD235/Psg nr cab1
5:7-236,HMS-S/D/M/SA,L7,C,C/L7/CC9015B/MCP236/Psg nr sales
5:7-237,HMS-S/D/M/SA,L7,C,C/L7/CC9015B/MCP237/Psg nr Mixin
5:7-238,HMS-S/D/M/SA,L7,C,C/L7/CC9015B/MCP238/Psg nr Recep
5:7-239,HMS-S/D/M/SA,L7,C,C/L7/CC9015B/MCP239/Psg nr ARJIO
5:7-240,HTRI-R,L7,C,C/L7/CC9015B/CM240/Psg nr Mixing
5:7-241,HFP-11,L7,C,C/L7/CC7061/SD241/Cab 13B
5:7-242,HFP-11,L7,C,C/L7/CC7061/SD242/Cab 14
5:7-243,HFP-11,L7,C,C/L7/CC7061/SD243/Cab 15
5:7-244,HFP-11,L7,C,C/L7/CC7061/SD244/Cab 16
5:7-245,HMS-S/D/M/SA,L7,C,C/L7/CC7061/MCP245/Cab 16
5:7-246,HFP-11,L7,C,C/L7/CC7061/SD246/Psg nr cab14
5:7-247,HFP-11,L7,C,C/L7/CC7061/SD247/Psg nr cab10
5:7-248,HFP-11,L7,C,C/L7/CC7061/SD248/Psg nr cab3
5:7-249,HFP-11,L7,C,C/L7/CC7061/SD249/Psg nr cab2
5:7-250,HFP-11,L7,C,C/L7/CC7061/SD250/Psg nr cab1
5:7-251,HFP-11,L7,C,C/L7/CC7061/SD251/Reception Entr
5:7-252,HTRI-R,L7,C,C/L7/CC7061/CM252/Psg nr Entry
5:8-27,HFP-11,L8,C,C/L8/EC/7F/SD27/ELECT RM SD
5:8-28,HFP-11,L8,C,C/L8/EC/7F/SD28/AHU RM SD
5:8-29,HTRI-R,L8,C,C/L8/EC/7F/CM29/AHU RM CM
5:8-30,HFP-11,L8,C,C/L8/EC/7F/SD30/LIFT LOBBY SD
5:8-31,HMS-S/D/M/SA,L8,C,C/L8/EC/7F/MCP31/FIRE SHAFT L.L.
5:8-32,HTRI-R,L8,C,C/L8/EC/7F/CM32/FIRE SHAFT L.L.
5:8-33,HTRI-S,L8,C,C/L8/EC/7F/MM33/FIRE SHAFT L.L.
5:8-44,HFP-11,L8,C,C/L8/CC/6F/SD44/ELECT RM SD
5:8-45,HFP-11,L8,C,C/L8/CC/6F/SD45/AHU RM SD
5:8-46,HTRI-R,L8,C,C/L8/CC/6F/CM46/AHU RM CM
5:8-47,HFP-11,L8,C,C/L8/CC/6F/SD47/LIFT LOBBY SD
5:8-48,HFP-11,L8,C,C/L8/CC/6F/SD48/LIFT LOBBY SD
5:8-49,HMS-S/D/M/SA,L8,C,C/L8/CC/6F/MCP49/FIRE SHAFT L.L.
5:8-50,HTRI-R,L8,C,C/L8/CC/6F/CM50/FIRE SHAFT L.L.
5:8-51,HTRI-S,L8,C,C/L8/CC/6F/MM51/FIRE SHAFT L.L.
5:8-54,HFP-11,L8,C,C/L8/EC/6F/SD54/CORR NR E.R.
5:8-55,HFP-11,L8,C,C/L8/EC/6F/SD55/CORR NR E.R.
5:8-56,HFP-11,L8,C,C/L8/EC/6F/SD56/ELECT RM
5:8-57,HFP-11,L8,C,C/L8/EC/6F/SD57/AHU RM
5:8-58,HTRI-R,L8,C,C/L8/EC/6F/CM58/AHU RM CM
5:8-59,HFP-11,L8,C,C/L8/EC/6F/SD59/LIFT LOBBY SD
5:8-60,HMS-S/D/M/SA,L8,C,C/L8/EC/6F/MCP60/FIRE SHAFT L.L.
5:8-61,HTRI-R,L8,C,C/L8/EC/6F/CM61/FIRE SHAFT L.L.
5:8-62,HTRI-S,L8,C,C/L8/EC/6F/MM62/FIRE SHAFT L.L.
5:8-63,HTRI-S,L8,C,C/L8/6F/MM63/CC6011
5:8-67,HTRI-S,L8,C,C/L8/7F/MM67/CE6057
5:9-27,HFP-11,L9,C,C/L9/EC/9F/SD27/LIFT LOBBY SD
5:9-28,HTRI-R,L9,C,C/L9/EC/9F/CM28/DR RELSE CM
5:9-29,HFP-11,L9,C,C/L9/EC/9F/SD29/CORR NR CE9/S02
5:9-30,HFP-11,L9,C,C/L9/EC/9F/SD30/CORR NR CE9/S02
5:9-31,HFP-11,L9,C,C/L9/EC/9F/SD31/ELECT RM SD
5:9-32,HFP-11,L9,C,C/L9/EC/9F/SD32/AHU RM
5:9-33,HTRI-R,L9,C,C/L9/EC/9F/CM33/ AHU RM
5:9-34,HMS-S/D/M/SA,L9,C,C/L9/EC/9F/MCP34/FIRE SHAFT L.L.
5:9-35,HTRI-R,L9,C,C/L9/EC/9F/CM35/FIRE SHAFT L.L.
5:9-36,HTRI-S,L9,C,C/L9/EC/9F/MM36/FIRE SHAFT L.L.
5:9-59,HFP-11,L9,C,C/L9/EC/8F/SD59ELECT RM SD
5:9-60,HFP-11,L9,C,C/L9/EC/8F/SD60/AHU RM SD
5:9-61,HTRI-R,L9,C,C/L9/EC/8F/CM61/AHU RM CM
5:9-62,HFP-11,L9,C,C/L9/EC/8F/SD62/LIFT LOBBY SD
5:9-63,HMS-S/D/M/SA,L9,C,C/L9/EC/8F/MCP63/FIRE SHAFT NR L
5:9-64,HTRI-R,L9,C,C/L9/EC/8F/CM64/FIRE SHAFT NR L.
5:9-65,HTRI-S,L9,C,C/L9/EC/8F/MM65/FIRE SHAFT NR L.
5:9-66,HTRI-S,L9,C,C/L9/8F/MM66/CE8011
5:9-104,HTRI-S,L7,C,C/L7/CC/9F/MM104/CC9060A
5:6-1,HMS-S/D/M/SA,L6,C,C/L6/WC/6F/MCP1/FIRE ESC STR 
5:6-2,HTRI-R,L6,C,C/L6/WC/6F/CM2/FIRE ESC STR 
5:6-3,HFP-11,L6,C,C/L6/WC/6F/SD3/CORR NR CW 6040
5:6-4,HFP-11,L6,C,C/L6/WC/6F/SD4/CORR NR CW 6054
5:6-5,HFP-11,L6,C,C/L6/WC/6F/SD5/CORR NR CW 6054
5:6-6,HFP-11,L6,C,C/L6/WC/6F/SD6/CORR NR CW 6022
5:6-7,HFP-11,L6,C,C/L6/WC/6F/SD7/CORR NR E.R.
5:6-8,HFP-11,L6,C,C/L6/WC/6F/SD8/CORR NR E.R.
5:6-9,HFP-11,L6,C,C/L6/WC/6F/SD9/ELECT RM SD
5:6-10,HTRI-R,L6,C,C/L6/WC/6F/CM10/DR RELSE CW6/S22
5:6-11,HTRI-R,L6,C,C/L6/WC/6F/CM11/DR RELSE CW6/S22
5:6-12,HFP-11,L6,C,C/L6/WC/6F/SD12/CORR NR CW6/S22
5:6-13,HFP-11,L6,C,C/L6/WC/6F/SD13/CORR NR CW6/S10
5:6-14,HFP-11,L6,C,C/L6/WC/6F/SD14/CORR NR CW6/S23
5:6-15,HFP-11,L6,C,C/L6/WC/6F/SD15/CORR NR CW6/S23
5:6-16,HFP-11,L6,C,C/L6/WC/6F/SD16/CORR NR CW6/S23
5:6-17,HFP-11,L6,C,C/L6/WC/6F/SD17/LIFT LOBBY SD
5:6-18,HFP-11,L6,C,C/L6/WC/6F/SD18/LIFT LOBBY SD
5:6-19,HMS-S/D/M/SA,L6,C,C/L6/WC/6F/MCP19/FIRE SHAFT L.L.
5:6-20,HTRI-R,L6,C,C/L6/WC/6F/CM20/FIRE SHAFT L.L.
5:6-21,HTRI-S,L6,C,C/L6/WC/6F/MM21/FIRE SHAFT L.L.
5:6-22,HTRI-R,L6,C,C/L6/WC/6F/CM22/DR RELSE CM
5:6-23,HTRI-R,L6,C,C/L6/WC/6F/CM23/AHU RM CM
5:6-24,HFP-11,L6,C,C/L6/WC/6F/SD24AHU RM SD
5:6-25,HFP-11,L6,C,C/L6/WC/6F/SD25/CORR NR AHU RM
5:6-26,HFP-11,L6,C,C/L6/WC/6F/SD26/CORR NR AHU RM
5:6-27,HFP-11,L6,C,C/L6/WC/6F/SD27/CORR NR CW6162
5:6-28,HFP-11,L6,C,C/L6/WC/6F/SD28/CORR NR CW6061
5:6-29,HFP-11,L6,C,C/L6/WC/6F/SD29/CORR NR CW6163
5:6-30,HFP-11,L6,C,C/L6/WC/6F/SD30/CORR NR CW6/S17
5:6-31,HMS-S/D/M/SA,L6,C,C/L6/WC/6F/MCP31/FIRE ESC STR 
5:6-32,HTRI-R,L6,C,C/L6/WC/6F/CM32/FIRE ESC STR 
5:6-33,HFP-11,L6,C,C/L6/WC/6F/SD33/CORR NR CW 6150
5:6-34,HFP-11,L6,C,C/L6/WC/6F/SD34/CORR NR CW 6054
5:6-35,HMS-S/D/M/SA,L6,C,C/L6/WC/6F/MCP35/FIRE ESC STR 
5:6-36,HTRI-R,L6,C,C/L6/WC/6F/CM36/FIRE ESC STR 
5:6-37,HFP-11,L6,C,C/L6/WC/5F/SD37/CORR NR BW 5061
5:6-38,HFP-11,L6,C,C/L6/WC/5F/SD38/CORR NR BW 5061
5:6-39,HFP-11,L6,C,C/L6/WC/5F/SD39/CORR NR BW 5071
5:6-40,HFP-11,L6,C,C/L6/WC/5F/SD40/CORR NR BW 5082
5:6-41,HFP-11,L6,C,C/L6/WC/5F/SD41/CORR NR BW 5082
5:6-42,HFP-11,L6,C,C/L6/WC/5F/SD42/ELECT RM SD
5:6-43,HTRI-R,L6,C,C/L6/WC/5F/CM43/DR RELSE CM
5:6-44,HFP-11,L6,C,C/L6/WC/5F/SD44/LIFT LOBBY  
5:6-45,HFP-11,L6,C,C/L6/WC/5F/SD45/LIFT LOBBY  
5:6-46,HMS-S/D/M/SA,L6,C,C/L6/WC/5F/MCP46/LIFT LOBBY  
5:6-47,HTRI-R,L6,C,C/L6/WC/5F/CM47/FIRE SHAFT L.L.
5:6-48,HTRI-S,L6,C,C/L6/WC/5F/MM48/FIRE SHAFT L.L.
5:6-49,HTRI-R,L6,C,C/L6/WC/5F/CM49/DR RELSE NR 3TO4
5:6-50,HTRI-R,L6,C,C/L6/WC/5F/CM50/AHU RM CM W/C
5:6-50,HTRI-R,L6,C,C/L6/WC/5F/CM50/AHU RM CM W/C
5:6-51,HFP-11,L6,C,C/L6/WC/5F/SD51/AHU RM  
5:6-52,HFP-11,L6,C,C/L6/WC/5F/SD52/CORR NR CW 5172
5:6-53,HFP-11,L6,C,C/L6/WC/5F/SD53/CORR NR CW 5172
5:6-54,HFP-11,L6,C,C/L6/WC/5F/SD54/CORR NR CW 5171
5:6-55,HFP-11,L6,C,C/L6/WC/5F/SD55/CORR NR CW 5150
5:6-56,HFP-11,L6,C,C/L6/WC/5F/SD56/CORR NR CW 5150
5:6-57,HFP-11,L6,C,C/L6/WC/5F/SD57/CORR NR CW 5060
5:6-58,HFP-11,L6,C,C/L6/WC/5F/SD58/CORR NR CW5/S18
5:6-59,HTRI-S,L6,C,C/L6/5F/MM59/CC6013
5:6-60,HMS-S/D/M/SA,L6,C,C/L6/WC/5F/MCP60/FIRE ESC STR
5:6-61,HTRI-R,L6,C,C/L6/WC/5F/CM61/FIRE ESC STR MCP
5:6-77,HTRI-S,L6,C,C/L6/5F/MM77/CW5060
5:6-79,HTRI-S,L6,C,C/L6/5F/MM79/CW5140
5:6-80,HTRI-S,L6,C,C/L6/5F/MM80/CW5150
5:6-83,HTRI-S,L6,C,C/L6/5F/MM83/CW5020
5:6-84,HTRI-S,L6,C,C/L6/5F/MM84/CW5160
5:6-85,HTRI-S,L6,C,C/L6/5F/MM85/CW5010
5:6-87,HTRI-S,L6,C,C/L6/5F/MM87/CW5172
5:6-90,HTRI-S,L6,C,C/L6/5F/MM90/BW5081
5:6-91,HTRI-S,L6,C,C/L6/5F/MM91/BW5072
5:6-92,HTRI-S,L6,C,C/L6/5F/MM92/BW5071
5:6-93,HTRI-S,L6,C,C/L6/5F/MM93/BW5062
5:6-94,HTRI-S,L6,C,C/L6/5F/MM94/BW5091
5:6-96,HTRI-S,L6,C,C/L6/5F/MM96/BW5052
5:6-97,HTRI-S,L6,C,C/L6/5F/MM97/BW5051
5:6-98,HTRI-S,L6,C,C/L6/6F/MM98/CW6062
5:6-99,HTRI-S,L6,C,C/L6/6F/MM99/CW6063
5:6-100,HTRI-S,L6,C,C/L6/6F/MM100/CW6052
5:6-101,HTRI-S,L6,C,C/L6/6F/MM101/CW6056B
5:6-103,HTRI-S,L6,C,C/L6/6F/MM103/CW6021
5:6-107,HTRI-S,L6,C,C/L6/6F/MM107/CW6163
5:6-110,HFP-11,L6,C,C/L6/BW5061/SD110/Pantry
5:6-111,HFP-11,L6,C,C/L6/BW5061/SD111/Passage Area
5:6-112,HFP-11,L6,C,C/L6/BW5061/SD112/Accounts Cabin
5:6-113,HFP-11,L6,C,C/L6/BW5061/SD113/Buyers Cabin
5:6-114,HFP-11,L6,C,C/L6/BW5061/SD114/Main Cabin
5:6-115,HTRI-R,L6,C,C/L6/BW5061/CM115/Entry Door
5:6-116,HMS-S/D/M/SA,L6,C,C/L6/BW5061/MCP116/Entry Door
5:6-117,HFP-11,L6,C,C/L6/BW6022/SD117/Account Cab
5:6-118,HFP-11,L6,C,C/L6/BW6022/SD118/Main Cab
5:6-119,HFP-11,L6,C,C/L6/BW6022/SD119/ Assort Cab 2
5:6-120,HFP-11,L6,C,C/L6/BW6022/SD120/ Assort Cab 1
5:6-121,HFP-11,L6,C,C/L6/BW6022/SD121/ Psg Nr Pantry
5:6-122,HFP-11,L6,C,C/L6/BW6022/SD122/Pantry
5:6-123,HFP-11,L6,C,C/L6/BW6022/SD123/Reception
5:6-124,HMS-S/D/M/SA,L6,C,C/L6/BW6022/MCP124/Entry Psg
5:6-125,HTRI-R,L6,C,C/L6/BW6022/CM125/Entry Psg AFC
5:6-129,HTRI-S,L6,C,C/L6/5F/MM129/CW6061
5:6-143,HFP-11,L6,C,C/L6/CW5130/SD143/Pnty
5:6-144,HFP-11,L6,C,C/L6/CW5130/SD144/Main cab 2
5:6-145,HFP-11,L6,C,C/L6/CW5130/SD145/asst cab
5:6-146,HFP-11,L6,C,C/L6/CW5130/SD146/Main cab 1
5:6-147,HTRI-R,L6,C,C/L6/CW5130/CM147/Psg nr Ent Dr
5:6-148,HMS-S/D/M/SA,L6,C,C/L6/CW 5130/MCP148/Psg nr Ent D
5:6-149,HFPT-11,L6,C,C/L6/CW5030/HD149/Pantry
5:6-150,HFP-11,L6,C,C/L6/CW5030/SD150/Accounts cab
5:6-151,HFPT-11,L6,C,C/L6/CW5030/HD151/Cab 1
5:6-152,HFP-11,L6,C,C/L6/CW5030/SD152/Main cab
5:6-153,HFP-11,L6,C,C/L6/CW5030/SD153/Main cab
5:6-154,HFP-11,L6,C,C/L6/CW5030/SD154/Assorter cab
5:6-155,HFP-11,L6,C,C/L6/CW5030/SD155/Psg nr Assorte
5:6-156,HTRI-R,L6,C,C/L6/CW5030/CM156/Psg nr Entry D
5:6-157,HMS-S/D/M/SA,L6,C,C/L6/CW5030/MCP157/Psg nr Entry 
5:6-158,HFP-11,L6,C,C/L6/CW5050/SD158/Pnty
5:6-159,HFP-11,L6,C,C/L6/CW5050/SD159/Accs cab
5:6-160,HFP-11,L6,C,C/L6/CW5050/SD160/Main cab
5:6-161,HTRI-R,L6,C,C/L6/CW5050/CM161/Psg nr Ent Dr
5:6-162,HMS-S/D/M/SA,L6,C,C/L6/CW5050/MCP162/Psg nr Ent Dr
5:6-163,HFP-11,L6,C,C/L6/CW6161/SD163/Psg Nr Washrm
5:6-164,HFP-11,L6,C,C/L6/CW6161/SD164/Vishal Cab
5:6-165,HFP-11,L6,C,C/L6/CW6161/SD165/Psg nr Pantry
5:6-166,HFP-11,L6,C,C/L6/CW6161/SD166/Pantry
5:6-167,HFP-11,L6,C,C/L6/CW6161/SD167/Assorter Cab
5:6-168,HFP-11,L6,C,C/L6/CW6161/SD168/Assorter Cab
5:6-169,HFP-11,L6,C,C/L6/CW6161/SD169/Assorter Cab
5:6-170,HFP-11,L6,C,C/L6/CW6161/SD170/Assorting Cab
5:6-171,HFP-11,L6,C,C/L6/CW6161/SD171/Reception Area
5:6-172,HFP-11,L6,C,C/L6/CW6161/SD172/Assorting Cab
5:6-173,HTRI-R,L6,C,C/L6/CW6161/CM173/AFC Reception 
5:6-174,HMS-S/D/M/SA,L6,C,C/L6/CW6161/MCP174/Reception Are
5:6-183,HFP-11,L6,C,C/L6/BW6030A/SD183/Psg near Entr
5:6-184,HFP-11,L6,C,C/L6/BW6030A/SD184/Cabin 1
5:6-185,HFP-11,L6,C,C/L6/BW6030A/SD185/Cabin 2
5:6-186,HFP-11,L6,C,C/L6/BW6030A/SD186/Psg near cabi
5:6-187,HTRI-R,L6,C,C/L6/BW6030A/CM187/Psg near Entr
5:6-188,HMS-S/D/M/SA,L6,C,C/L6/BW6030A/MCP188/Psg near Ent
5:6-191,HFPT-11,L6,C,C/L6/CW8021/HD191/Pantry
5:6-192,HFP-11,L6,C,C/L6/CW8021/SD192/Entry Psg
5:6-193,HFP-11,L6,C,C/L6/CW8021/SD193/Assorter cab P
5:6-194,HFP-11,L6,C,C/L6/CW8021/SD194/Assorter cab P
5:6-195,HFP-11,L6,C,C/L6/CW8021/SD195/Assorter cab P
5:6-196,HFP-11,L6,C,C/L6/CW8021/SD196/Assorter cab P
5:6-197,HFP-11,L6,C,C/L6/CW8021/SD197/Assorter cab P
5:6-198,HFP-11,L6,C,C/L6/CW8021/SD198/Assorter cab P
5:6-199,HFP-11,L6,C,C/L6/CW8021/SD199/Cab 1
5:6-200,HMS-S/D/M/SA,L6,C,C/L6/CW8021/MCP200/Entry dr Psg
5:6-201,HTRI-R,L6,C,C/L6/CW8021/CM201/Entry dr Psg
5:6-202,HFP-11,L6,C,C/L6/CW6161/SD202/Accounts Cab
5:6-203,HFP-11,L6,C,C/L6/CW6161/SD203/Accounts Cab
5:6-204,HFP-11,L6,C,C/L6/CW6161/SD204/Vishal Cab
5:6-205,HFP-11,L6,C,C/L6/CW6161/SD205/Conference Cab
5:6-206,HFP-11,L6,C,C/L6/CW6161/SD206/Manoj Bhai Cab
5:6-207,HFP-11,L6,C,C/L6/CW6161/SD207/Kiran Bhai Cab
5:6-208,HMS-S/D/M/SA,L6,C,C/L6/CW6161/MCP208/Kiran Bhai Ca
5:6-209,HFP-11,L6,C,C/L6/CW6055/SD209/Account Cab
5:6-210,HFP-11,L6,C,C/L6/CW6055/SD210/Back Office
5:6-211,HFP-11,L6,C,C/L6/CW6055/SD211/Buyer Cab
5:6-212,HFP-11,L6,C,C/L6/CW6055/SD212/Sales Cab
5:6-213,HFP-11,L6,C,C/L6/CW6055/SD213/Main Cab
5:6-214,HFP-11,L6,C,C/L6/CW6055/SD214/PsgNrMain Cab
5:6-215,HFP-11,L6,C,C/L6/CW6055/SD215/Assortment Cab
5:6-216,HFP-11,L6,C,C/L6/CW6055/SD216/Purchase Cab
5:6-217,HFP-11,L6,C,C/L6/CW6055/SD217/PsgNrKitchen
5:6-218,HFP-11,L6,C,C/L6/CW6055/SD218/PsgNrReception
5:6-219,HFPT-11,L6,C,C/L6/CW6055/HD219/Pantry
5:6-220,HFP-11,L6,C,C/L6/CW6055/SD220/Reception
5:6-226,HMS-S/D/M/SA,L6,C,C/L6/CW6055/MCP226/Entry Psg
5:6-227,HTRI-R,L6,C,C/L6/CW6055/CM227/Entry Psg Cupb
5:6-231,HFP-11,L6,C,C/L6/CC6012/SD231/Entry Psg
5:6-232,HFP-11,L6,C,C/L6/CC6012/SD232/PsgNrCab1
5:6-233,HFP-11,L6,C,C/L6/CC6012/SD233/Cab 1
5:6-234,HFP-11,L6,C,C/L6/CC6012/SD234/Cab 2
5:6-235,HFP-11,L6,C,C/L6/CC6012/SD235/Cab 3
5:6-236,HFP-11,L6,C,C/L6/CC6012/SD236/Cab 4
5:6-237,HFP-11,L6,C,C/L6/CC6012/SD237/Main Cab
5:6-238,HFP-11,L6,C,C/L6/CC6012/SD238/Main Cab2
5:6-239,HFP-11,L6,C,C/L6/CC6012/SD239/Account Cab
5:6-240,HFP-11,L6,C,C/L6/CC6012/SD240/Reception Cab
5:6-241,HFP-11,L6,C,C/L6/CC6012/SD241/Psg Nr Account
5:6-242,FDOT421,L6,C,C/L6/CC6012/SD242/Pantry
5:6-243,HMS-S/D/M/SA,L6,C,C/L6/CC6012/MCP243/Entry Psg
5:6-244,HTRI-R,L6,C,C/L6/CC6012/CM244/Recep AFC
5:13-1,HFP-11,L10,C,C/L10/CC1010/SD1/Main cab
5:13-2,HFP-11,L10,C,C/L10/CC1010/SD2/Entry Psg
5:13-3,HTRI-R,L10,C,C/L10/CC1010/CM3/Entry Psg
5:13-4,HMS-S/D/M/SA,L10,C,C/L10/CC1010/MCP4/Entry Psg
5:13-5,HFP-11,L10,C,C/L10/CC1020/SD5/Main cab
5:13-6,HFP-11,L10,C,C/L10/CC1020/SD6/Assorter cab
5:13-7,HFP-11,L10,C,C/L10/CC1020/SD7/Entry Psg
5:13-8,HTRI-R,L10,C,C/L10/CC1020/CM8/Entry Psg
5:13-9,HMS-S/D/M/SA,L10,C,C/L10/CC1020/MCP9/Entry Psg
5:13-10,HFP-11,L10,C,C/L10/CC1040/SD10/Main cab 1
5:13-11,HFP-11,L10,C,C/L10/CC1040/SD11/Main cab 2
5:13-12,HFP-11,L10,C,C/L10/CC1040/SD12/Accounts cab
5:13-13,HFP-11,L10,C,C/L10/CC1040/SD13/Psg nr Account
5:13-14,HFP-11,L10,C,C/L10/CC1040/SD14/Pantry
5:13-15,HTRI-R,L10,C,C/L10/CC1040/SD15/Entry dr Psg
5:13-16,HMS-S/D/M/SA,L10,C,C/L10/CC1040/MCP16/Entry dr Psg
5:13-17,HFP-11,L10,C,C/L10/CC1170/SD17/Main cab
5:13-18,HFP-11,L10,C,C/L10/CC1170/SD18/Main cab
5:13-19,HFP-11,L10,C,C/L10/CC1170/SD19/Accounts cab
5:13-20,HFP-11,L10,C,C/L10/CC1170/SD20/Entry Psg
5:13-21,HFP-11,L10,C,C/L10/CC1170/SD21/Pantry
5:13-22,HTRI-R,L10,C,C/L10/CC1170/CM22/Entry Psg
5:13-23,HMS-S/D/M/SA,L10,C,C/L10/CC1170/MCP23/Entry Psg
5:13-24,HFP-11,L10,C,C/L10/CC1180A/SD24/Main cab
5:13-25,HFP-11,L10,C,C/L10/CC1180A/SD25/Ankitbhai cab
5:13-26,HFP-11,L10,C,C/L10/CC1180A/SD26/Arvindbhai ca
5:13-27,HFP-11,L10,C,C/L10/CC1180A/SD27/B3 cab
5:13-28,HFP-11,L10,C,C/L10/CC1180A/SD28/B2 cab
5:13-29,HFP-11,L10,C,C/L10/CC1180A/SD29/B1 cab
5:13-30,HFP-11,L10,C,C/L10/CC1180A/SD30/B1 cab
5:13-31,HFP-11,L10,C,C/L10/CC1180A/SD31/Entry Psg
5:13-32,HTRI-R,L10,C,C/L10/CC1180A/CM32/Entry Psg
5:13-33,HMS-S/D/M/SA,L10,C,C/L10/CC1180A/MCP33/Entry Psg
5:13-34,HFP-11,L10,C,C/L10/CC2030/SD34/Cab 3
5:13-35,HFP-11,L10,C,C/L10/CC2030/SD35/Cab 2
5:13-36,HFP-11,L10,C,C/L10/CC2030/SD36/Main cab
5:13-37,HFP-11,L10,C,C/L10/CC2030/SD37/Psg nr Main ca
5:13-38,HTRI-R,L10,C,C/L10/CC2030/CM38/Entry dr Psg
5:13-39,HMS-S/D/M/SA,L10,C,C/L10/CC2030/MCP39/Entry dr Psg
5:13-40,HFP-11,L10,C,C/L10/CC2050/SD40/Entry Psg
5:13-41,HFP-11,L10,C,C/L10/CC2050/SD41/Pantry
5:13-42,HFP-11,L10,C,C/L10/CC2050/SD42/Reception Psg
5:13-43,HFP-11,L10,C,C/L10/CC2050/SD43/Lunch cab
5:13-44,HFP-11,L10,C,C/L10/CC2050/SD44/Accounts cab1
5:13-45,HFP-11,L10,C,C/L10/CC2050/SD45/Main cab
5:13-46,HFP-11,L10,C,C/L10/CC2050/SD46/Accounts cab2
5:13-47,HFP-11,L10,C,C/L10/CC2050/SD47/Accounts cab3
5:13-48,HTRI-R,L10,C,C/L10/CC2050/CM48/Entry dr Psg
5:13-49,HMS-S/D/M/SA,L10,C,C/L10/CC2050/MCP49/Entry dr Psg
5:13-50,HFP-11,L10,C,C/L10/CC3160/SD50/Main cab
5:13-51,HFP-11,L10,C,C/L10/CC3160/SD51/Cab 1
5:13-52,HFP-11,L10,C,C/L10/CC3160/SD52/Psg nr MC
5:13-53,HFP-11,L10,C,C/L10/CC3160/SD53/Cab 2
5:13-54,HFP-11,L10,C,C/L10/CC3160/SD54/Pantry
5:13-55,HTRI-R,L10,C,C/L10/CC3160/CM55/AFC Pantry
5:13-56,HMS-S/D/M/SA,L10,C,C/L10/CC3160/CM56/Pantry Psg
5:13-57,HFP-11,L10,C,C/L10/CC2140/SD57/Main cab
5:13-58,HFP-11,L10,C,C/L10/CC2140/SD58/Cab 1
5:13-59,HFP-11,L10,C,C/L10/CC2140/SD59/Cab 2
5:13-60,HFP-11,L10,C,C/L10/CC2140/SD60/Pantry Psg
5:13-61,HTRI-R,L10,C,C/L10/CC2140/CM61/Entry dr Psg
5:13-62,HMS-S/D/M/SA,L10,C,C/L10/CC2140/MCP62/Entry dr Psg
5:13-63,HFP-11,L10,C,C/L10/CC2220/SD63/Main cab1
5:13-64,HFP-11,L10,C,C/L10/CC2220/SD64/Main cab2
5:13-65,HFP-11,L10,C,C/L10/CC2220/SD65/Assorter cab
5:13-66,HFP-11,L10,C,C/L10/CC2220/SD66/Pantry Psg
5:13-67,HFP-11,L10,C,C/L10/CC2220/SD67/Entry dr Psg
5:13-68,HTRI-R,L10,C,C/L10/CC2220/CM68/Entry dr Psg
5:13-69,HMS-S/D/M/SA,L10,C,C/L10/CC2220/MCP69/Entry dr Psg
5:13-76,HFP-11,L10,C,C/L10/CC3040/SD76/Main cab
5:13-77,HFP-11,L10,C,C/L10/CC3040/SD77/Pantry
5:13-78,HFP-11,L10,C,C/L10/CC3040/SD78/Assorter cab
5:13-79,HMS-S/D/M/SA,L10,C,C/L10/CC3040/MCP79/Entry dr Psg
5:13-80,HTRI-R,L10,C,C/L10/CC3040/CM80/Entry dr Psg
5:13-81,HFP-11,L10,C,C/L10/SD81/CC3040/ENTRY PSG
5:13-82,HFP-11,L10,C,C/L10/CC3250/SD82/Main cab
5:13-83,HFP-11,L10,C,C/L10/CC3250/SD83/Assorter cab
5:13-84,HFP-11,L10,C,C/L10/CC3250/SD84/Entry Psg
5:13-85,HTRI-R,L10,C,C/L10/CC3250/CM85/Entry Psg
5:13-86,HMS-S/D/M/SA,L10,C,C/L10/CC3250/MCP86/Entry Psg
5:13-87,HFP-11,L10,C,C/L10/CC3240/SD87/Main cab 1
5:13-88,HFP-11,L10,C,C/L10/CC3240/SD88/Main cab 2
5:13-89,HFP-11,L10,C,C/L10/CC3240/SD89/Account cab
5:13-90,HFP-11,L10,C,C/L10/CC3240/SD90/Entry Psg
5:13-91,HFP-11,L10,C,C/L10/CC3240/SD91/Pantry
5:13-92,HTRI-R,L10,C,C/L10/CC3240/CM92/AFC Entry dr P
5:13-93,HMS-S/D/M/SA,L10,C,C/L10/CC3240/MCP93/Entry dr Psg
5:13-94,HFP-11,L10,C,C/L10/CC1090/SD94/Main cab
5:13-95,HFP-11,L10,C,C/L10/CC1090/SD95/Account cab
5:13-96,HFP-11,L10,C,C/L10/CC1090/SD96/Entry Psg
5:13-97,HTRI-R,L10,C,C/L10/CC1090/CM97/Entry Psg
5:13-98,HMS-S/D/M/SA,L10,C,C/L10/CC1090/MCP98/Entry Psg
5:13-99,HFP-11,L10,C,C/L10/CC1140/SD99/Main cab
5:13-100,HFP-11,L10,C,C/L10/CC1140/SD100/Cab 1
5:13-101,HFP-11,L10,C,C/L10/CC1140/SD101/Entry dr psg
5:13-102,HTRI-R,L10,C,C/L10/CC1140/CM102/Entry dr psg
5:13-103,HMS-S/D/M/SA,L10,C,C/L10/CC1140/MCP103/Entry dr psg
5:13-104,HFP-11,L10,C,C/L10/CC2210/SD104/Main cab1
5:13-105,HFP-11,L10,C,C/L10/CC2210/SD105/Main cab2
5:13-106,HFP-11,L10,C,C/L10/CC2210/SD106/Entry Psg
5:13-107,HFPT-11,L10,C,C/L10/CC2210/HD107/Pantry
5:13-108,HTRI-R,L10,C,C/L10/CC2210/CM108/AFC Entry Psg
5:13-109,HMS-S/D/M/SA,L10,C,C/L10/CC2210/MCP109/Entry Psg
5:13-110,HFP-11,L10,C,C/L10/CC3230/SD110/Main cab1
5:13-111,HFP-11,L10,C,C/L10/CC3230/SD111/Main cab2
5:13-112,HFP-11,L10,C,C/L10/CC3230/SD112/Assorter cab
5:13-113,HFP-11,L10,C,C/L10/CC3230/SD113/AFC Assorter 
5:13-115,HFP-11,L10,C,C/L10/CC3230/SD115/Entry Psg
5:13-116,HTRI-R,L10,C,C/L10/CC3230/CM116/Entry Psg
5:13-116,HTRI-R,L10,C,C/L10/CC3230/CM116/Entry Psg
5:13-117,HMS-S/D/M/SA,L10,C,C/L10/CC3230/MCP117/Entry Psg
5:13-118,HFP-11,L10,C,C/L10/CC3190/SD118/Main cab
5:13-119,HFP-11,L10,C,C/L10/CC3190/SD119/Assorter cab
5:13-120,HFP-11,L10,C,C/L10/CC3190/SD120/Psg nr MC
5:13-121,HFP-11,L10,C,C/L10/CC3190/SD121/Accounts cab
5:13-122,HFPT-11,L10,C,C/L10/CC3190/HD122/Pantry
5:13-123,HTRI-R,L10,C,C/L10/CC3190/CM123/AFC Pantry
5:13-124,HMS-S/D/M/SA,L10,C,C/L10/CC3190/MCP124/Psg nr Pantr
5:13-125,HFP-11,L10,C,C/L10/CC3070/SD125/Account cab
5:13-126,HFP-11,L10,C,C/L10/CC3070/SD126/Main cab
5:13-127,HFP-11,L10,C,C/L10/CC3070/SD127/Assorter cab
5:13-128,HFP-11,L10,C,C/L10/CC3070/SD128/Pantry
5:13-129,HFP-11,L10,C,C/L10/CC3070/SD129/Psg Nr Main c
5:13-130,HMS-S/D/M/SA,L10,C,C/L10/CC3070/MCP130/Entry dr Psg
5:13-131,HFP-11,L10,C,C/L10/CC3200/SD131/Accounts cab
5:13-132,HFP-11,L10,C,C/L10/CC3200/SD132/Main cab
5:13-133,HFP-11,L10,C,C/L10/CC3200/SD133/Assorter cab 
5:13-134,HFP-11,L10,C,C/L10/CC3200/SD134/Assorter cab 
5:13-135,HFP-11,L10,C,C/L10/CC3200/SD135/Psg nr Assort
5:13-136,HFP-11,L10,C,C/L10/CC3200/SD136/Pantry
5:13-137,HTRI-R,L10,C,C/L10/CC3200/CM137/AFC Accounts 
5:13-138,HMS-S/D/M/SA,L10,C,C/L10/CC3200/MCP138/Entry dr Psg
5:13-139,HFP-11,L10,C,C/L10/CC3182/SD139/Main cab
5:13-140,HFP-11,L10,C,C/L10/CC3182/SD140/Assorter cab 
5:13-141,HFP-11,L10,C,C/L10/CC3182/SD141/Account cab
5:13-142,HFP-11,L10,C,C/L10/CC3182/SD142/Assorter cab 
5:13-143,FDOT421,L10,C,C/L10/CC3182/SD143/Entry Psg
5:13-144,HFP-11,L10,C,C/L10/CC3182/SD144/Pantry rm
5:13-145,HTRI-R,L10,C,C/L10/CC3182/CM145/Entry Psg
5:13-146,HMS-S/D/M/SA,L10,C,C/L10/CC3182/MCP146/Entry Psg
5:13-147,HFP-11,L10,C,C/L10/CC1110/SD147/Main cab
5:13-148,HFP-11,L10,C,C/L10/CC2180/SD148/MAIN cab
5:13-149,HFP-11,L10,C,C/L10/CC2180/SD149/MAIN CAB 
5:13-150,HFP-11,L10,C,C/L10/CC2180/SD150/ASSORTER cab
5:13-151,HFP-11,L10,C,C/L10/CC2180/SD151/PANTRY
5:13-152,HFP-11,L10,C,C/L10/CC2180/SD152/ACCOUNTS cab
5:13-153,HFP-11,L10,C,C/L10/CC2180/SD153/PSG NR PANTRY
5:13-154,HTRI-R,L10,C,C/L10/CC2180/CM154/AFC Entry dr
5:13-155,HMS-S/D/M/SA,L10,C,C/L10/CC2180/MCP155/Entry dr
5:13-156,HTRI-R,L10,C,C/L10/CC1110/CM156/Entry dr Psg
5:13-156,HTRI-R,L10,C,C/L10/CC1110/CM156/Entry dr Psg
5:13-157,HMS-S/D/M/SA,L10,C,C/L10/CC1110/MCP157/Entry dr Psg
5:13-158,HFP-11,L10,C,C/L10/CC1100/SD158/Main cab1
5:13-159,HFP-11,L10,C,C/L10/CC1100/SD159/Main cab2
5:13-160,HFP-11,L10,C,C/L10/CC1100/SD160/Pantry
5:13-161,HTRI-R,L10,C,C/L10/CC1100/CM161/Entry dr psg
5:13-162,HMS-S/D/M/SA,L10,C,C/L10/CC1100/MCP162/Entry dr psg
5:13-163,HTRI-R,L10,C,C/L10/CC3070/CM163/Entry dr Psg
5:13-164,HFP-11,L10,C,C/L10/SD164/CC1070/MAIN CABIN
5:13-165,HFP-11,L10,C,C/L10/SD165/CC1070/ASSORTOR CABI
5:13-166,HFP-11,L10,C,C/L10/SD166/CC1070/ASSORTOR CABI
5:13-167,HFP-11,L10,C,C/L10/SD167/CC1070/ACCOUNT CABIN
5:13-168,HFP-11,L10,C,C/L10/SD168/CC1070/PSG NR ASSORT
5:13-169,HTRI-R,L10,C,C/L10/CM169/CC1070/ENTRY PSG AFC
5:13-170,HMS-S/D/M/SA,L10,C,C/L10/MCP170/CC1070/ENTRY PSG
5:13-171,HFP-11,L10,C,C/L10/CC3182/SD171/Cab 6
5:13-172,FDOT421,L10,C,C/L10/CC3182/SD172/Cab 7
5:13-175,HFP-11,L10,C,C/L10/CC1160/SD175/Main cab
5:13-176,HFP-11,L10,C,C/L10/CC1160/SD176/ASSORTER cab
5:13-177,HFPT-11,L10,C,C/L10/CC1160/HD177/PANTRY
5:13-178,HTRI-R,L10,C,C/L10/CC1160/CM178/ENTRY DR PSG
5:13-179,HMS-S/D/M/SA,L10,C,C/L10/CC1160/MCP179/ENTRY DR PSG
5:13-181,HFP-11,L10,C,C/L10/CC3100/SD181/Conference RM
5:13-182,HFP-11,L10,C,C/L10/CC3100/SD182/Conference RM
5:13-183,HFP-11,L10,C,C/L10/CC3100/SD183/Stock RM
5:13-184,HFP-11,L10,C,C/L10/CC3100/SD184/Stock RM
5:13-185,HFP-11,L10,C,C/L10/CC3100/SD185/Strong RM
5:13-186,HFP-11,L10,C,C/L10/CC3100/SD186/Cab-12
5:13-187,HFP-11,L10,C,C/L10/CC3100/SD187/Cab-15
5:13-188,HFP-11,L10,C,C/L10/CC3100/SD188/G.L Cabin
5:13-189,HFP-11,L10,C,C/L10/CC3100/SD189/H.K Cabin
5:13-190,HFP-11,L10,C,C/L10/CC3100/SD190/Reception Cab
5:13-191,HFP-11,L10,C,C/L10/CC3100/SD191/Main Entry Ps
5:13-192,HFP-11,L10,C,C/L10/CC3100/SD192/Cab-11
5:13-193,HFP-11,L10,C,C/L10/CC3100/SD193/Lunch RM
5:13-194,HFP-11,L10,C,C/L10/CC3100/SD194/Cab-10
5:13-195,HFPT-11,L10,C,C/L10/CC3100/HD195/Front Pantry
5:13-196,HFP-11,L10,C,C/L10/CC3100/SD196/7-C Cab
5:13-197,HFP-11,L10,C,C/L10/CC3100/SD197/Admin Cab
5:13-198,HFP-11,L10,C,C/L10/CC3100/SD198/Admin Cab
5:13-199,HFP-11,L10,C,C/L10/CC3100/SD199/Lab Cab
5:13-200,HFP-11,L10,C,C/L10/CC3100/SD200/Cab-6
5:13-201,HFP-11,L10,C,C/L10/CC3100/SD201/Cab-5
5:13-202,FDOT421,L10,C,C/L10/CC3100/SD202/Export Cab
5:13-203,FDOT421,L10,C,C/L10/CC3100/SD203/Cab-3
5:13-204,FDOT421,L10,C,C/L10/CC3100/SD204/Gageing Cab
5:13-205,HFP-11,L10,C,C/L10/CC3100/SD205/Cab-4
5:13-206,HFP-11,L10,C,C/L10/CC3100/SD206/Cab-14
5:13-207,HFP-11,L10,C,C/L10/CC3100/SD207/Cab-9
5:13-208,HFP-11,L10,C,C/L10/CC3100/SD208/Cab-8
5:13-209,HFP-11,L10,C,C/L10/CC3100/SD209/Cab-2
5:13-210,HFP-11,L10,C,C/L10/CC3100/SD210/Server RM
5:13-211,HFP-11,L10,C,C/L10/CC3100/SD211/Psg Nr Back P
5:13-212,HFP-11,L10,C,C/L10/CC3100/SD212/Psg Nr Cab 15
5:13-213,HFPT-11,L10,C,C/L10/CC3100/HD213/Back Side Pan
5:13-214,HFP-11,L10,C,C/L10/CC3100/SD214/Psg Nr Server
5:13-215,HFP-11,L10,C,C/L10/CC3100/SD215/Cab-1
5:13-216,HFP-11,L10,C,C/L10/CC3100/SD216/Cab-1
5:13-217,HFP-11,L10,C,C/L10/CC3100/SD217/Cab-1
5:13-218,FDOT421,L10,C,C/L10/CC3100/SD218/Cab-7
5:13-219,FDOT421,L10,C,C/L10/CC3100/SD219/Psg Nr Cab-A
5:13-220,FDOT421,L10,C,C/L10/CC3100/SD220/Psg Nr Cab-4
5:13-221,FDOT421,L10,C,C/L10/CC3100/SD221/Psg Nr Cab-9
5:13-222,FDOT421,L10,C,C/L10/CC3100/SD222/Psg Nr H.K Ca
5:13-223,HMS-S/D/M/SA,L10,C,C/L10/CC3100/MCP223/Main Entry 
5:13-224,HMS-S/D/M/SA,L10,C,C/L10/CC3100/MCP224/Back Door Si
5:13-225,HTRI-R,L10,C,C/L10/CC3100/CM225/Server RM AFC
5:13-226,HFP-11,L10,C,C/L10/CC3100/SD226/Psg nr Cab-7
6:1-1,HMS-S/D/M/SA,L1,D,D/L1/EC/GND/MCP1/LIFT LOBBY
6:1-2,HTRI-R,L1,D,D/L1/EC/GND/CM2/LIFT LOBBY
6:1-3,HTRI-S,L1,D,D/L1/EC/GND/MM3/LIFT LOBBY
6:1-4,FDOT421,L1,D,D/L1/EC/GND/SD4/ERM
6:1-5,FDOT421,L1,D,D/L1/EC/GND/SD5/LIFT LOBBY
6:1-6,FDOT421,L1,D,D/L1/EC/GND/SD6/LIFT LOBBY
6:1-7,FDOT421,L1,D,D/L1/EC/GND/SD7/LIFT LOBBY
6:1-8,HTRI-R,L1,D,D/L1/EC/GND/CM8/AHU RM
6:1-9,FDOT421,L1,D,D/L1/EC/GND/SD9/AHU RM
6:1-10,HMS-S/D/M/SA,L1,D,D/L1/CC/GND/MCP10/LIFT LOBBY
6:1-11,HTRI-R,L1,D,D/L1/CC/GND/CM11/LIFT LOBBY
6:1-12,HTRI-S,L1,D,D/L1/CC/GND/MM12/LIFT LOBBY
6:1-13,FDOT421,L1,D,D/L1/CC/GND/SD13/ERM
6:1-14,FDOT421,L1,D,D/L1/CC/GND/SD14/LIFT LOBBY
6:1-15,FDOT421,L1,D,D/L1/CC/GND/SD15/LIFT LOBBY
6:1-16,HTRI-R,L1,D,D/L1/CC/GND/CM16/AHU RM
6:1-17,FDOT421,L1,D,D/L1/CC/GND/SD17/AHU RM
6:1-18,HMS-S/D/M/SA,L1,D,D/L1/WC/GND/MCP18/LIFT LOBBY
6:1-19,HTRI-R,L1,D,D/L1/WC/GND/CM19/LIFT LOBBY
6:1-20,HTRI-S,L1,D,D/L1/WC/GND/MM20/LIFT LOBBY
6:1-21,FDOT421,L1,D,D/L1/WC/GND/SD21/ERM
6:1-22,FDOT421,L1,D,D/L1/WC/GND/SD22/LIFT LOBBY
6:1-23,FDOT421,L1,D,D/L1/WC/GND/SD23/LIFT LOBBY
6:1-24,FDOT421,L1,D,D/L1/WC/GND/SD24/LIFT LOBBY
6:1-25,FDOT421,L1,D,D/L1/WC/GND/SD25/LIFT LOBBY
6:1-26,HTRI-R,L1,D,D/L1/WC/GND/CM26/AHU RM
6:1-27,FDOT421,L1,D,D/L1/WC/GND/SD27/AHU RM
6:1-104,HMS-S/D/M/SA,L1,D,D/L1/CC/UB/MCP104/NEAR LIFT
6:1-105,HTRI-R,L1,D,D/L1/CC/UB/CM105/NEAR LIFT
6:1-106,HTRI-S,L1,D,D/L1/WC/UB/MM106/ELEC ROOM
6:1-107,HTRI-R,L1,D,D/L1/CC/UB/CM107/FIRE EXIT DOOR
6:1-108,HTRI-R,L1,D,D/L1/WC/UB/CM108/FIRE EXIT DOOR
6:1-109,HTRI-R,L1,D,D/L1/WC/UB/CM109/STAIRCASE
6:1-110,HMS-S/D/M/SA,L1,D,D/L1/WC/UB/MCP110/STAIRCASE
6:1-111,HTRI-R,L1,D,D/L1/WC/UB/CM111/ST COLUMN D425
6:1-112,HMS-S/D/M/SA,L1,D,D/L1/WC/UB/MCP112/ST COLUMN D425
6:1-113,HMS-S/D/M/SA,L1,D,D/L1/WC/UB/MCP113/ST COLUMN D353
6:1-114,HTRI-R,L1,D,D/L1/WC/UB/CM114/ST COLUMN D353
6:1-115,HMS-S/D/M/SA,L1,D,D/L1/WC/UB/MCP115/ST COLUMN D402
6:1-116,HTRI-R,L1,D,D/L1/WC/UB/CM116/ST COLUMN D402
6:1-117,HTRI-R,L1,D,D/L1/CC/UB/CM117/ST COLUMN D386
6:1-118,HMS-S/D/M/SA,L1,D,D/L1/CC/UB/MCP118/ST COLUMN D386
6:1-119,HTRI-R,L1,D,D/L1/EC/UB/CM119/ST COLUMN 376
6:1-121,HTRI-S,L1,D,D/L1/EC/UB/MM121/ELEC ROOM
6:1-122,HTRI-S,L1,D,D/L1/EC/UB/MM122/LIFT MC ROOM
6:1-123,HTRI-S,L1,D,D/L1/CC/UB/MM123/ELEC ROOM
6:1-124,FDOT421,L1,D,D/L1/CC/UB/SD124/CONTROL RM
6:1-125,FDOT421,L1,D,D/L1/WC/UB/SD125/FAN ROOM
6:1-126,FDOT421,L1,D,D/L1/WC/UB/SD126/FAN ROOM
6:1-127,FDOT421,L1,D,D/L1/CC/UB/SD127/ELEC ROOM
6:1-128,FDOT421,L1,D,D/L1/EC/UB/SD128/ELEC ROOM
6:1-129,FDOT421,L1,D,D/L1/EC/UB/SD129/LIFT MC RM
6:1-130,FDOT421,L1,D,D/L1/EC/UB/SD130/LIFT MC RM
6:1-131,FDOT421,L1,D,D/L1/CC/UB/SD131/BMS ROOM
6:1-132,FDOT421,L1,D,D/L1/WC/UB/SD132/ELEC ROOM
6:1-133,FDOT421,L1,D,D/L1/WC/UB/SD133/DRIVER ROOM
6:1-146,HMS-S/D/M/SA,L1,D,D/L1/WC/LB/MCP146/ST NR FAN RM
6:1-147,HTRI-R,L1,D,D/L1/WC/LB/CM147/ST NR FAN RM
6:1-148,HMS-S/D/M/SA,L1,D,D/L1/WC/LB/MCP148/RAMP NO. 10
6:1-149,HTRI-R,L1,D,D/L1/WC/LB/CM149/RAMP NO. 10
6:1-150,FDOT421,L1,D,D/L1/WC/LB/SD150/ NR LIFT FAN RM
6:1-151,HMS-S/D/M/SA,L1,D,D/L1/WC/LB/MCP151/ST NR PMP RM
6:1-152,HTRI-R,L1,D,D/L1/WC/LB/CM152/ST NR PMP RM
6:1-153,HMS-S/D/M/SA,L1,D,D/L1/WC/LB/MCP153/ST NR HP RM
6:1-154,HTRI-R,L1,D,D/L1/WC/LB/CM154/ST NR HP RM
6:1-155,HMS-S/D/M/SA,L1,D,D/L1/WC/LB/MCP155/ST NR TW TK
6:1-156,HTRI-R,L1,D,D/L1/WC/LB/CM156/ST NR TW TK
6:1-161,FDOT421,L1,D,D/L1/WC/UB/SD161/PUMP RM
6:1-162,FDOT421,L1,D,D/L1/WC/UB/SD162/PUMP RM
6:1-163,FDOT421,L1,D,D/L1/WC/UB/SD163/PUMP RM
6:1-164,FDOT421,L1,D,D/L1/WC/UB/SD164/FIRE DOOR
6:1-165,FDOT421,L1,D,D/L1/WC/UB/SD165/FIRE DOOR
6:1-166,FDOT421,L1,D,D/L1/WC/UB/SD166/FAN ROOM
6:1-167,FDOT421,L1,D,D/L1/WC/UB/SD167/FAN ROOM
6:1-168,FDOT421,L1,D,D/L1/WC/UB/SD168/SMP PMP RM
6:1-169,FDOT421,L1,D,D/L1/WC/UB/SD169/SMP PMP RM
6:1-170,FDOT421,L1,D,D/L1/WC/UB/SD170/HYD PMP RM
6:1-171,FDOT421,L1,D,D/L1/WC/UB/SD171/HYD PMP RM
6:1-172,FDOT421,L1,D,D/L1/WC/UB/SD172/HYD PMP RM
6:1-173,FDOT421,L1,D,D/L1/WC/UB/SD173/FIRE PMP RM
6:1-174,FDOT421,L1,D,D/L1/WC/UB/SD174/FIRE PMP RM
6:1-175,FDOT421,L1,D,D/L1/WC/UB/SD175/FIRE PMP RM
6:1-176,FDOT421,L1,D,D/L1/WC/UB/SD176/FIRE PMP RM
6:1-177,FDOT421,L1,D,D/L1/WC/UB/SD177/FIRE PMP RM
6:1-178,FDOT421,L1,D,D/L1/WC/UB/SD178/FIRE PMP RM
6:1-179,FDOT421,L1,D,D/L1/WC/UB/SD179/FIRE PMP RM
6:1-180,FDOT421,L1,D,D/L1/WC/UB/SD180/CHANGE RM
6:1-181,FDOT421,L1,D,D/L1/WC/UB/SD181/CHANGE RM
6:1-182,FDOT421,L1,D,D/L1/WC/UB/SD182/STP PASSAGE
6:1-183,FDOT421,L1,D,D/L1/WC/UB/SD183/STP PASSAGE
6:1-184,FDOT421,L1,D,D/L1/WC/UB/SD184/STP PASSAGE
6:1-185,FDOT421,L1,D,D/L1/WC/UB/SD185/STP PASSAGE
6:1-186,FDOT421,L1,D,D/L1/WC/UB/SD186/STP PASSAGE
6:1-187,FDOT421,L1,D,D/L1/WC/UB/SD187/STP ROOM
6:1-188,FDOT421,L1,D,D/L1/WC/UB/SD188/STP ROOM
6:1-189,FDOT421,L1,D,D/L1/WC/UB/SD189/STP ROOM
6:1-190,FDOT421,L1,D,D/L1/WC/UB/SD190/STP ROOM
6:1-191,FDOT421,L1,D,D/L1/WC/UB/SD191/STP ROOM
6:1-192,FDOT421,L1,D,D/L1/WC/UB/SD192/STP ROOM
6:1-193,FDOT421,L1,D,D/L1/WC/UB/SD193/STP PLANT
6:1-194,FDOT421,L1,D,D/L1/WC/UB/SD194/STP PLANT
6:1-195,FDOT421,L1,D,D/L1/WC/UB/SD195/STP PLANT
6:1-196,FDOT421,L1,D,D/L1/WC/UB/SD196/STP PLANT
6:1-197,FDOT421,L1,D,D/L1/WC/UB/SD197/STP PLANT
6:1-198,FDOT421,D,L1,L1/D/WC/LB/SD198/Carpentry Work 
6:1-199,FDOT421,L1,D,D/L1/WC/UB/SD199/FAN ROOM
6:1-200,HTRI-R,L1,D,D/L1/WC/UB/CM200/FIRE DOOR
6:1-201,FDOT421,L1,D,D/L1/DE/LB/SD201/Strongrm GD1
6:1-202,FDOT421,L1,D,D/L1/DE/LB/SD202/Strongrm GD1
6:1-203,FDOT421,L1,D,D/L1/DE/LB/SD203/Strongrm GD1
6:1-204,FDOT421,L1,D,D/L1/DE/LB/SD204/Strongrm GD1
6:1-205,FDOT421,L1,D,D/L1/DE/LB/SD205/Strongrm GD1
6:1-206,FDOT421,L1,D,D/L1/DE/LB/SD206/Strongrm GD1
6:1-207,FDOT421,L1,D,D/L1/DE/LB/SD207/Strongrm GD1
6:1-208,FDOT421,L1,D,D/L1/DE/LB/SD208/Strongrm GD1
6:1-209,FDOT421,L1,D,D/L1/DE/LB/SD209/Strongrm GD1
6:1-210,FDOT421,L1,D,D/L1/DE/LB/SD210/Strongrm GD1
6:1-211,HMS-S/D/M/SA,L1,D,D/L1/DE/LB/MCP211/Strongrm GD1
6:1-212,FDOT421,L1,D,D/L1/DE/LB/SD212/Strongrm GD2
6:1-213,FDOT421,L1,D,D/L1/DE/LB/SD213/Strongrm GD2
6:1-214,FDOT421,L1,D,D/L1/DE/LB/SD214/Strongrm GD2
6:1-215,FDOT421,L1,D,D/L1/DE/LB/SD215/Strongrm GD2
6:1-216,FDOT421,L1,D,D/L1/DE/LB/SD216/Strongrm GD2
6:1-217,FDOT421,L1,D,D/L1/DE/LB/SD217/Strongrm GD2
6:1-218,FDOT421,L1,D,D/L1/DE/LB/SD218/Strongrm LL
6:1-219,FDOT421,L1,D,D/L1/DE/LB/SD219/Strongrm LL
6:1-220,FDOT421,L1,D,D/L1/DE/LB/SD220/Strongrm LL
6:1-221,FDOT421,L1,D,D/L1/DE/LB/SD221/Strongrm LL
6:1-222,FDOT421,L1,D,D/L1/DE/LB/SD222/Strongrm LL
6:1-223,FDOT421,L1,D,D/L1/DE/LB/SD223/Strongrm LL
6:1-224,HMS-S/D/M/SA,L1,D,D/L1/DE/LB/MCP224/Psg nr Strong 
6:1-225,HTRI-R,L1,D,D/L1/DE/LB/CM225/Psg nr Strong r
6:2-1,HFP-11,L2,D,D/L2/1F/SD1/CORR DC 1110
6:2-2,HFP-11,L2,D,D/L2/1F/SD2/CORR DC 1110
6:2-3,HFP-11,L2,D,D/L2/1F/SD3/CORR DC 1090
6:2-4,FDOT421,L2,D,D/L2/1F/SD4/CORR NR DC1140
6:2-5,HFP-11,L2,D,D/L2/1F/SD5/CORR FIRE ESC DC
6:2-6,HFP-11,L2,D,D/L2/1F/SD6/CORR DC1060
6:2-7,HFP-11,L2,D,D/L2/1F/SD7/CORR DC1040
6:2-8,HFP-11,L2,D,D/L2/1F/SD8/CORR DC1040
6:2-9,HFP-11,L2,D,D/L2/1F/SD9/CORR DC1180
6:2-10,HFP-11,L2,D,D/L2/1F/SD10/CORR DC EleRm
6:2-11,HFP-11,L2,D,D/L2/1F/SD11/CORR DC ElcRm
6:2-12,HMS-S/D/M/SA,L2,D,D/L2/1F/MCP12/FIRE ESC STR
6:2-13,HTRI-R,L2,D,D/L2/1F/CM13/FIRE ESC STR
6:2-14,HTRI-R,L2,D,D/L2/1F/CM14/DR RELESE CM NR L
6:2-15,HMS-S/D/M/SA,L2,D,D/L2/1F/MCP15/FIRE SHAFT L.L.
6:2-16,HTRI-R,L2,D,D/L2/C/1F/CM16/FIRE SHAFT L.L.
6:2-17,HTRI-S,L2,D,D/L2/C/1F/MM17/FIRE SHAFT L.L.
6:2-18,HFP-11,L2,D,D/L2/C/1F/SD18/LIFT LOBBY SD
6:2-19,HFP-11,L2,D,D/L2/C/1F/SD19/LIBT LOBBY SD
6:2-20,HFP-11,L2,D,D/L2/C/1F/SD20/ELECTRIC RM
6:2-21,HTRI-R,L2,D,D/L2/C/1F/CM21/DR RELESE NR L.L.
6:2-22,HFP-11,L2,D,D/L2/C/1F/SD22/AHU RM SD L.L.
6:2-23,HTRI-R,L2,D,D/L2/C/1F/CM23/AHU RM CM L.L.
6:2-23,HTRI-R,L2,D,D/L2/C/1F/CM23/AHU RM CM L.L.
6:2-24,HFP-11,L2,D,D/L2/C/1F/SD24/CORR DC/304
6:2-25,HFP-11,L2,D,D/L2/C/1F/SD25/CORR 
6:2-26,HFP-11,L2,D,D/L2/E/1F/SD26/ELECT RM SD
6:2-28,HFP-11,L2,D,D/L2/E/1F/SD28/LIFT LOBBY SD  
6:2-29,HMS-S/D/M/SA,L2,D,D/L2/E/1F/MCP29/FIRE SHAFT L.L.
6:2-30,HTRI-R,L2,D,D/L2/E/1F/CM30/FIRE SHAFT L.L.
6:2-31,HTRI-S,L2,D,D/L2/E/1F/MM31/FIRE SHAFT L.L.
6:2-32,HTRI-R,L2,D,D/L2/C/2F/CM32/DR RELESE NR L.L.
6:2-33,HFP-11,L2,D,D/L2/C/2F/SD33/CORR DC2071
6:2-34,HFP-11,L2,D,D/L2/C/2F/SD34/CORR DC2071
6:2-35,HFP-11,L2,D,D/L2/C/2F/SD35/CORR DC2072
6:2-36,HFP-11,L2,D,D/L2/C/2F/SD36/CORR DC2090
6:2-37,FDOT421,L2,D,D/L2/C/2F/SD37/CORR DC2062 AFC
6:2-39,HTRI-R,L2,D,D/L2/C/2F/CM39/STR NR DC2062
6:2-40,HMS-S/D/M/SA,L2,D,D/L2/C/2F/MCP40/STR NR DC2062
6:2-41,FDOT421,L2,D,D/L2/2F/SD41/CORR NR DC2130
6:2-42,HFP-11,L2,D,D/L2/2F/SD42/CORR DC2040
6:2-43,HFP-11,L2,D,D/L2/2F/SD43/CORR DC2030
6:2-44,HFP-11,L2,D,D/L2/2F/SD44/CORR DC2180
6:2-45,FDOT421,L2,D,D/L2/2F/SD45/CORR NR DC2190 AFC
6:2-46,HFP-11,L2,D,D/L2/C/2F/SD46/CORR Nr EleRm
6:2-47,HFP-11,L2,D,D/L2/C/2F/SD47/ELECT RM SD
6:2-48,HTRI-R,L2,D,D/L2/C/2F/CM48/DR RELESE CM
6:2-49,HTRI-R,L2,D,D/L2/C/2F/CM49/FIRE SHAFT L.L.
6:2-50,HMS-S/D/M/SA,L2,D,D/L2/C/2F/MCP50/FIRE SHAFT L.L.
6:2-51,HTRI-S,L2,D,D/L2/C/2F/MM51/FIRE SHAFT L.L.
6:2-52,HFP-11,L2,D,D/L2/C/2F/SD52/LIFT LOBBY SD
6:2-53,HFP-11,L2,D,D/L2/C/2F/SD53/LIFT LOBBY SD
6:2-54,HTRI-R,L2,D,D/L2/C/2F/CM54/DR RELESE CM
6:2-55,HFP-11,L2,D,D/L2/C/2F/SD55/AHU RM SD
6:2-56,HTRI-R,L2,D,D/L2/C/2F/CM56/AHU RM CM
6:2-57,HFP-11,L2,D,D/L2/C/2F/SD57/CORR AHU
6:2-58,HFP-11,L2,D,D/L2/C/2F/SD58/CORR AHU
6:2-59,FDOT421,L2,D,D/L2/C/2F/SD59/COR DC2230 AFC
6:2-61,HFP-11,L2,D,D/L2/E/2F/SD61/ELECT RM SD
6:2-62,HFP-11,L2,D,D/L2/E/2F/SD62/AHU RM SD
6:2-63,HTRI-R,L2,D,D/L2/E/2F/CM63/AHU RM CM
6:2-64,HFP-11,L2,D,D/L2/E/2F/SD64/LIFT LOBBY SD
6:2-65,HTRI-R,L2,D,D/L2/E/2F/CM65/FIRE SHAFT L.L.
6:2-66,HMS-S/D/M/SA,L2,D,D/L2/E/2F/MCP66/FIRE SHAFT L.L.
6:2-67,HTRI-S,L2,D,D/L2/E/2F/MM67/FIRE SHAFT L.L.
6:2-68,HTRI-R,L2,D,D/L2/C/3F/CM68/DR RELELSE CM
6:2-69,HFP-11,L2,D,D/L2/3F/SD69/CORR DW3/S30
6:2-70,HFP-11,L2,D,D/L2/3F/SD70/CORR DW3/S30
6:2-71,HFP-11,L2,D,D/L2/3F/SD71/CORR DC 3100
6:2-72,HFP-11,L2,D,D/L2/3F/SD72/CORR DC 3111
6:2-73,HFP-11,L2,D,D/L2/3F/SD73/CORR DC 3111
6:2-74,HTRI-R,L2,D,D/L2/C/3F/CM74/FIRE ESC STR
6:2-75,HMS-S/D/M/SA,L2,D,D/L2/C/3F/MCP75/FIRE ESC STR
6:2-76,HFP-11,L2,D,D/L2/3F/SD76/CORR DC 3070
6:2-77,HFP-11,L2,D,D/L2/3F/SD77/CORR DC 3070
6:2-78,HFP-11,L2,D,D/L2/3F/SD78/CORR DC 3140
6:2-79,HFP-11,L2,D,D/L2/3F/SD79/CORR DC 3140
6:2-80,HFP-11,L2,D,D/L2/3F/SD80/CORR DC 3160
6:2-81,HFP-11,L2,D,D/L2/3F/SD81/CORR DC 3160
6:2-82,HFP-11,L2,D,D/L2/3F/SD82/CORR DC 3010
6:2-83,HFP-11,L2,D,D/L2/C/3F/SD83/CORR E.R.
6:2-84,FDOT421,L2,D,D/L2/DC/3F/SD84/CORR NR ELECT RM
6:2-85,HFP-11,L2,D,D/L2/C/3F/SD85/ELECT RM SD
6:2-86,HTRI-R,L2,D,D/L2/C/3F/CM86/ELECT RM CM
6:2-87,HTRI-R,L2,D,D/L2/C/3F/CM87/FIRE SHAFT L.L.
6:2-88,HTRI-S,L2,D,D/L2/C/3F/MM88/FIRE SHAFT L.L.
6:2-89,HMS-S/D/M/SA,L2,D,D/L2/C/3F/MCP89/FIRE SHAFT L.L.
6:2-90,HFP-11,L2,D,D/L2/C/3F/SD90/LIFT LOBBY SD
6:2-91,HFP-11,L2,D,D/L2/C/3F/SD91/LIFT LOBBY SD
6:2-92,HTRI-R,L2,D,D/L2/C/3F/CM92/DR RELESE CM NR A
6:2-93,HTRI-R,L2,D,D/L2/C/3F/CM93/AHU RM CM  
6:2-94,HFP-11,L2,D,D/L2/C/3F/SD94/AHU RM SD  
6:2-95,HFP-11,L2,D,D/L2/3F/SD95/CORR DE 3150
6:2-96,HFP-11,L2,D,D/L2/3F/SD96/CORR DE 3150
6:2-97,FDOT421,L2,D,D/L2/3F/SD97/CORR NR DE3140 AFC
6:2-98,HFP-11,L2,D,D/L2/3F/SD98/CORR DE 3210
6:2-99,HFP-11,L2,D,D/L2/3F/SD99/CORR DE 3210
6:2-100,HFP-11,L2,D,D/L2/3F/SD100/CORR DE 3100
6:2-101,HFP-11,L2,D,D/L2/3F/SD101/CORR DE 3210
6:2-102,HFP-11,L2,D,D/L2/E/3F/SD102/CORR FIRE ESC
6:2-103,HFP-11,L2,D,D/L2/E/3F/SD103/CORR FIRE ESC
6:2-104,HFP-11,L2,D,D/L2/E/3F/SD104/CORR FIRE ESC
6:2-105,HMS-S/D/M/SA,L2,D,D/L2/MCP105/DC3140/DC1230/Entry 
6:2-106,HFP-11,L2,D,D/L2/3F/SD106/CORR DE 3020
6:2-107,HFP-11,L2,D,D/L2/3F/SD107/CORR DE 3020
6:2-108,FDOT421,L2,D,D/L2/DE/3F/SD108/CORR NR ELECT R
6:2-109,HTRI-R,L2,D,D/L2/E/3F/CM109/DR RELESE CM NR 
6:2-110,HFP-11,L2,D,D/L2/E/3F/SD110/AHU RM SD  
6:2-111,HTRI-R,L2,D,D/L2/E/3F/CM111/AHU RM CM  
6:2-112,HFP-11,L2,D,D/L2/E/3F/SD112/ELECT RM SD
6:2-113,HMS-S/D/M/SA,L2,D,D/L2/E/3F/MCP113/FIRE SHAFT L.L.
6:2-114,HTRI-R,L2,D,D/L2/E/3F/CM114/FIRE SHAFT L.L. 
6:2-115,HTRI-S,L2,D,D/L2/E/3F/MM115/FIRE SHAFT L.L. 
6:2-116,HMS-S/D/M/SA,L2,D,D/L2/E/3F/MCP116/FIRE ESC STR
6:2-117,HTRI-R,L2,D,D/L2/E/3F/CM117/FIRE ESC STR
6:2-118,HFP-11,L2,D,D/L2/E/3F/SD118/LIFT LOBBY SD  
6:2-119,HFP-11,L2,D,D/L2/DC3100/SD119/Byer Cab 4
6:2-120,HMS-S/D/M/SA,L2,D,D/L2/DC3100/MCP120/Main Entry
6:2-121,HFP-11,L2,D,D/L2/DC3100/SD121/Pantry
6:2-122,HFP-11,L2,D,D/L2/DC3100/SD122/Byer Cab 3
6:2-123,HFP-11,L2,D,D/L2/DC1190/SD123/Psg nr Entry
6:2-124,HFP-11,L2,D,D/L2/DC1190/SD124/Pantry
6:2-125,HFP-11,L2,D,D/L2/DC1190/SD125/Accounts cab
6:2-126,HFP-11,L2,D,D/L2/DC1190/SD126/Assorter cab
6:2-127,HFP-11,L2,D,D/L2/DC1190/SD127/Main cab
6:2-128,HFP-11,L2,D,D/L2/DC1190/SD128/Main cab
6:2-129,HTRI-R,L2,D,D/L2/DC1190/CM129/Psg nr Entry
6:2-130,HMS-S/D/M/SA,L2,D,D/L2/DC1190/MCP130/Psg nr Entry
6:2-131,HFP-11,L2,D,D/L2/DC3080/SD131/Main cab
6:2-132,HFP-11,L2,D,D/L2/DC3080/SD132/Assorter cab
6:2-133,HFP-11,L2,D,D/L2/DC3080/SD133/Psg nr Pantry
6:2-134,HFP-11,L2,D,D/L2/DC3080/SD134/Account cab
6:2-135,HFPT-11,L2,D,D/L2/DC3080/HD135/Pantry
6:2-136,HTRI-R,L2,D,D/L2/DC3080/CM136/Entry dr Psg
6:2-137,HMS-S/D/M/SA,L2,D,D/L2/DC3080/MCP137/Entry dr Psg
6:2-138,HTRI-R,L2,D,D/L2/DC3100/CM138/Psg nr Entry
6:2-139,HFP-11,L2,D,D/L2/DC3100/SD139/Server rm
6:2-140,HFP-11,L2,D,D/L2/SD140/DC3140/MAIN CABIN
6:2-141,HFP-11,L2,D,D/L2/SD141/DC3140/ASSORTOR CAB 1
6:2-142,HFP-11,L2,D,D/L2/SD142/DC3140/ASSORTOR CAB 2
6:2-143,HFP-11,L2,D,D/L2/SD143/DC3140/PSG NR MAIN CA
6:2-144,HFP-11,L2,D,D/L2/SD144/DC3140/PANTRY
6:2-145,HTRI-R,L2,D,D/L2/CM145/DC3140/ENTRY PSG AFC
6:2-146,HTRI-S,D,D,D/D/L2/3F/MM146/DC3070
6:2-147,HTRI-S,L2,D,D/L2/3F/MM147/DC3130
6:2-148,HMS-S/D/M/SA,L2,D,D/L2/MCP148/DC3140/ENTRY PSG AFC
6:2-149,HFP-11,L2,D,D/L2/SD149/DC1230/Main Cabin
6:2-150,HFP-11,L2,D,D/L2/SD150/DC1230/Main Cabin 2
6:2-151,HTRI-S,L2,D,D/L2/3F/MM151/DC3150
6:2-152,HFP-11,L2,D,D/L2/SD152/DC1230/Entry Psg
6:2-153,HTRI-S,L2,D,D/L2/3F/MM153/DC3060
6:2-154,HTRI-S,L2,D,D/L2/3F/MM154/DC3160
6:2-155,HTRI-S,L2,D,D/L2/3F/MM155/DC3090B
6:2-156,HTRI-S,L2,D,D/L2/3F/MM156/DC3020
6:2-157,HFP-11,L2,D,D/L2/SD157/DC1230/Pantry
6:2-158,HTRI-R,L2,D,D/L2/CM158/DC1230/ENTRY PSG AFC
6:2-159,HTRI-S,L2,D,D/L2/3F/MM159/DC3010A
6:2-160,HTRI-S,L2,D,D/L2/3F/MM160/DC3190
6:2-161,HTRI-S,L2,D,D/L2/3F/MM161/DC3200
6:2-162,HTRI-S,L2,D,D/L2/3F/MM162/DE3160
6:2-163,HTRI-S,L2,D,D/L2/3F/MM163/DE3060
6:2-164,HTRI-S,L2,D,D/L2/3F/MM164/DE3140
6:2-165,HTRI-S,L2,D,D/L2/3F/MM165/DE3180
6:2-166,HTRI-S,L2,D,D/L2/3F/MM166/DE3100
6:2-167,HTRI-S,L2,D,D/L2/3F/MM167/DE3130
6:2-168,HTRI-S,L2,D,D/L2/3F/MM168/DE3120
6:2-169,HFP-11,L2,D,D/L2/DC3100/SD169/Director Cab
6:2-170,HFP-11,L2,D,D/L2/DC3100/SD170/Account dept
6:2-171,HFP-11,L2,D,D/L2/DC3100/SD171/Account dept
6:2-172,HTRI-R,L2,D,D/L2/DC3100/CM172/AFC Account de
6:2-173,HMS-S/D/M/SA,L2,D,D/L2/DC3100/MCP173/Psg nr Grding
6:2-174,HTRI-S,L2,D,D/L2/3F/MM174/DE3210
6:2-175,HTRI-S,L2,D,D/L2/3F/MM175/DE3080
6:2-176,HFP-11,L2,D,D/L2/DC3050/SD176/Main cab
6:2-177,HFP-11,L2,D,D/L2/DC3050/SD177/Assorter cab
6:2-178,HTRI-R,L2,D,D/L2/DC3050/CM178/Psg nr Entry
6:2-179,HMS-S/D/M/SA,L2,D,D/L2/DC3050/MCP179/Psg nr Entry
6:2-180,HTRI-S,L2,D,D/L2/3F/MM180/DE3240
6:2-181,HTRI-S,L2,D,D/L2/3F/MM181/DE3050
6:2-182,HTRI-S,L2,D,D/L2/3F/MM182/DE3250
6:2-183,HTRI-S,L2,D,D/L2/3F/MM183/DE3230
6:2-188,HTRI-S,L2,D,D/L2/2F/MM188/DC2220
6:2-190,HTRI-S,L2,D,D/L2/2F/MM190/DC2240
6:2-192,HTRI-S,L2,D,D/L2/2F/MM192/DC2250
6:2-193,HTRI-S,L2,D,D/L2/2F/MM193/DC2260
6:2-194,HTRI-S,L2,D,D/L2/2F/MM194/DC2200
6:2-195,HTRI-S,L2,D,D/L2/2F/MM195/DC2190
6:2-196,HFP-11,L2,D,D/L2/SD196/DC2040/Cabin 1
6:2-197,HFP-11,L2,D,D/L2/SD197/DC2040/Cabin 2
6:2-198,HFP-11,L2,D,D/L2/SD198/DC2040/Cabin 3
6:2-199,HTRI-S,L2,D,D/L2/2F/MM199/DC2020
6:2-200,HTRI-S,L2,D,D/L2/2F/MM200/DC2160
6:2-201,HFP-11,L2,D,D/L2/SD201/DC2040/Cabin 4
6:2-202,HTRI-S,L2,D,D/L2/2F/MM202/DC2030
6:2-203,HFP-11,L2,D,D/L2/SD203/DC2040/Cabin 5
6:2-204,HTRI-S,L2,D,D/L2/2F/MM204/DC2140
6:2-205,HFP-11,L2,D,D/L2/SD205/DC2040/Psg Nr Cabin 3
6:2-206,HTRI-S,L2,D,D/L2/2F/MM206/DC2130
6:2-207,HTRI-S,L2,D,D/L2/2F/MM207/DC2120
6:2-208,HTRI-S,L2,D,D/L2/2F/MM208/DC2061
6:2-209,HTRI-S,L2,D,D/L2/2F/MM209/DC2062
6:2-210,HFP-11,L2,D,D/L2/SD210/DC2040/Entry Door Psg
6:2-211,HTRI-S,L2,D,D/L2/2F/MM211/DC2100
6:2-212,HTRI-S,L2,D,D/L2/2F/MM212/DC2071
6:2-213,HTRI-S,L2,D,D/L2/2F/MM213/DC2072
6:2-214,HTRI-S,L2,D,D/L2/2F/MM214/DC2090
6:2-215,HTRI-R,L2,D,D/L2/CM215/DC2040/Entry Door 
6:2-216,HTRI-S,L2,D,D/L2/1F/MM216/DC1110
6:2-217,HMS-S/D/M/SA,L2,D,D/L2/MCP217/DC2040/Psg Nr Cabin 
6:2-218,HTRI-S,L2,D,D/L2/1F/MM218/DC1130
6:2-219,HTRI-S,L2,D,D/L2/1F/MM219/DC1090
6:2-221,HTRI-S,L2,D,D/L2/1F/MM221/DC1140
6:2-222,HTRI-S,L2,D,D/L2/1F/MM222/DC1150
6:2-224,HTRI-S,L2,D,D/L2/1F/MM224/DC1070
6:2-226,HTRI-S,L2,D,D/L2/1F/MM226/DC1160A
6:2-228,HTRI-S,L2,D,D/L2/1F/MM228/DC1160
6:2-230,HTRI-S,L2,D,D/L2/1F/MM230/DC1030
6:2-231,HTRI-S,L2,D,D/L2/1F/MM231/DC1170
6:2-232,HTRI-S,L2,D,D/L2/1F/MM232/DC1020
6:2-233,HTRI-S,L2,D,D/L2/1F/MM233/DC1180
6:2-236,HTRI-S,L2,D,D/L2/1F/MM236/DC1190A
6:2-237,HTRI-S,L2,D,D/L2/1F/MM237/DC1240
6:2-241,HTRI-S,L2,D,D/L2/1F/MM241/DC1210
6:2-242,HFP-11,L2,D,D/L2/DC3100/SD242/Conferance
6:2-243,HFP-11,L2,D,D/L2/DC3100/SD243/ Stock Cab
6:2-244,HFP-11,L2,D,D/L2/DC3100/SD244/Certified Cab 
6:2-245,HFP-11,L2,D,D/L2/DC3100/SD245/Byer Cab1 
6:2-246,HFP-11,L2,D,D/L2/DC3100/SD246/director cab
6:2-247,HFP-11,L2,D,D/L2/DC3100/SD247/Non Cerfie cab
6:2-248,HFP-11,L2,D,D/L2/DC3100/SD248/Non Cerfie Cab
6:2-249,HFP-11,L2,D,D/L2/DC3100/SD249/Byer cab2
6:2-250,HFP-11,L2,D,D/L2/DC3100/SD250/Pantry
6:2-251,HFP-11,L2,D,D/L2/DC3100/SD251/Gradding Cab
6:2-252,HFP-11,L2,D,D/L2/DC3100/SD252/Reception
6:3-1,HFP-11,L3,D,D/L3/WC/2F/SD1/CORR CW 2180
6:3-2,HFP-11,L3,D,D/L3/WC/2F/SD2/CORR CW2170
6:3-3,HFP-11,L3,D,D/L3/WC/2F/SD3/CORR CW 2110
6:3-4,FDOT421,L3,D,D/L3/WC/2F/SD4/CORR CW2120
6:3-5,HFP-11,L3,D,D/L3/WC/2F/SD5/CORR CW2130
6:3-6,HFP-11,L3,D,D/L3/WC/2F/SD6/ELECT RM SD
6:3-7,HTRI-R,L3,D,D/L3/WC/2F/CM7/DR RELESE CM
6:3-8,HFP-11,L3,D,D/L3/WC/2F/SD8/LIFT LOBBY SD
6:3-9,HFP-11,L3,D,D/L3/WC/2F/SD9/LIFT LOBBY SD
6:3-10,HTRI-R,L3,D,D/L3/WC/2F/CM10/FIRE SHAFT L.L.
6:3-11,HMS-S/D/M/SA,L3,D,D/L3/WC/2F/MCP11/FIRE SHAFT L.L.
6:3-12,HTRI-S,L3,D,D/L3/WC/2F/MM12/FIRE SHAFT L.L.
6:3-13,HTRI-R,L3,D,D/L3/WC/2F/CM13/DR RELESE CM
6:3-14,HFP-11,L3,D,D/L3/WC/2F/SD14/SMALL CORR 
6:3-15,HFP-11,L3,D,D/L3/WC/2F/SD15/CORR AHU
6:3-16,HFP-11,L3,D,D/L3/WC/2F/SD16/CORR AHU 
6:3-17,HTRI-R,L3,D,D/L3/WC/2F/CM17/AHU RM CM
6:3-18,HFP-11,L3,D,D/L3/WC/2F/SD18/AHU RM SD
6:3-19,FDOT421,L3,D,D/L3/WC/2F/SD19/CORR NR DW2/S27
6:3-20,HFP-11,L3,D,D/L3/WC/2F/SD20/CORR 2022
6:3-21,HFP-11,L3,D,D/L3/WC/2F/SD21/CORR CURVE
6:3-22,HFP-11,L3,D,D/L3/WC/2F/SD22/CORR CURVE
6:3-23,HFP-11,L3,D,D/L3/WC/2F/SD23/CORR CURVE
6:3-25,HTRI-R,L3,D,D/L3/WC/2F/CM25/FIRE ESC STR
6:3-25,HTRI-R,L3,D,D/L3/WC/2F/CM25/FIRE ESC STR
6:3-26,HMS-S/D/M/SA,L3,D,D/L3/WC/2F/MCP26/FIRE ESC STR
6:3-27,HFP-11,L3,D,D/L3/WC/2F/SD27/CORR DW2060
6:3-28,HFP-11,L3,D,D/L3/WC/2F/SD28/CORR DW2080
6:3-29,HFP-11,L3,D,D/L3/WC/2F/SD29/CORR DW2090 AFC
6:3-30,HFP-11,L3,D,D/L3/WC/2F/SD30/CORR DW2100
6:3-31,HFP-11,L3,D,D/L3/WC/2F/SD31/CORR DW2130
6:3-32,HFP-11,L3,D,D/L3/WC/2F/SD32/CORR DW2130
6:3-33,HFP-11,L3,D,D/L3/WC/2F/SD33/CORR DW2140
6:3-34,HFP-11,L3,D,D/L3/WC/1F/SD34/CORR CW1030
6:3-35,HFP-11,L3,D,D/L3/WC/1F/SD35/CORR CW1030
6:3-36,HFP-11,L3,D,D/L3/WC/1F/SD36/CORR CW1070
6:3-37,HFP-11,L3,D,D/L3/WC/1F/SD37/CORR 1100
6:3-38,HFP-11,L3,D,D/L3/WC/1F/SD38/ELECT RM SD
6:3-39,HTRI-R,L3,D,D/L3/WC/1F/CM39/DR RELESE CM
6:3-40,HFP-11,L3,D,D/L3/WC/1F/SD40/LIFT LOBBY SD
6:3-41,HFP-11,L3,D,D/L3/WC/1F/SD41/LIFT LOBBY SD
6:3-42,HTRI-R,L3,D,D/L3/WC/1F/CM42/FIRE SHAFT L.L.
6:3-43,HMS-S/D/M/SA,L3,D,D/L3/WC/1F/MCP43/FIRE SHAFT L.L.
6:3-44,HTRI-S,L3,D,D/L3/WC/1F/MM44/FIRE SHAFT L.L.
6:3-45,HTRI-R,L3WC,D,D/L3WC/1F/CM45/DR RELESE CM
6:3-46,HFP-11,L3,D,D/L3/WC/1F/SD46/CORR 1380
6:3-47,HFP-11,L3,D,D/L3/WC/1F/SD47/SMALL CORR 
6:3-48,HFP-11,L3,D,D/L3/WC/1F/SD48/CORR DW1420
6:3-49,HFP-11,L3,D,D/L3/WC/1F/SD49/CORR DW1370
6:3-50,FDOT421,L3,D,D/L3/WC/1F/SD50/CORR DW1370
6:3-51,HFP-11,L3,D,D/L3/WC/1F/SD51/AHU RM SD
6:3-52,HTRI-R,L3,D,D/L3/WC/1F/CM52/AHU RM CM
6:3-53,HFP-11,L3,D,D/L3/WC/1F/SD53/CORR DW1360
6:3-54,FDOT421,L3,D,D/L3/WC/1F/SD54/CORR NR DW1150
6:3-55,HFP-11,L3,D,D/L3/WC/1F/SD55/CORR NR DW1180
6:3-57,HFP-11,L3,D,D/L3/WC/1F/SD57/CORR CURVE
6:3-59,HTRI-R,L3,D,D/L3/WC/1F/CM59/FIRE ESC STR
6:3-60,HMS-S/D/M/SA,L3,D,D/L3/WC/1F/MCP60/FIRE ESC STR
6:3-61,HFP-11,L3,D,D/L3/WC/1F/SD61/CORR DW1220
6:3-62,HFP-11,L3,D,D/L3/WC/1F/SD62/CORR DW1220
6:3-63,HFP-11,L3,D,D/L3/WC/1F/SD63/CORR DW1230
6:3-64,HFP-11,L3,D,D/L3/WC/1F/SD64/CORR DW1260
6:3-65,FDOT421,L3,D,D/L3/WC/1F/SD65/COR DW1270 AFC
6:3-66,HFP-11,L3,D,D/L3/WC/1F/SD66/CORR DW1330
6:3-67,HFP-11,L3,D,D/L3/WC/1F/SD67/CORR DW1310
6:3-82,XTRI-S,L3,D,D/L3/2F/MM82/CW2090
6:3-83,HFP-11,L3,D,D/L3/DW2100/SD83/Pantry
6:3-84,HTRI-S,L3,D,D/L3/2F/MM84/CW2100
6:3-85,HTRI-S,L3,D,D/L3/MM85/CW2160
6:3-86,HTRI-S,L3,D,D/L3/2F/MM86/CW2110
6:3-87,HTRI-S,L3,D,D/L3/2F/MM87/CW2155
6:3-90,HTRI-S,L3,D,D/L3/2F/MM90/CW2140
6:3-91,HTRI-S,L3,D,D/L3/2F/MM91/CW2150
6:3-92,HTRI-S,L3,D,D/L3/2F/MM92/DC2080
6:3-93,HTRI-S,L3,D,D/L3/2F/MM93/DW2332
6:3-96,HTRI-S,L3,D,D/L3/2F/MM96/DW2330
6:3-99,HTRI-S,L3,D,D/L3/2F/MM99/DW2031
6:3-100,HTRI-S,L3,D,D/L3/2F/MM100/Dwstar rays4
6:3-101,HTRI-S,L3,D,D/L3/2F/MM101/Dwstar rays5
6:3-102,HTRI-S,L3,D,D/L3/2F/MM102/DW2331
6:3-104,HFP-11,L3,D,D/L3/DW2100/SD104/Psg nr Accts c
6:3-105,HTRI-S,L3,D,D/L3/2F/MM105/DW2070
6:3-106,HTRI-R,L3,D,D/L3/DW1220/CM106/AFC Entry Psg
6:3-107,HMS-S/D/M/SA,L3,D,D/L3/DW1220/MCP107/Entry Psg.
6:3-108,HTRI-S,L3,D,D/L3/2F/MM108/DW2090
6:3-109,HTRI-S,L3,D,D/L3/2F/MM109/DW2310
6:3-110,HFP-11,L3,D,D/L3/DW1220/SD110/MAIN CABIN
6:3-111,HTRI-S,L3,D,D/L3/2F/MM111/DW2110
6:3-112,HTRI-S,L3,D,D/L3/2F/MM112/DW2120
6:3-113,HFP-11,L3,D,D/L3/DW1220/SD113/ACCOUNT CABIN 
6:3-114,HFP-11,L3,D,D/L3/DW1220/SD114/ACCOUNT CABIN 
6:3-115,HFP-11,L3,D,D/L3/DW1220/SD115/Psg Nr ACCOUNT
6:3-116,HFP-11,L3,D,D/L3/DW1220/SD116/Pantry 
6:3-117,HTRI-S,L3,D,D/L3/2F/MM117/DW2140
6:3-120,XTRI-S,L3,D,D/L3/2F/MM120/DW1300
6:3-121,XTRI-S,L3,D,D/L3/1F/MM121/DW1290
6:3-122,XTRI-S,L3,D,D/L3/1F/MM122/DW1320
6:3-123,XTRI-S,L3,D,D/L3/1F/MM123/DW1280
6:3-124,XTRI-S,L3,D,D/L3/1F/MM124/DW1330
6:3-125,XTRI-S,L3,D,D/L3/1F/MM125/DW1270
6:3-126,XTRI-S,L3,D,D/L3/1F/MM126/DW1340
6:3-127,HTRI-S,L3,D,D/L3/1F/MM127/DW1260
6:3-128,XTRI-S,L3,D,D/L3/1F/MM128/DW1250
6:3-129,XTRI-S,L3,D,D/L3/1F/MM129/DW1240
6:3-130,XTRI-S,L3,D,D/L3/1F/MM130/DW1230
6:3-132,XTRI-S,L3,D,D/L3/1F/MM132/DW1210
6:3-134,XTRI-S,L3,D,D/L3/1F/MM134/DW1350
6:3-135,XTRI-S,L3,D,D/L3/1F/MM135/DW1190
6:3-136,HTRI-S,L3,D,D/L3/1F/MM136/DW1180
6:3-137,HTRI-S,L3,D,D/L3/1F/MM137/DW1170
6:3-140,HTRI-S,L3,D,D/L3/1F/MM140/DW1150
6:3-141,HTRI-S,L3,D,D/L3/1F/MM141/DW1355
6:3-142,HTRI-S,L3,D,D/L3/1F/MM142/DW1140
6:3-144,HTRI-S,L3,D,D/L3/1F/MM144/DW1360
6:3-147,HTRI-S,L3,D,D/L3/1F/MM147/DW1380
6:3-148,HTRI-S,L3,D,D/L3/1F/MM148/DW1390
6:3-149,HTRI-S,L3,D,D/L3/1F/MM149/DW1400
6:3-151,HTRI-S,L3,D,D/L3/1F/MM151/DW1420
6:3-152,HTRI-S,L3,D,D/L3/1F/MM152/DW1120
6:3-153,HTRI-S,L3,D,D/L3/1F/MM153/DW1110
6:3-154,HTRI-S,L3,D,D/L3/1F/MM154/DW1100
6:3-155,XTRI-S,L3,D,D/L3/1F/MM155/DW1090
6:3-156,XTRI-S,L3,D,D/L3/1F/MM156/DW1080
6:3-158,XTRI-S,L3,D,D/L3/1F/MM158/DW1010
6:3-159,XTRI-S,L3,D,D/L3/1F/MM159/DW1020
6:3-162,XTRI-S,L3,D,D/L3/1F/MM162/DW1030
6:3-163,HTRI-S,L3,D,D/L3/1F/MM163/DW1040
6:3-164,HFP-11,L3,D,D/L3/CW2120/SD164/Pantry
6:3-165,HFP-11,L3,D,D/L3/CW2120/SD165/Cab 1
6:3-166,HFP-11,L3,D,D/L3/CW2120/SD166/Main cab
6:3-167,HFP-11,L3,D,D/L3/CW2120/SD167/Main cab
6:3-168,HFP-11,L3,D,D/L3/CW2120/SD168/Assorter cab
6:3-169,HFP-11,L3,D,D/L3/CW2120/SD169/Cab 2
6:3-170,HFP-11,L3,D,D/L3/CW2120/SD170/Psg nr Entranc
6:3-171,HTRI-R,L3,D,D/L3/CW2120/CM171/Psg nr Entranc
6:3-172,HMS-S/D/M/SA,L3,D,D/L3/CW2120/MCP172/Psg nr Entran
6:3-173,HFP-11,L3,D,D/L3/CW2180/SD173/Main cab
6:3-174,HFP-11,L3,D,D/L3/CW2180/SD174/Assorter cab
6:3-175,HFP-11,L3,D,D/L3/CW2180/SD175/Psg nr Entry
6:3-176,HTRI-R,L3,D,D/L3/CW2180/CM176/Psg nr Entry
6:3-177,HMS-S/D/M/SA,L3,D,D/L3/CW2180/MCP177/Psg nr Entry
6:3-181,HFPT-11,L3,D,D/L3/DC1120/HD181/Pantry
6:3-182,HFP-11,L3,D,D/L3/DC1120/SD182/Psg nr wash rm
6:3-183,HFP-11,L3,D,D/L3/DC1120/SD183/Accounts cab
6:3-184,HFP-11,L3,D,D/L3/DC1120/SD184/Weighing cab
6:3-185,HFP-11,L3,D,D/L3/DC1120/SD185/Main cab1
6:3-186,HFP-11,L3,D,D/L3/DC1120/SD186/Main cab2
6:3-187,HFP-11,L3,D,D/L3/DC1120/SD187/Reception
6:3-188,HFP-11,L3,D,D/L3/DC1120/SD188/AFC Reception
6:3-189,HFP-11,L3,D,D/L3/DC1120/SD189/AFC Entry dr P
6:3-190,HFP-11,L3,D,D/L3/DC1120/SD190/Entry dr Psg
6:3-191,HTRI-R,L3,D,D/L3/DC1120/CM191/Entry dr Psg
6:3-192,HMS-S/D/M/SA,L3,D,D/L3/DC1120/MCP192/Entry dr Psg
6:3-195,HFP-11,L3,D,D/L3/DW1200/SD195/Pantry
6:3-196,HFP-11,L3,D,D/L3/DW1200/SD196/Assorter cab
6:3-197,HFP-11,L3,D,D/L3/DW1200/SD197/Main cab
6:3-198,HTRI-R,L3,D,D/L3/DW1200/CM198/Psg nr Entry
6:3-199,HMS-S/D/M/SA,L3,D,D/L3/DW1200/MCP199/Psg nr Entry
6:3-201,HFPT-11,L3,D,D/L3/DW1161/HD201/Pantry
6:3-202,HFP-11,L3,D,D/L3/DW1161/SD202/Cab 7
6:3-203,HFP-11,L3,D,D/L3/DW1161/SD203/Reception Psg
6:3-204,HFP-11,L3,D,D/L3/DW1161/SD204/Account Cab
6:3-205,HFP-11,L3,D,D/L3/DW1161/SD205/Psg nr Acc.cab
6:3-206,HFP-11,L3,D,D/L3/DW1161/SD206/Cab 6
6:3-207,HFP-11,L3,D,D/L3/DW1161/SD207/Cab 1 
6:3-208,HFP-11,L3,D,D/L3/DW1161/SD208/Cab 2
6:3-209,HFP-11,L3,D,D/L3/DW1161/SD209/Cab 3
6:3-210,HFP-11,L3,D,D/L3/DW1161/SD210/Assorter cab
6:3-211,HTRI-R,L3,D,D/L3/DW1161/CM211/Psg nr Entry
6:3-212,HMS-S/D/M/SA,L3,D,D/L3/DW1161/MCP212/Psg nr Entry
6:3-213,HFP-11,L3,D,D/L3/DW2050/SD213/Waiting Area
6:3-214,HFP-11,L3,D,D/L3/DW2050/SD214/Account cab
6:3-215,HFP-11,L3,D,D/L3/DW2050/SD215/Assorter cab
6:3-216,HFP-11,L3,D,D/L3/DW2050/SD216/Buyers cab
6:3-217,HFP-11,L3,D,D/L3/DW2050/SD217/Executive cab
6:3-218,HTRI-R,L3,D,D/L3/DW2050/CM218/Psg nr Entry
6:3-219,HMS-S/D/M/SA,L3,D,D/L3/DW2050/MCP219/Psg nr Entry
6:3-220,HFPT-11,L3,D,D/L3/DW2060/HD220/Pantry
6:3-221,HFP-11,L3,D,D/L3/DW2060/SD221/Assorter cab
6:3-222,HFP-11,L3,D,D/L3/DW2060/SD222/Main cab
6:3-223,HFP-11,L3,D,D/L3/DW2060/SD223/Psg nr Entry
6:3-224,HTRI-R,L3,D,D/L3/DW2060/CM224/Psg nr Entry
6:3-225,HMS-S/D/M/SA,L3,D,D/L3/DW2060/MCP225/Psg nr Entry
6:3-226,HFP-11,L3,D,D/L3/DW2100/SD226/Accounts cab
6:3-227,HFP-11,L3,D,D/L3/DW2100/SD227/Cab 1
6:3-228,HFP-11,L3,D,D/L3/DW2100/SD228/Main cab
6:3-229,HFP-11,L3,D,D/L3/DW2100/SD229/Assorter cab
6:3-230,HTRI-R,L3,D,D/L3/DW2100/CM230/Psg nr Entry
6:3-231,HMS-S/D/M/SA,L3,D,D/L3/DW2100/MCP231/Psg nr Entry
6:3-232,HFP-11,L3,D,D/L3/DW2300/SD232/Pantry
6:3-233,HFP-11,L3,D,D/L3/DW2300/SD233/Accounts cab
6:3-234,HFP-11,L3,D,D/L3/DW2300/SD234/Main cab
6:3-235,HTRI-R,L3,D,D/L3/DW2300/CM235/Psg nr Entry
6:3-236,HMS-S/D/M/SA,L3,D,D/L3/DW2300/MCP236/Psg nr Entry
6:3-237,HFPT-11,L3,D,D/L3/DW2290/HD237/Pantry
6:3-238,HFP-11,L3,D,D/L3/DW2290/SD238/Cab 1
6:3-239,HFP-11,L3,D,D/L3/DW2290/SD239/Main cab
6:3-240,HTRI-R,L3,D,D/L3/DW2290/CM240/Psg nr Entry
6:3-241,HMS-S/D/M/SA,L3,D,D/L3/DW2290/MCP241/Psg nr Entry
6:3-242,HFP-11,L3,D,D/L3/DW2130/SD242/Pantry
6:3-243,HFP-11,L3,D,D/L3/DW2130/SD243/Cab 1
6:3-244,HFP-11,L3,D,D/L3/DW2130/SD244/Cab 2
6:3-245,HFP-11,L3,D,D/L3/DW2130/SD245/Cab 3
6:3-246,HFP-11,L3,D,D/L3/DW2130/SD246/Psg nr cab 1
6:3-247,HTRI-R,L3,D,D/L3/DW2130/CM247/Psg nr Entry
6:3-248,HMS-S/D/M/SA,L3,D,D/L3/DW2130/MCP248/Psg nr Entry
6:3-249,HFP-11,L3,D,D/L3/DW2280/SD249/Pantry
6:3-250,HFP-11,L3,D,D/L3/DW2280/SD250/Executive cab
6:3-251,HTRI-R,L3,D,D/L3/DW2280/CM251/Psg nr Entry
6:3-252,HMS-S/D/M/SA,L3,D,D/L3/DW2280/MCP252/Psg nr Entry
6:4-1,HTRI-R,L4,D,D/L4/C/4F/CM1/DR RELESE CM NR L.
6:4-2,HFP-11,L4,D,D/L4/4F/SD2/ CORR DC 4072
6:4-3,HFP-11,L4,D,D/L4/4F/SD3/ CORR DC 4072
6:4-4,HFP-11,L4,D,D/L4/4F/SD4/ CORR DC 4071
6:4-5,HFP-11,L4,D,D/L4/C/4F/SD5/CorrS/31FireStr
6:4-6,FDOT421,L4,D,D/L4/C/4F/SD6/Corr Nr DC4060
6:4-7,HFP-11,L4,D,D/L4/C4F/SD7/ CORR DC4111
6:4-8,HFP-11,L4,D,D/L4/4F/SD8/ CORR DC4040
6:4-9,HFP-11,L4,D,D/L4/4F/SD9/ CORR DC4040
6:4-10,HFP-11,L4,D,D/L4/4F/SD10/ CORR DC4020
6:4-11,HFP-11,L4,D,D/L4/4F/SD11/ CORR DC4010
6:4-12,HFP-11,L4,D,D/L4/4F/SD12/ CORR DC4010
6:4-13,HFP-11,L4,D,D/L4/4F/SD13/ELECT RM SD
6:4-14,HTRI-R,L4,D,D/L4/4F/CM14/DR RELESE CM
6:4-15,HMS-S/D/M/SA,L4,D,D/L4/4F/MCP15/FIRE SHAFT L.L.
6:4-16,HTRI-R,L4,D,D/L4/4F/CM16/FIRE SHAFT L.L.
6:4-17,HTRI-S,L4,D,D/L4/4F/MM17/FIRE SHAFT L.L.
6:4-18,HFP-11,L4,D,D/L4/4F/SD18/LIFT LOBBY SD
6:4-19,HFP-11,L4,D,D/L4/4F/SD19/LIFT LOBBY SD
6:4-20,HTRI-R,L4,D,D/L4/4F/CM20/DR RELESE CM
6:4-20,HTRI-R,L4,D,D/L4/4F/CM20/DR RELESE CM
6:4-21,HFP-11,L4,D,D/L4/4F/SD21/AHU RM SD
6:4-22,HTRI-R,L4,D,D/L4/4F/CM22/AHU RM CM
6:4-23,HFP-11,L4,D,D/L4/4F/SD23/ CORR 4150
6:4-24,HFP-11,L4,D,D/L4/4F/SD24/ CORR 4150
6:4-25,FDOT421,L4,D,D/L4/4F/SD25/CORR NR DC4150
6:4-26,HFP-11,L4,D,D/L4/4F/SD26/CORR NR 4181
6:4-27,HFP-11,L4,D,D/L4/4F/SD27/CORR NR 4200
6:4-28,HFP-11,L4,D,D/L4/4F/SD28/CORR NR 4181
6:4-29,HFP-11,L4,D,D/L4/4F/SD29/CORR NR ELECT RM AF
6:4-30,HFP-11,L4,D,D/L4/4F/SD30/ELECT RM SD
6:4-31,HFP-11,L4,D,D/L4/4F/SD31/AHU RM SD
6:4-32,HTRI-R,L4,D,D/L4/4F/CM32/AHU RM CM
6:4-33,FDOT421,L4,D,D/L4/DE/4F/SD33/LIFT LOBBY SD
6:4-34,HMS-S/D/M/SA,L4,D,D/L4/4F/MCP34/FIRE SHAFT L.L.
6:4-35,HTRI-R,L4,D,D/L4/4F/CM35/FIRE SHAFT L.L.
6:4-36,HTRI-S,L4,D,D/L4/4F/MM36/FIRE SHAFT L.L.
6:4-37,HMS-S/D/M/SA,L4,D,D/L4/4F/MCP37/FIRE ESC STR
6:4-38,HTRI-R,L4,D,D/L4/4F/CM38/FIRE ESC STR
6:4-39,HMS-S/D/M/SA,L4,D,D/L4/4F/MCP39/FIRE ESC STR
6:4-40,HTRI-R,L4,D,D/L4/4F/CM40/FIRE ESC STR
6:4-41,HTRI-R,L4,D,D/L4/5F/CM41/DR RELESE CM NR L.L
6:4-42,HFP-11,L4,D,D/L4/5F/SD42/CORR NR 530
6:4-43,HFP-11,L4,D,D/L4/5F/SD43/CORR NR 530
6:4-44,HFP-11,L4,D,D/L4/5F/SD44/CORR NR DW5/S09
6:4-45,FDOT421,L4,D,D/L4/5F/SD45/CORR NR DC5/S31
6:4-46,HFP-11,L4,D,D/L4/5F/SD46/CORR NR 531
6:4-47,HMS-S/D/M/SA,L4,D,D/L4/5F/MCP47/FIRE ESC STR
6:4-48,HTRI-R,L4,D,D/L4/5F/CM48/FIRE ESC STR
6:4-49,HFP-11,L4,D,D/L4/5F/SD49/CORR NR 5120
6:4-50,HFP-11,L4,D,D/L4/5F/SD50/CORR NR 5140
6:4-51,HFP-11,L4,D,D/L4/5F/SD51/CORR NR 5140
6:4-52,HFP-11,L4,D,D/L4/5F/SD52/CORR NR 5020
6:4-53,HFP-11,L4,D,D/L4/5F/SD53/CORR NR E.R.
6:4-54,HFP-11,L4,D,D/L4/5F/SD54/CORR NR E.R.
6:4-55,HFP-11,L4,D,D/L4/5F/SD55/ELECT RM SD
6:4-56,HTRI-R,L4,D,D/L4/5F/CM56/DR RELESE CM  
6:4-57,HMS-S/D/M/SA,L4,D,D/L4/5F/MCP57/FIRE SHAFT L.L.
6:4-58,HTRI-R,L4,D,D/L4/5F/CM58/FIRE SHAFT L.L.
6:4-59,HTRI-S,L4,D,D/L4/5F/MM59/FIRE SHAFT L.L.
6:4-60,HFP-11,L4,D,D/L4/5F/SD60/LIFT LOBBY SD
6:4-61,HFP-11,L4,D,D/L4/5F/SD61/LIFT LOBBY SD
6:4-62,HTRI-R,L4,D,D/L4/5F/CM62/DR RELESE NR AHU 
6:4-63,HFP-11,L4,D,D/L4/5F/SD63/AHU RM SD
6:4-64,HTRI-R,L4,D,D/L4/5F/CM64/AHU RM CM
6:4-65,HFP-11,L4,D,D/L4/5F/SD65/CORR NR AHU
6:4-66,HFP-11,L4,D,D/L4/5F/SD66/CORR NR AHU 
6:4-67,HFP-11,L4,D,D/L4/5F/SD67/CORR NR 5090
6:4-68,HFP-11,L4,D,D/L4/5F/SD68/CORR NR 5100
6:4-69,HFP-11,L4,D,D/L4/5F/SD69/CORR NR 5100
6:4-70,HFP-11,L4,D,D/L4/5F/SD70/CORR NR 5060
6:4-71,HFP-11,L4,D,D/L4/5F/SD71/CORR NR 5041
6:4-72,HFP-11,L4,D,D/L4/5F/SD72/CORR NR 5041
6:4-73,HFP-11,L4,D,D/L4/5F/SD73/CORR NR 5041
6:4-74,HFP-11,L4,D,D/L4/5F/SD74/CORR NR 5150
6:4-75,FDOT421,L4,D,D/L4/5F/SD75/CORR NR DE5150
6:4-76,HMS-S/D/M/SA,L4,D,D/L4/5F/MCP76/FIRE STR 5060
6:4-77,HTRI-R,L4,D,D/L4/5F/CM77/FIRE STR 5060
6:4-78,HFP-11,L4,D,D/L4/5F/SD78/ELECT RM SD
6:4-79,HTRI-R,L4,D,D/L4/5F/CM79/DR RELESE CM NR L.L
6:4-80,HFP-11,L4,D,D/L4/5F/SD80/AHU RM SD
6:4-81,HTRI-R,L4,D,D/L4/5F/CM81/AHU RM CM
6:4-82,HFP-11,L4,D,D/L4/5F/SD82/LIFT LOBBY SD
6:4-83,HMS-S/D/M/SA,L4,D,D/L4/5F/MCP83/FIRE SHAFT L.L.
6:4-84,HTRI-R,L4,D,D/L4/5F/CM84/FIRE SHAFT L.L.
6:4-85,HTRI-S,L4,D,D/L4/5F/MM85/FIRE SHAFT L.L.
6:4-86,HFP-11,L4,D,D/L4/DC4160/SD86/Pantry
6:4-87,HFP-11,L4,D,D/L4/DC4160/SD87/Assorter cab
6:4-88,HTRI-R,L4,D,D/L4/DC4160/CM88/Psg nr Entry
6:4-88,HTRI-R,L4,D,D/L4/DC4160/CM88/Psg nr Entry
6:4-89,HMS-S/D/M/SA,L4,D,D/L4/DC4160/MCP89/Psg nr Entry
6:4-90,HFP-11,L4,D,D/L4/DC4020/SD90/Main cab
6:4-91,HFP-11,L4,D,D/L4/DC4020/SD91/Main cab
6:4-92,HFP-11,L4,D,D/L4/DC4020/SD92/Assorter cab
6:4-93,HFP-11,L4,D,D/L4/DC4020/SD93/Assorter cab
6:4-94,HFP-11,L4,D,D/L4/DC4020/SD94/Psg nr Main cab
6:4-95,HFP-11,L4,D,D/L4/DC4020/SD95/Pantry
6:4-96,HFP-11,L4,D,D/L4/DC4020/SD96/Buyer cab
6:4-97,HFP-11,L4,D,D/L4/DC4020/SD97/Psg nr Entry
6:4-98,HTRI-R,L4,D,D/L4/DC4020/CM98/Psg nr Entry
6:4-99,HMS-S/D/M/SA,L4,D,D/L4/DC4020/MCP99/Psg nr Entry
6:4-100,HFP-11,L4,D,D/L4/DE4011/SD100/Conference rm
6:4-101,HFP-11,L4,D,D/L4/DE4011/SD101/Vishalbhai cab
6:4-102,HTRI-S,L4,D,D/L4/5F/MM102/DC5101
6:4-103,HTRI-S,L4,D,D/L4/5F/MM103/DC5102
6:4-104,HFP-11,L4,D,D/L4/DE4011/SD104/GoodsReceiptC
6:4-105,HMS-S/D/M/SA,L4,D,D/L4/DE4011/MCP105/PsgnNrWashRM
6:4-106,HTRI-S,L4,D,D/L4/5F/MM106/DC5060
6:4-107,HTRI-S,L4,D,D/L4/5F/MM107/DC5120
6:4-108,HFP-11,L4,D,D/L4/DC4160/SD108/MAIN CABIN
6:4-109,HFP-11,L4,D,D/L4/DC4160/SD109/ACCOUNT CABIN
6:4-110,HFP-11,L4,D,D/L4/DE4011/SD110/Dineshbhai cab
6:4-111,HTRI-S,L4,D,D/L4/5F/MM111/DC5090
6:4-112,HTRI-S,L4,D,D/L4/5F/MM112/DC5150B
6:4-113,HFP-11,L4,D,D/L4/DC4230/SD113/AccountDeptCab
6:4-114,HFP-11,L4,D,D/L4/DC4230/SD114/Account Dept
6:4-115,HTRI-S,L4,D,D/L4/5F/MM115/DC5020
6:4-116,HTRI-S,L4,D,D/L4/5F/MM116/DC5170
6:4-117,HTRI-S,L4,D,D/L4/5F/MM117/DC5010
6:4-118,HTRI-S,L4,D,D/L4/5F/MM118/DC5180
6:4-119,HFP-11,L4,D,D/L4/DC4230/SD119/Entry Psg
6:4-121,HTRI-S,L4,D,D/L4/4F/MM121/DC4082B
6:4-122,HTRI-S,L4,D,D/L4/5F/MM122/DE5080
6:4-123,HMS-S/D/M/SA,L4,D,D/L4/DC54230/MCP123/EntryPsgAFC
6:4-124,HTRI-S,L4,D,D/L4/5F/MM124/DE5070
6:4-125,HTRI-R,L4,D,D/L4/DC54230/CM125/Entry Psg
6:4-126,HTRI-S,L4,D,D/L4/5F/MM126/DE5110
6:4-127,HTRI-S,L4,D,D/L4/5F/MM127/DE5060
6:4-128,HTRI-S,L4,D,D/L4/5F/MM128/DC5191
6:4-129,HTRI-S,L4,D,D/L4/5F/MM129/DE5132
6:4-130,HTRI-S,L4,D,D/L4/5F/MM130/DE5131
6:4-131,HTRI-S,L4,D,D/L4/5F/MM131/DC4082A
6:4-132,HTRI-S,L4,D,D/L4/5F/MM132/DE5030
6:4-133,HTRI-S,L4,D,D/L4/5F/MM133/DE5020
6:4-134,HTRI-S,L4,D,D/L4/5F/MM134/DE5090A
6:4-135,HFP-11,L4,D,D/L4/DC4150/SD135/Main Cab
6:4-136,HTRI-S,L4,D,D/L4/5F/MM136/DE5010
6:4-137,HFP-11,L4,D,D/L4/DC4150/SD137/Assortor Cab
6:4-138,HMS-S/D/M/SA,L4,D,D/L4/DE4011/MCP138/Psg nr DC Ent
6:4-139,HTRI-S,L4,D,D/L4/4F/MM139/DC4200
6:4-140,HTRI-S,L4,D,D/L4/4F/MM140/DC4190
6:4-141,HTRI-S,L4,D,D/L4/4F/MM141/DC4180
6:4-142,HTRI-S,L4,D,D/L4/4F/MM142/DC4170
6:4-143,HTRI-S,L4,D,D/L4/4F/MM143/DC4210
6:4-144,HFP-11,L4,D,D/L4/DE4011/SD144/PankajBhaiCab
6:4-145,HMS-S/D/M/SA,L4,D,D/L4/DC4150/MCP145/EntryPsg
6:4-148,HTRI-S,L4,D,D/L4/4F/MM148/DC4142B
6:4-149,HTRI-S,L4,D,D/L4/4F/MM149/DC4010
6:4-151,HTRI-S,L4,D,D/L4/4F/MM151/DC4130
6:4-153,HTRI-S,L4,D,D/L4/4F/MM153/DC4120
6:4-154,HTRI-S,L4,D,D/L4/4F/MM154/DC4030
6:4-155,HTRI-S,L4,D,D/L4/4F/MM155/DC4040
6:4-156,HTRI-S,L4,D,D/L4/4F/MM156/DC4112
6:4-157,HTRI-S,L4,D,D/L4/4F/MM157/DC4111
6:4-160,HTRI-S,L4,D,D/L4/4F/MM160/DC4101
6:4-161,HMS-S/D/M/SA,L4,D,D/L4/DE4011/MCP161/Psg nr DE Ent
6:4-162,HTRI-R,L4,D,D/L4/DE4011/CM162/Psg nr DE Entr
6:4-163,HFP-11,L4,D,D/L4/DE4011/SD163/Sandipbhai cab
6:4-164,HFP-11,L4,D,D/L4/DE4011/SD164/PsgNrDineshCab
6:4-165,HFP-11,L4,D,D/L4/DC4150/SD165/Entry Psg
6:4-166,HFPT-11,L4,D,D/L4/DC5110/HD166/Pantry
6:4-167,HFP-11,L4,D,D/L4/DC5110/SD167/Accounts cab
6:4-168,HFP-11,L4,D,D/L4/DC5110/SD168/Boss cab
6:4-169,HFP-11,L4,D,D/L4/DC5110/SD169/Buyers cab
6:4-170,HFP-11,L4,D,D/L4/DC5110/SD170/Assorter cab
6:4-171,HTRI-R,L4,D,D/L4/DC5110/CM171/Psg nr Entry
6:4-172,HMS-S/D/M/SA,L4,D,D/L4/DC5110/MCP172/Psg nr Entry
6:4-173,HFP-11,L4,D,D/L4/DC5081/SD173/Psg nr meeting
6:4-174,HFP-11,L4,D,D/L4/DC4150/SD174/Pantry
6:4-175,HFPT-11,L4,D,D/L4/DC5081/HD175/Pantry
6:4-176,HFP-11,L4,D,D/L4/DC5081/SD176/Wash rm 
6:4-177,HTRI-R,L4,D,D/L4/DC5081/CM177/Psg nr Entry
6:4-178,HMS-S/D/M/SA,L4,D,D/L4/DC5081/MCP178/Psg nr Entry
6:4-179,HFP-11,L4,D,D/L4/DC5140/SD179/Assorter cab
6:4-180,HFP-11,L4,D,D/L4/DC5140/SD180/Main cab
6:4-181,HFP-11,L4,D,D/L4/DC5140/SD181/Account cab
6:4-182,HFP-11,L4,D,D/L4/DC5140/SD182/Psg nr Entranc
6:4-183,HFP-11,L4,D,D/L4/DC5140/SD183/Pantry
6:4-184,HTRI-R,L4,D,D/L4/DC5140/CM184/Psg nr Entry
6:4-184,HTRI-R,L4,D,D/L4/DC5140/CM184/Psg nr Entry
6:4-185,HMS-S/D/M/SA,L4,D,D/L4/DC5140/MCP185/Psg nr Entry
6:4-186,HFP-11,L4,D,D/L4/DC5160/SD186/Pantry
6:4-187,HFP-11,L4,D,D/L4/DC5160/SD187/Psg nr Entry
6:4-188,HFP-11,L4,D,D/L4/DC5160/SD188/Assorter cab
6:4-189,HFPT-11,L4,D,D/L4/DC5160/HD189/MD cab
6:4-190,HTRI-R,L4,D,D/L4/DC5160/CM190/Psg nr Entry
6:4-191,HMS-S/D/M/SA,L4,D,D/L4/DC5160/MCP191/Psg nr Entry
6:4-192,HFP-11,L4,D,D/L4/DC5081/SD192/Vijaybhai cab
6:4-193,HFP-11,L4,D,D/L4/DC5081/SD193/Conference rm
6:4-194,HFP-11,L4,D,D/L4/DC5081/SD194/Manjeet cab
6:4-195,HFP-11,L4,D,D/L4/DC5081/SD195/Dhara cab
6:4-196,HFP-11,L4,D,D/L4/DC5081/SD196/Vandana cab
6:4-197,HFP-11,L4,D,D/L4/DC5081/SD197/Hub rm cab
6:4-198,HFP-11,L4,D,D/L4/DC5081/SD198/Hub rm cab
6:4-199,HFP-11,L4,D,D/L4/DC5081/SD199/NRK cab Toilet
6:4-200,HFP-11,L4,D,D/L4/DC5081/SD200/NRK cab 
6:4-201,HFP-11,L4,D,D/L4/DC5081/SD201/Psg nr NRK cab
6:4-202,HFP-11,L4,D,D/L4/DC5081/SD202/Deepak shah ca
6:4-203,HFP-11,L4,D,D/L4/DC5081/SD203/Secreatory cab
6:4-204,HFP-11,L4,D,D/L4/DC5081/SD204/Rahulbhai cab
6:4-205,HTRI-R,L4,D,D/L4/DC4150/CM205/Entry Psg AFC
6:4-206,HFP-11,L4,D,D/L4/DC5081/SD206/Dilipbhai cab
6:4-207,HFP-11,L4,D,D/L4/DC5081/SD207/Niyazbhai cab
6:4-208,HFP-11,L4,D,D/L4/DC5081/SD208/Meeting rm
6:4-209,HFP-11,L4,D,D/L4/DC5030/SD209/Main cab
6:4-210,HFP-11,L4,D,D/L4/DC5030/SD210/Account cab
6:4-211,HFP-11,L4,D,D/L4/DC5030/SD211/Psg nr Account
6:4-212,HFP-11,L4,D,D/L4/DC5030/SD212/Assorter cab
6:4-213,HFP-11,L4,D,D/L4/DC5030/SD213/Psg nr Entry
6:4-214,HTRI-R,L4,D,D/L4/DC5030/CM214/Psg nr Entry
6:4-215,HMS-S/D/M/SA,L4,D,D/L4/DC5030/MCP215/Psg nr Entry
6:4-216,HFP-11,L4,D,D/L4/DC5040/SD216/Pantry
6:4-217,HFP-11,L4,D,D/L4/DC5040/SD217/Main cab
6:4-218,HFP-11,L4,D,D/L4/DC5040/SD218/Cab 2
6:4-219,HFP-11,L4,D,D/L4/DC5040/SD219/Cab 1
6:4-220,HTRI-R,L4,D,D/L4/DC5040/CM220/Psg nr Entry
6:4-221,HMS-S/D/M/SA,L4,D,D/L4/DC5040/MCP221/Psg nr Entry
6:4-222,HFP-11,L4,D,D/L4/DE4011/SD222/Pantry
6:4-223,HFP-11,L4,D,D/L4/DE4011/SD223/Pantry
6:4-224,HFP-11,L4,D,D/L4/DE4011/SD224/Rajkumarbhai c
6:4-225,HFP-11,L4,D,D/L4/DE4011/SD225/KGK Gems
6:4-226,HFP-11,L4,D,D/L4/DE4011/SD226/Gauravbhai cab
6:4-227,HFP-11,L4,D,D/L4/DE4011/SD227/Piyushbhai cab
6:4-228,HFP-11,L4,D,D/L4/DE4011/SD228/Harshal bhaiCa
6:4-229,HFP-11,L4,D,D/L4/DC5070/SD229/Main cab
6:4-230,HFP-11,L4,D,D/L4/DC5070/SD230/Account cab
6:4-231,HFP-11,L4,D,D/L4/DC5070/SD231/Pantry
6:4-232,HFP-11,L4,D,D/L4/DC5070/SD232/Entry Psg
6:4-233,HFP-11,L4,D,D/L4/DC5070/SD233/Assorter cab
6:4-234,HTRI-R,L4,D,D/L4/DC5070/CM234/Psg nr Entry
6:4-235,HMS-S/D/M/SA,L4,D,D/L4/DC5070/MCP235/Psg nr Entry
6:4-236,HFP-11,L4,D,D/L4/DE4011/SD236/Rudrabhai cab
6:4-237,HFP-11,L4,D,D/L4/DE4011/SD237/Client rm 4 ca
6:4-238,HFP-11,L4,D,D/L4/DE4011/SD238/Client rm 3 ca
6:4-239,HFP-11,L4,D,D/L4/DE4011/SD239/Client rm 2 ca
6:4-240,HFP-11,L4,D,D/L4/DE4011/SD240/Client rm 1 ca
6:4-241,HFP-11,L4,D,D/L4/DE4011/SD241/Assorter cab 1
6:4-242,HFP-11,L4,D,D/L4/DE4011/SD242/Assorter cab 2
6:4-243,HFP-11,L4,D,D/L4/DE4011/SD243/Server rm
6:4-244,HFP-11,L4,D,D/L4/DE4011/SD244/AssoterCab2
6:4-245,HFP-11,L4,D,D/L4/DE4011/SD245/PsgNrClient1 
6:4-246,HFP-11,L4,D,D/L4/DE4011/SD246/Stock RM
6:4-249,HFP-11,L4,D,D/L4/DE4011/SD249/Psg nr counter
6:4-150,FDOT421,L4,D,D/L4/DE4011/SD150/PsgNrClientRM6
6:4-120,FDOT421,L4,D,D/L4/DE4011/SD120/PsgNrWashRM
6:4-146,FDOT421,L4,D,D/L4/DE4011/SD146/ClientRM5RM
6:4-147,FDOT421,L4,D,D/L4/DE4011/SD147/Clientrm6Cab
6:4-152,FDOT421,L4,D,D/L4/DE4011/SD152/PsgNrHarshalBh
6:4-158,FDOT421,L4,D,D/L4/DE4011/SD158/WarehouseCab
6:4-159,FDOT421,L4,D,D/L4/DE4011/SD159/Atulbhai cab
6:4-247,FDOT421,L4,D,D/L4/DE4011/SD247/Nilesh RM
6:4-248,FDOT421,L4,D,D/L4/DE4011/SD248/PsgNrNilesh
6:4-250,FDOT421,L4,D,D/L4/DE4011/SD250/Reception Area
6:4-251,FDOT421,L4,D,D/L4/DE4011/SD251/AbhishekbhaiC1
6:4-252,FDOT421,L4,D,D/L4/DE4011/SD251/AbhishekbhaiC2
6:5-1,HFP-11,L5,D,D/L5/WC/4F/SD1/CORR NR CW 4092
6:5-2,HFP-11,L5,D,D/L5/WC/4F/SD2/CORR NR CW 4090
6:5-3,HFP-11,L5,D,D/L5/WC/4F/SD3/CORR NR CW 4110
6:5-4,HFP-11,L5,D,D/L5/WC/4F/SD4/CORR NR CW 4120
6:5-5,HFP-11,L5,D,D/L5/WC/4F/SD5/CORR NR CW 4120
6:5-6,HFP-11,L5,D,D/L5/WC/4F/SD6/ELECT RM SD
6:5-9,FDOT421,L5,D,D/L5/WC/4F/SD9/CORR NR ELECT RM
6:5-10,HFP-11,L5,D,D/L5/WC/4F/SD10/CORR NR E.R.
6:5-11,HTRI-R,L5,D,D/L5/WC/4F/CM11/DR RELESE CM
6:5-12,HFP-11,L5,D,D/L5/WC/4F/SD12/LIFT LOBBY SD
6:5-13,HFP-11,L5,D,D/L5/WC/4F/SD13/LIFT LOBBY SD
6:5-14,HTRI-R,L5,D,D/L5/WC/4F/CM14/FIRE SHAFT L.L.
6:5-15,HMS-S/D/M/SA,L5,D,D/L5/WC/4F/MCP15/FIRE SHAFT L.L.
6:5-16,HTRI-S,L5,D,D/L5/WC/4F/MM16/FIRE SHAFT L.L.
6:5-17,HTRI-R,L5,D,D/L5/WC/4F/CM17/DR RELESE CM
6:5-18,FDOT421,L5,D,D/L5/WC/4F/SD18/CORR NR DC 4081
6:5-19,HFP-11,L5,D,D/L5/WC/4F/SD19/CORR NR DW 4011
6:5-20,HFP-11,L5,D,D/L5/WC/4F/SD20/CORR NR DW 4021
6:5-21,HFP-11,L5,D,D/L5/WC/4F/SD21/CORR NR DW 4021
6:5-22,HFP-11,L5,D,D/L5/WC/4F/SD22/AHU RM SD
6:5-23,HTRI-R,L5,D,D/L5/WC/4F/CM23/AHU RM CM
6:5-24,HFP-11,L5,D,D/L5/WC/4F/SD24/CORR NR AHU 
6:5-25,HTRI-R,L5,D,D/L5/WC/4F/CM25/FIRE ESC STR 
6:5-26,HMS-S/D/M/SA,L5,D,D/L5/WC/4F/MCP26/FIRE ESC STR 
6:5-27,HFP-11,L5,D,D/L5/WC/4F/SD27/CORR NR DW 4060
6:5-28,HFP-11,L5,D,D/L5/WC/4F/SD28/CORR NR DW 4310
6:5-29,HFP-11,L5,D,D/L5/WC/4F/SD29/CORR NR DW 4080
6:5-30,HFP-11,L5,D,D/L5/WC/4F/SD30/CORR NR DW 4101
6:5-31,HFP-11,L5,D,D/L5/WC/4F/SD31/CORR NR DW 4260
6:5-32,HFP-11,L5,D,D/L5/WC/4F/SD32/CORR NR DW 4260
6:5-33,HFP-11,L5,D,D/L5/WC/3F/SD33/CORR NR CW 3100
6:5-34,HFP-11,L5,D,D/L5/WC/3F/SD34/CORR NR 3110
6:5-35,HFP-11,L5,D,D/L5/WC/3F/SD35/CORR NR 3110
6:5-36,HFP-11,L5,D,D/L5/WC/3F/SD36/CORR NR 3130
6:5-37,HFP-11,L5,D,D/L5/WC/3F/SD37/CORR NR 3150
6:5-38,HFP-11,L5,D,D/L5/WC/3F/SD38/ELECT RM SD
6:5-39,HTRI-R,L5,D,D/L5/WC/3F/CM39/DR RELESE CM
6:5-40,HFP-11,L5,D,D/L5/WC/3F/SD40/LIFT LOBBY SD
6:5-41,HFP-11,L5,D,D/L5/WC/3F/SD41/LIFT LOBBY SD
6:5-42,HTRI-R,L5,D,D/L5/WC/3F/CM42/FIRE SHAFT L.L.
6:5-43,HMS-S/D/M/SA,L5,D,D/L5/WC/3F/MCP43/FIRE SHAFT L.L.
6:5-44,HTRI-S,L5,D,D/L5/WC/3F/MM44/FIRE SHAFT L.L.
6:5-45,HFP-11,L5,D,D/L5/WC/3F/SD45/SMALL CORR 
6:5-46,HFP-11,L5,D,D/L5/WC/3F/SD46/CORR NR AHU 
6:5-47,HFP-11,L5,D,D/L5/WC/3F/SD47/CORR NR AHU
6:5-48,HFP-11,L5,D,D/L5/WC/3F/SD48/AHU RM SD
6:5-49,HTRI-R,L5,D,D/L5/WC/3F/CM49/AHU RM CM
6:5-49,HTRI-R,L5,D,D/L5/WC/3F/CM49/AHU RM CM
6:5-50,HFP-11,L5,D,D/L5/WC/3F/SD50/CORR NR DW 3030
6:5-51,HFP-11,L5,D,D/L5/WC/3F/SD51/CORR NR DW 3050
6:5-52,HFP-11,L5,D,D/L5/WC/3F/SD52/CORR NR 3060
6:5-53,HFP-11,L5,D,D/L5/WC/3F/SD53/CORR NR CURVE
6:5-54,HFP-11,L5,D,D/L5/WC/3F/SD54/CORR NR CURVE
6:5-55,HFP-11,L5,D,D/L5/WC/3F/SD55/CORR NR CURVE
6:5-58,HTRI-R,L5,D,D/L5/WC/3F/CM58/FIRE ESC STR
6:5-59,HMS-S/D/M/SA,L5,D,D/L5/WC/3F/MCP59/FIRE ESC STR
6:5-60,HFP-11,L5,D,D/L5/WC/3F/SD60/CORR NR DW 3130
6:5-61,HFP-11,L5,D,D/L5/WC/3F/SD61/CORR NR 
6:5-62,HFP-11,L5,D,D/L5/WC/3F/SD62/CORR NR 3150
6:5-63,HFP-11,L5,D,D/L5/WC/3F/SD63/CORR NR 3370
6:5-64,HFP-11,L5,D,D/L5/WC/3F/SD64/CORR NR 3340
6:5-65,HFP-11,L5,D,D/L5/WC/3F/SD65/CORR NR 3350
6:5-66,HTRI-R,L5,D,D/L5/WC/3F/CM66/DR RELESE CM
6:5-67,HFP-11,L5,D,D/L5/DW3050/SD67/MAIN CAB
6:5-68,HFP-11,L5,D,D/L5/DW3050/SD68/ASSORTER  CAB 1
6:5-69,HFP-11,L5,D,D/L5/DW3050/SD69/ASSORTER  CAB 2
6:5-70,HFP-11,L5,D,D/L5/DW3050/SD70/PSG NR ASSORTER
6:5-71,HFP-11,L5,D,D/L5/DW3050/SD71/PANTRY
6:5-72,HMS-S/D/M/SA,L5,D,D/L5/DW3050/MCP72/ENTRY PSG
6:5-73,HTRI-R,L5,D,D/L5/DW3050/CM73/ENTRY PSG AFC
6:5-74,HFP-11,L5,D,D/L5/DW3400/SD74/MAIN CAB
6:5-75,HFP-11,L5,D,D/L5/DW3400/SD75/Entry Psg
6:5-76,HFP-11,L5,D,D/L5/DW3400/SD76/Entry Psg
6:5-77,HMS-S/D/M/SA,L5,D,D/L5/DW3400/MCP77/Entry Psg
6:5-78,HTRI-R,L5,D,D/L5/DW3400/CM78/Entry Psg
6:5-82,HTRI-S,L5,D,D/L5/4F/MM82/CW4091
6:5-83,HTRI-S,L5,D,D/L5/4F/MM83/CW4092
6:5-85,HTRI-S,L5,D,D/L5/4F/MM85/CW4100
6:5-87,HTRI-S,L5,D,D/L5/4F/MM87/CW4160
6:5-89,HTRI-S,L5,D,D/L5/4F/MM89/CW4130
6:5-90,HTRI-S,L5,D,D/L5/4F/MM90/CW4140
6:5-91,HTRI-S,L5,D,D/L5/4F/MM91/CW4150
6:5-92,HTRI-S,L5,D,D/L5/4F/MM92/DW4082
6:5-95,HTRI-S,L5,D,D/L5/4F/MM95/DW4021
6:5-96,HTRI-S,L5,D,D/L5/4F/MM96/DC4081
6:5-97,HTRI-S,L5,D,D/L5/4F/MM97/DW4022
6:5-98,HTRI-S,L5,D,D/L5/4F/MM98/DW4030
6:5-101,HTRI-S,L5,D,D/L5/4F/MM101/DW4083
6:5-104,HTRI-S,L5,D,D/L5/4F/MM104/DW4310
6:5-108,HTRI-S,L5,D,D/L5/4F/MM108/DW4290
6:5-109,HTRI-S,L5,D,D/L5/4F/MM109/DW4091
6:5-111,HTRI-S,L5,D,D/L5/4F/MM111/DW4280
6:5-112,HTRI-S,L5,D,D/L5/4F/MM112/DW4270
6:5-114,HTRI-S,L5,D,D/L5/4F/MM114/DW4111
6:5-119,HTRI-S,L5,D,D/L5/3F/MM119/DW3350
6:5-120,HTRI-S,L5,D,D/L5/3F/MM120/DW3190
6:5-121,HTRI-S,L5,D,D/L5/3F/MM121/DW3180
6:5-123,HTRI-S,L5,D,D/L5/3F/MM123/DW3370
6:5-128,HTRI-S,L5,D,D/L5/3F/MM128/DW3150
6:5-131,HTRI-S,L5,D,D/L5/3F/MM131/DW3130
6:5-132,HTRI-S,L5,D,D/L5/3F/MM132/DW3120
6:5-136,HTRI-S,L5,D,D/L5/3F/MM136/DW3080
6:5-137,HTRI-S,L5,D,D/L5/3F/MM137/DW3070
6:5-138,HTRI-S,L5,D,D/L5/3F/MM138/DW3170
6:5-139,HTRI-S,L5,D,D/L5/3F/MM139/DW3060
6:5-141,HTRI-S,L5,D,D/L5/3F/MM141/DW3410B
6:5-142,HTRI-S,L5,D,D/L5/3F/MM142/DW3040
6:5-145,HTRI-S,L5,D,D/L5/3F/MM145/DW3010
6:5-147,HTRI-S,L5,D,D/L5/3F/MM147/CW3150
6:5-150,HTRI-S,L5,D,D/L5/3F/MM150/CW3090
6:5-151,HTRI-S,L5,D,D/L5/3F/MM151/CW3120
6:5-152,HTRI-S,L5,D,D/L5/3F/MM152/CW3110
6:5-154,HTRI-S,L5,D,D/L5/3F/MM154/CW3090C
6:5-155,HFPT-11,L5,D,D/L5/CW4120/HD155/Pantry
6:5-156,HFP-11,L5,D,D/L5/CW4120/SD156/Cab 1
6:5-157,HFP-11,L5,D,D/L5/CW4120/SD157/Cab 2
6:5-158,HFP-11,L5,D,D/L5/CW4120/SD158/Main cabin
6:5-159,HFP-11,L5,D,D/L5/CW4120/SD159/Psg nr Main ca
6:5-160,HTRI-R,L5,D,D/L5/CW4120/CM160/Psg nr Entry D
6:5-161,HMS-S/D/M/SA,L5,D,D/L5/CW4120/MCP161/Psg nr Entry 
6:5-162,HFP-11,L5,D,D/L5/CW4110/SD162/Pantry
6:5-163,HFP-11,L5,D,D/L5/CW4110/SD163/Psg nr cab
6:5-164,HFP-11,L5,D,D/L5/CW4110/SD164/Main cab
6:5-165,HFP-11,L5,D,D/L5/CW4110/SD165/Cab 1
6:5-166,HFP-11,L5,D,D/L5/CW4110/SD166/Cab 2
6:5-167,HTRI-R,L5,D,D/L5/CW4110/CM167/Psg nr Entry D
6:5-168,HMS-S/D/M/SA,L5,D,D/L5/CW4110/MCP168/Psg nr Entry 
6:5-169,HFP-11,L5,D,D/L5/CW3130/SD169/Main cab
6:5-170,HFP-11,L5,D,D/L5/CW3130/SD170/Accounts cab
6:5-171,HFP-11,L5,D,D/L5/CW3130/SD171/Psg nr main ca
6:5-172,HFP-11,L5,D,D/L5/CW3130/SD172/Psg nr ent
6:5-173,HTRI-R,L5,D,D/L5/CW3130/CM173/Psg nr ent
6:5-174,HMS-S/D/M/SA,L5,D,D/L5/CW3130/MCP174/Psg nr ent
6:5-175,HFP-11,L5,D,D/L5/CW3140/SD175/Pantry
6:5-176,HFP-11,L5,D,D/L5/CW3140/SD176/Psg nr Account
6:5-177,HFP-11,L5,D,D/L5/CW3140/SD177/Accounts cab
6:5-178,HFP-11,L5,D,D/L5/CW3140/SD178/Assorter cab
6:5-179,HFP-11,L5,D,D/L5/CW3140/SD179/Psg nr Assorte
6:5-180,HFP-11,L5,D,D/L5/CW3140/SD180/Main cab
6:5-181,HTRI-R,L5,D,D/L5/CW3140/CM181/Psg nr Entry D
6:5-182,HMS-S/D/M/SA,L5,D,D/L5/CW3140/MCP182/Psg nr Entry 
6:5-183,HFP-11,L5,D,D/L5/CW4180/SD183/Pantry
6:5-184,HFP-11,L5,D,D/L5/CW4180/SD184/Cab 1
6:5-185,HFP-11,L5,D,D/L5/CW4180/SD185/Cab 2
6:5-186,HTRI-R,L5,D,D/L5/CW4180/CM186/Psg nr Entry D
6:5-187,HMS-S/D/M/SA,L5,D,D/L5/CW4180/MCP187/Psg nr Entry 
6:5-195,HFP-11,L5,D,D/L5/CW4170/SD195/Pantry
6:5-196,HFP-11,L5,D,D/L5/CW4170/SD196/Assorter cab
6:5-197,HFP-11,L5,D,D/L5/CW4170/SD197/Main cab
6:5-198,HTRI-R,L5,D,D/L5/CW4170/CM198/Psg nr Entry D
6:5-199,HMS-S/D/M/SA,L5,D,D/L5/CW4170/MCP199/Psg nr Entry 
6:5-200,HFP-11,L5,D,D/L5/DW4011/SD200/Sales cab 1
6:5-201,HFP-11,L5,D,D/L5/DW4011/SD201/Purchase cab
6:5-202,HFP-11,L5,D,D/L5/DW4011/SD202/Psg nr Purchas
6:5-203,HFP-11,L5,D,D/L5/DW4011/SD203/Main Cabin
6:5-204,HFP-11,L5,D,D/L5/DW4011/SD204/Main cab
6:5-205,HFP-11,L5,D,D/L5/DW4011/SD205/Main cab
6:5-206,HFP-11,L5,D,D/L5/DW4011/SD206/Assorter cab
6:5-209,HFP-11,L5,D,D/L5/DW4011/SD209/Account cab
6:5-210,HFP-11,L5,D,D/L5/DW4011/SD210/Pantry
6:5-211,HTRI-R,L5,D,D/L5/DW4011/CM211/Psg nr Entry
6:5-212,HMS-S/D/M/SA,L5,D,D/L5/DW4011/MCP212/Psg nr Entry
6:5-213,HFP-11,L5,D,D/L5/DW4040/SD213/Psg nr Entry
6:5-214,HFP-11,L5,D,D/L5/DW4040/SD214/Accounts Dept
6:5-215,HFP-11,L5,D,D/L5/DW4040/SD215/Buyers cab
6:5-216,HFP-11,L5,D,D/L5/DW4040/SD216/Executive cab
6:5-217,HFP-11,L5,D,D/L5/DW4040/SD217/Pantry
6:5-218,HTRI-R,L5,D,D/L5/DW4040/CM218/Psg nr Entry
6:5-219,HMS-S/D/M/SA,L5,D,D/L5/DW4040/MCP219/Psg nr Entry
6:5-220,HFP-11,L5,D,D/L5/DW4051/SD220/Psg nr Entry
6:5-221,HFP-11,L5,D,D/L5/DW4051/SD221/Reception
6:5-222,HFP-11,L5,D,D/L5/DW4051/SD222/Accounts cab
6:5-223,HFP-11,L5,D,D/L5/DW4051/SD223/Psg nr Account
6:5-224,HFP-11,L5,D,D/L5/DW4051/SD224/E marketing ca
6:5-225,HFP-11,L5,D,D/L5/DW4051/SD225/Buyers cab
6:5-226,HFP-11,L5,D,D/L5/DW4051/SD226/Main cab
6:5-227,HFP-11,L5,D,D/L5/DW4051/SD227/Stock cab
6:5-228,HFP-11,L5,D,D/L5/DW4051/SD228/Psg nr Main ca
6:5-229,HTRI-R,L5,D,D/L5/DW4051/CM229/Psg nr Entry
6:5-230,HMS-S/D/M/SA,L5,D,D/L5/DW4051/MCP230/Psg nr Entry
6:5-231,HFP-11,L5,D,D/L5/DW4052/SD231/Pantry
6:5-232,HFP-11,L5,D,D/L5/DW4052/SD232/Accounts cab
6:5-233,HFP-11,L5,D,D/L5/DW4052/SD233/Assorter cab
6:5-234,HFP-11,L5,D,D/L5/DW4052/SD234/Main cab
6:5-235,HFP-11,L5,D,D/L5/DW4052/SD235/Psg nr Entry
6:5-236,HTRI-R,L5,D,D/L5/DW4052/CM236/Psg nr Entry
6:5-237,HMS-S/D/M/SA,L5,D,D/L5/DW4052/MCP237/Psg nr Entry
6:5-238,HTRI-S,L5,D,D/L5/3F/MM238/DW3170
6:5-241,HFP-11,L5,D,D/L5/DW4300/SD241/Entry Psg
6:5-242,HFP-11,L5,D,D/L5/DW4300/SD242/Main Cabin
6:5-243,HFP-11,L5,D,D/L5/DW4300/SD243/Cabin 1
6:5-244,HMS-S/D/M/SA,L5,D,D/L5/DW4300/MCP244/Entry Psg
6:5-245,HTRI-R,L5,D,D/L5/DW4300/CM245/Entry Psg AFC
6:7-1,HFP-11,L7,D,D/L7/WC/6F/SD1/CORR NR CW 6142
6:7-2,HFP-11,L7,D,D/L7/WC/6F/SD2/CORR NR CW 6142
6:7-3,HFP-11,L7,D,D/L7/WC/6F/SD3/CORR NR CW 6090
6:7-4,HFP-11,L7,D,D/L7/WC/6F/SD4/CORR NR CW 6100
6:7-5,HFP-11,L7,D,D/L7/WC/6F/SD5/CORR NR CW 6110
6:7-6,HFP-11,L7,D,D/L7/WC/6F/SD6/ELECT RM SD
6:7-7,HTRI-R,L7,D,D/L7/WC/6F/CM7/DR RELESE CM
6:7-8,HFP-11,L7,D,D/L7/WC/6F/SD8/LIFT LOBBY SD
6:7-9,HFP-11,L7,D,D/L7/WC/6F/SD9/LIFT LOBBY SD
6:7-10,HTRI-R,L7,D,D/L7/WC/6F/CM10/FIRE SHAFT L.L.
6:7-11,HMS-S/D/M/SA,L7,D,D/L7/WC/6F/MCP11/FIRE SHAFT L.L.
6:7-12,HTRI-S,L7,D,D/L7/WC/6F/MM12/FIRE SHAFT L.L.
6:7-13,HTRI-R,L7,D,D/L7/WC/6F/CM13/DR RELESE CM
6:7-14,HFP-11,L7,D,D/L7/WC/6F/SD14/CORR NR DW 6369
6:7-15,HFP-11,WC,DL7,DL7/WC/6F/SD15/CORR NR DW 6100
6:7-16,HFP-11,L7,D,D/L7/WC/6F/SD16/CORR NR DR
6:7-17,HFP-11,L7,D,D/L7/WC/6F/SD17/AHU RM SD
6:7-18,HTRI-R,L7,D,D/L7/WC/6F/CM18/AHU RM CM
6:7-19,HFP-11,L7,D,D/L7/WC/6F/SD19/CORR NR DW 6010
6:7-20,HFP-11,L7,D,D/L7/WC/6F/SD20/CORR NR DW 6031
6:7-21,HFP-11,L7,D,D/L7/WC/6F/SD21/CORR NR DW 6031
6:7-22,HFP-11,L7,D,D/L7/WC/6F/SD22/CORR NR 6031
6:7-23,HFP-11,L7,D,D/L7/WC/6F/SD23/CORR CURVE SIDE
6:7-24,HFP-11,L7,D,D/L7/WC/6F/SD24/CORR CURVE SIDE
6:7-28,HTRI-S,L7,D,D/L7/6F/MM28/DW6010
6:7-29,HTRI-R,L7,D,D/L7/WC/6F/CM29/STR NR DW 6070
6:7-30,HMS-S/D/M/SA,L7,D,D/L7/WC/6F/MCP30/STR NR DW 6070
6:7-32,HFP-11,L7,D,D/L7/WC/6F/SD32/CORR NR DW 6090
6:7-33,HFP-11,L7,D,D/L7/WC/6F/SD33/CORR NR DW 6340
6:7-34,HFP-11,L7,D,D/L7/WC/6F/SD34/CORR NR DW 6120
6:7-35,HFP-11,L7,D,D/L7/WC/6F/SD35/CORR NR DW 6120
6:7-36,HFP-11,L7,D,D/L7/WC/6F/SD36/CORR NR DW 6140
6:7-37,HFP-11,L7,D,D/L7/WC/5F/SD37/CORR NR 5092
6:7-38,HFP-11,L7,D,D/L7/WC/5F/SD38/CORR NR 5092
6:7-39,HFP-11,L7,D,D/L7/WC/5F/SD39/CORR NR 5100
6:7-40,HFP-11,L7,D,D/L7/WC/5F/SD40/CORR NR S/13
6:7-41,HFP-11,L7,D,D/L7/WC/5F/SD41/CORR NR S/20
6:7-42,HFP-11,L7,D,D/L7/WC/5F/SD42/ELECT RM SD
6:7-43,HTRI-R,L7,D,D/L7/WC/5F/CM43/DR RELESE CM
6:7-44,HFP-11,L7,D,D/L7/WC/5F/SD44/LIFT LOBBY SD
6:7-45,HFP-11,L7,D,D/L7/WC/5F/SD45/LIFT LOBBY SD
6:7-46,HTRI-R,L7,D,D/L7/WC/5F/CM46/FIRE SHAFT L.L.
6:7-47,HMS-S/D/M/SA,L7,D,D/L7/WC/5F/MCP47/FIRE SHAFT L.L.
6:7-48,HTRI-S,L7,D,D/L7/WC/5F/MM48/FIRE SHAFT L.L.
6:7-49,HTRI-R,L7,D,D/L7/WC/5F/CM49/DR RELESE CM
6:7-50,HFP-11,L7,D,D/L7/WC/5F/SD50/CORR NR DWS/28
6:7-51,HFP-11,L7,D,D/L7/WC/5F/SD51/AHU RM SD
6:7-52,HTRI-R,L7,D,D/L7/WC/5F/CM52/AHU RM CM
6:7-53,HFP-11,L7,D,D/L7/WC/5F/SD53/CORR NR DR
6:7-54,HFP-11,L7,D,D/L7/WC/5F/SD54/CORR NR AHU
6:7-55,HFP-11,L7,D,D/L7/WC/5F/SD55/CORR NR 5012
6:7-56,HFP-11,L7,D,D/L7/WC/5F/SD56/CORR NR CURVE
6:7-57,HFP-11,L7,D,D/L7/WC/5F/SD57/CORR NR CURVE
6:7-58,HFP-11,L7,D,D/L7/WC/5F/SD58/CORR 
6:7-59,HFPT-11,L7,D,D/L7/HD59/CW6130/PANTRY
6:7-62,HTRI-R,L7,D,D/L7/WC/5F/CM62/FIRE STAIR CASE 
6:7-63,HMS-S/D/M/SA,L7,D,D/L7/WC/5F/MCP63/FIRE STAIR CASE
6:7-64,HFP-11,L7,D,D/L7/WC/5F/SD64/CORR NR DW 5080
6:7-65,HFP-11,L7,D,D/L7/WC/5F/SD65/CORR NR 5340
6:7-66,HFP-11,L7,D,D/L7/WC/5F/SD66/CORR NR 5340
6:7-67,HFP-11,L7,D,D/L7/WC/5F/SD67/CORR NR 5140
6:7-68,HFP-11,L7,D,D/L7/WC/5F/SD68/CORR NR 5140
6:7-69,HFP-11,L7,D,D/L7/WC/5F/SD69/CORR NR 5140
6:7-70,HFP-11,L7,D,D/L7/WC/5F/SD70/CORR NR 5290
6:7-71,HFP-11,L7,D,D/L7/DW6340/SD71/Cab 1
6:7-72,HFP-11,L7,D,D/L7/DW6340/SD72/Cab 2
6:7-73,HFP-11,L7,D,D/L7/DW6340/SD73/Psg nr Entry
6:7-74,HTRI-R,L7,D,D/L7/DW6340/CM74/Psg nr Entry dr
6:7-75,HMS-S/D/M/SA,L7,D,D/L7/DW6340/MCP75/Psg nr Entry d
6:7-77,HFP-11,L7,D,D/L7/DW6330/SD77/Pantry
6:7-78,HFP-11,L7,D,D/L7/DW6330/SD78/Main cab
6:7-79,HFP-11,L7,D,D/L7/DW6330/SD79/Accounts cab
6:7-80,HTRI-R,L7,D,D/L7/DW6330/CM80/Psg nr Entry
6:7-81,HMS-S/D/M/SA,L7,D,D/L7/DW6330/MCP81/Psg nr Entry
6:7-85,HTRI-S,L7,D,D/L7/D/6F/MM85/CW6071
6:7-86,HTRI-S,L7,D,D/L7/6F/MM86/CW6142
6:7-87,HTRI-S,L7,D,D/L7/6F/MM87/CW6072
6:7-88,HTRI-S,L7,D,D/L7/6F/MM88/CW6080
6:7-89,HTRI-S,L7,D,D/L7/6F/MM89/CW6141
6:7-90,HTRI-S,L7,D,D/L7/6F/MM90/CW6090
6:7-91,HTRI-S,L7,D,D/L7/WC/6F/MM91/CW6092A
6:7-93,HTRI-S,L7,D,D/L7/6F/MM93/CW6110
6:7-94,HTRI-S,L7,D,D/L7/WC/6F/MM94/CW6120
6:7-97,HTRI-S,L7,D,D/L7/6F/MM97/DW6362
6:7-100,HTRI-S,L7,D,D/L7/6F/MM100/DW6020
6:7-101,HTRI-S,L7,D,D/L7/6F/MM101/DW6031
6:7-106,HTRI-S,L7,D,D/L7/6F/MM106/DW6060
6:7-107,HTRI-S,L7,D,D/L7/6F/MM107/DW6110
6:7-108,HFP-11,L7,D,D/L7/SD108/CW6130/MAIN CABIN
6:7-109,HFP-11,L7,D,D/L7/SD109/CW6130/CABIN 1
6:7-110,HFP-11,L7,D,D/L7/SD110/CW6130/CABIN 2
6:7-111,HFP-11,L7,D,D/L7/SD111/CW6130/CABIN 3
6:7-112,HTRI-S,L7,D,D/L7/6F/MM112/DW6100
6:7-113,HFP-11,L7,D,D/L7/DW6080/SD113/Pantry
6:7-114,HFP-11,L7,D,D/L7/SD114/CW6130/PSG NR PANTRY
6:7-115,HMS-S/D/M/SA,L7,D,D/L7/MCP115/CW6130/ENTRY PSG
6:7-116,HTRI-S,L7,D,D/L7/6F/MM116/DW6130
6:7-117,HTRI-S,L7,D,D/L7/6F/MM117/DW6320
6:7-118,HTRI-R,L7,D,D/L7/CM118/CW6130/ENTRY PSG AFC
6:7-119,HTRI-S,L7,D,D/L7/6F/MM119/DW6140
6:7-120,HTRI-S,L7,D,D/L7/6F/MM120/DW6300
6:7-121,HTRI-S,L7,D,D/L7/6F/MM121/DW6150
6:7-122,HTRI-S,L7,D,D/L7/6F/MM122/DW6160
6:7-123,HTRI-S,L7,D,D/L7/6F/MM123/DW6290
6:7-124,HTRI-S,L7,D,D/L7/5F/MM124/DW5160
6:7-126,HTRI-S,L7,D,D/L7/5F/MM126/DW5300
6:7-129,HTRI-S,L7,D,D/L7/5F/MM129/DW5310
6:7-130,HTRI-S,L7,D,D/L7/5F/MM130/DW5320
6:7-131,HTRI-S,L7,D,D/L7/5F/MM131/DW5130
6:7-132,HTRI-S,L7,D,D/L7/5F/MM132/DW5120
6:7-134,HTRI-S,L7,D,D/L7/5F/MM134/DW5110
6:7-135,HTRI-S,L7,D,D/L7/5F/MM135/DW5100
6:7-136,HTRI-S,L7,D,D/L7/5F/MM136/DW5340
6:7-138,HTRI-S,L7,D,D/L7/5F/MM138/DW5080
6:7-139,HTRI-S,L7,D,D/L7/5F/MM139/DW5070
6:7-140,HTRI-S,L7,D,D/L7/5F/MM140/DW5351
6:7-143,HTRI-S,L7,D,D/L7/5F/MM143/DW5040
6:7-144,HTRI-S,L7,D,D/L7/5F/MM144/DW5030
6:7-146,HTRI-S,L7,D,D/L7/5F/MM146/DW5021
6:7-147,HTRI-S,L7,D,D/L7/5F/MM147/DW5012
6:7-148,HTRI-S,L7,D,D/L7/5F/MM148/DW5352
6:7-149,HTRI-S,L7,D,D/L7/5F/MM149/DW5011
6:7-150,HTRI-S,L7,D,D/L7/5F/MM150/DW5360
6:7-152,HTRI-S,L7,D,D/L7/5F/MM152/DW5353
6:7-153,HFPT-11,L7,D,D/L7/DW6032/HD153/Pantry
6:7-154,HTRI-S,L7,D,D/L7/5F/MM154/CW5100
6:7-155,HFP-11,L7,D,D/L7/DW6032/SD155/Cabin 1
6:7-157,HFP-11,L7,D,D/L7/DW6032/SD157/Account Cab
6:7-158,HFP-11,L7,D,D/L7/DW6032/SD158/Staff Lunch ca
6:7-159,HFP-11,L7,D,D/L7/DW6032/SD159/Cabin 3
6:7-160,HFP-11,L7,D,D/L7/DW6032/SD160/Psg Nr Pantry
6:7-161,HFP-11,L7,D,D/L7/DW6032/SD161/Cabin 2
6:7-162,HFP-11,L7,D,D/L7/DW6032/SD162/Cabin 2
6:7-163,HFP-11,L7,D,D/L7/CW5090/SD163/Reception
6:7-164,HFP-11,L7,D,D/L7/CW5090/SD164/cab 1
6:7-165,HFP-11,L7,D,D/L7/CW5090/SD165/cab 2
6:7-166,HFP-11,L7,D,D/L7/CW5090/SD166/Accounts cab
6:7-167,HFP-11,L7,D,D/L7/CW5090/SD167/cab 3
6:7-168,HFP-11,L7,D,D/L7/CW5090/SD168/cab 4
6:7-169,HFP-11,L7,D,D/L7/CW5090/SD169/Psg nr cab 4
6:7-170,HFP-11,L7,D,D/L7/CW5090/SD170/Pantry
6:7-171,HFP-11,L7,D,D/L7/CW5090/SD171/Psg nr Recepti
6:7-172,HTRI-R,L7,D,D/L7/CW5090/CM172/Psg nr Recepti
6:7-173,HMS-S/D/M/SA,L7,D,D/L7/CW5090/MCP173/Psg nr Recept
6:7-174,HFPT-11,L7,D,D/L7/DW5050/HD174/Pantry
6:7-175,HFP-11,L7,D,D/L7/DW5050/SD175/Psg nr Assorte
6:7-176,HTRI-R,L7,D,D/L7/DW5050/CM176/AFC Pantry
6:7-177,HFP-11,L7,D,D/L7/DW5050/SD177/Cab 1
6:7-178,HFP-11,L7,D,D/L7/DW5050/SD178/Main cab
6:7-179,HFP-11,L7,D,D/L7/DW5050/SD179/Main cab
6:7-180,HMS-S/D/M/SA,L7,D,D/L7/DW5050/MCP180/Psg nr Entry
6:7-181,HFP-11,L7,D,D/L7/CW5110/SD181/Reception
6:7-182,HFPT-11,L7,D,D/L7/CW5110/HD182/Pantry
6:7-183,HFP-11,L7,D,D/L7/CW5110/SD183/Account cab
6:7-184,HFP-11,L7,D,D/L7/CW5110/SD184/Main cab
6:7-185,HFP-11,L7,D,D/L7/CW5110/SD185/Main cab
6:7-186,HFP-11,L7,D,D/L7/CW5110/SD186/Assorter cab
6:7-187,HFP-11,L7,D,D/L7/CW5110/SD187/Assorter cab
6:7-188,HTRI-R,L7,D,D/L7/CW5110/CM188/Psg nr Entry D
6:7-189,HMS-S/D/M/SA,L7,D,D/L7/CW5110/MCP189/Psg nr Entry 
6:7-190,HFP-11,L7,D,D/L7/CW6100/SD190/Pantry
6:7-191,HFP-11,L7,D,D/L7/CW6100/SD191/Pantry
6:7-192,HFP-11,L7,D,D/L7/CW6100/SD192/Main cab
6:7-194,HTRI-R,L7,D,D/L7/CW6100/CM194/Pantry
6:7-195,HMS-S/D/M/SA,L7,D,D/L7/CW6100/MCP195/Pantry
6:7-196,HFPT-11,L7,D,D/L7/CW5120/HD196/Pantry
6:7-197,HFP-11,L7,D,D/L7/CW5120/SD197/sales cab 1
6:7-198,HFP-11,L7,D,D/L7/CW5120/SD198/Buyers cab 1
6:7-199,HFP-11,L7,D,D/L7/CW5120/SD199/Buyers cab 2
6:7-200,HFP-11,L7,D,D/L7/CW5120/SD200/MD cab
6:7-201,HFP-11,L7,D,D/L7/CW5120/SD201/sales cab 2
6:7-202,HFP-11,L7,D,D/L7/CW5120/SD202/Psg nr sales c
6:7-203,HFP-11,L7,D,D/L7/CW5120/SD203/Reception Area
6:7-204,HTRI-R,L7,D,D/L7/CW5120/CM204/Psg nr Entry D
6:7-205,HMS-S/D/M/SA,L7,D,D/L7/CW5120/MCP205/Psg nr Entry 
6:7-208,HFP-11,L7,D,D/L7/DW5330/SD208/Main cab
6:7-209,HFP-11,L7,D,D/L7/DW5330/SD209/Cab 1
6:7-210,HFP-11,L7,D,D/L7/DW5330/SD210/Psg nr cab 1
6:7-211,HMS-S/D/M/SA,L7,D,D/L7/DW5330/MCP211/Psg nr Entry
6:7-212,HTRI-R,L7,D,D/L7/DW5330/CM212/Psg nr Entry
6:7-214,HFP-11,L7,D,D/L7/DC6100/SD214/Psg nr Entranc
6:7-215,HFP-11,L7,D,D/L7/DC6100/SD215/Pantry Area
6:7-216,HFP-11,L7,D,D/L7/DC6100/SD216/Lunch Area
6:7-217,HFP-11,L7,D,D/L7/DC6100/SD217/Accounts cab
6:7-218,HFP-11,L7,D,D/L7/DC6100/SD218/Trading Cab
6:7-219,HFP-11,L7,D,D/L7/DC6100/SD219/Assorter Cab
6:7-220,HFP-11,L7,D,D/L7/DC6100/SD220/Bagging cab
6:7-221,HFP-11,L7,D,D/L7/DC6100/SD221/Psg nr Trading
6:7-222,HFP-11,L7,D,D/L7/DC6100/SD222/Director cab
6:7-223,HMS-S/D/M/SA,L7,D,D/L7/DC6100/MCP223/Psg nr Entry
6:7-224,HTRI-R,L7,D,D/L7/DC6100/CM224/Psg nr Entry
6:7-226,HFP-11,L7,D,D/L7/DW6310/SD226/Pantry
6:7-227,HFP-11,L7,D,D/L7/DW6310/SD227/Main cab
6:7-228,HFP-11,L7,D,D/L7/DW6310/SD228/Assorter cab
6:7-229,HFP-11,L7,D,D/L7/DW6310/SD229/Account cab
6:7-230,HTRI-R,L7,D,D/L7/DW6310/CM230/Psg nr Entry
6:7-231,HMS-S/D/M/SA,L7,D,D/L7/DW6310/MCP231/Psg nr Entry
6:7-232,HFP-11,L7,D,D/L7/DW6120/SD232/Psg nr Entry
6:7-233,HFP-11,L7,D,D/L7/DW6120/D233/Pantry 
6:7-234,HFP-11,L7,D,D/L7/DW6120/SD234/Accounts Cab
6:7-235,HFP-11,L7,D,D/L7/DW6120/SD235/MD cab
6:7-236,HFP-11,L7,D,D/L7/DW6120/SD236/Buyers cab
6:7-237,HFP-11,L7,D,D/L7/DW6120/SD237/Assorter cab
6:7-238,HTRI-R,L7,D,D/L7/DW6120/CM238/Psg nr Entry
6:7-239,HMS-S/D/M/SA,L7,D,D/L7/DW6120/MCP239/Psg nr Entry
6:7-240,HFP-11,L7,D,D/L7/DW6032/SD240/Cabin 1
6:7-241,HTRI-R,L7,D,D/L7/CM241/DW6032/AFC Reception
6:7-242,HMS-S/D/M/SA,L7,D,D/L7/MCP242/DW6032/Reception Are
6:7-243,HFP-11,L7,D,D/L7/DW6090/SD243/Psg nr Main ca
6:7-244,HFP-11,L7,D,D/L7/DW6090/SD244/Pantry
6:7-245,HMS-S/D/M/SA,L7,D,D/L7/DW6090/MCP245/Psg nr Entry
6:7-246,HTRI-R,L7,D,D/L7/DW6090/CM246/Psg nr Entry
6:7-247,HFP-11,L7,D,D/L7/DW6080/SD247/Main cab
6:7-248,HFP-11,L7,D,D/L7/DW6080/SD248/Assorter cab
6:7-249,HFP-11,L7,D,D/L7/DW6080/SD249/Waiting cab
6:7-250,HFP-11,L7,D,D/L7/DW6080/SD250/Psg nr Assort.
6:7-251,HTRI-R,L7,D,D/L7/DW6080/CM251/AFC Pantry
6:7-252,HMS-S/D/M/SA,L7,D,D/L7/DW6080/MCP252/Pantry
6:8-1,HTRI-R,L8,D,D/L8/8F/CM1/DR RELESE CM NR E.R.
6:8-2,HFP-11,L8,D,D/L8/8F/SD2/ELECT RM SD
6:8-3,HFP-11,L8,D,D/L8/8F/SD3/CORR NR 8130
6:8-4,HFP-11,L8,D,D/L8/8F/SD4/CORR NR 8130
6:8-5,HFP-11,L8,D,D/L8/8F/SD5/CORR NR  8090
6:8-6,HFP-11,L8,D,D/L8/8F/SD6/CORR NR FIRE ESC
6:8-7,HFP-11,L8,D,D/L8/8F/SD7/CORR NR FIRE ESC
6:8-8,HFP-11,L8,D,D/L8/8F/SD8/CORR NR 8070
6:8-9,HFP-11,L8,D,D/L8/8F/SD9/CORR NR 8050
6:8-10,HFP-11,L8,D,D/L8/8F/SD10/CORR NR 8170
6:8-11,HFP-11,L8,D,D/L8/8F/SD11/CORR NR 8180
6:8-12,HFP-11,L8,D,D/L8/8F/SD12/CORR NR E.R.
6:8-13,HFP-11,L8,D,D/L8/8F/SD13/CORR NR E.R.
6:8-14,HFP-11,L8,D,D/L8/8F/SD14/ELECT RM SD
6:8-15,HMS-S/D/M/SA,L8,D,D/L8/8F/MCP15/FIRE ESC NR 8090
6:8-16,HTRI-R,L8,D,D/L8/8F/CM16/FIRE ESC NR 8090
6:8-17,HTRI-R,L8,D,D/L8/8F/CM17/DR RELESE CM NR E.R
6:8-18,HMS-S/D/M/SA,L8,D,D/L8/8F/MCP18/FIRE SHAFT L.L.
6:8-19,HTRI-R,L8,D,D/L8/8F/CM19/FIRE SHAFT L.L.
6:8-20,HTRI-S,L8,D,D/L8/8F/MM20/FIRE SHAFT L.L.
6:8-21,HFP-11,L8,D,D/L8/8F/SD21/LIFT LOBBY SD
6:8-22,HFP-11,L8,D,D/L8/8F/SD22/LIFT LOBBY SD
6:8-23,HTRI-R,L8,D,D/L8/8F/CM23/DR RELESE CM NR8062
6:8-24,HFP-11,L8,D,D/L8/8F/SD24/AHU RM SD
6:8-25,HTRI-R,L8,D,D/L8/8F/CM25/AHU RM CM NR 8061
6:8-26,HFP-11,L8,D,D/L8/8F/SD26/CORR NR 8061
6:8-27,HFP-11,L8,D,D/L8/8F/SD27/CORR NR 8061
6:8-28,HFP-11,L8,D,D/L8/8F/SD28/CORR NR 8070
6:8-29,HFP-11,L8,D,D/L8/8F/SD29/CORR NR 8081
6:8-30,HFP-11,L8,D,D/L8/8F/SD30/CORR NR 8081
6:8-31,HFP-11,L8,D,D/L8/8F/SD31/CORR NR 8031
6:8-32,HMS-S/D/M/SA,L8,D,D/L8/8F/MCP32/FIRE ESC STR NR 80
6:8-33,HTRI-R,L8,D,D/L8/8F/CM33/FIRE ESC STR NR 803
6:8-34,HFP-11,L8,D,D/L8/8F/SD34/CORR NR DE8/S03
6:8-35,HFP-11,L8,D,D/L8/8F/SD35/CORR NR E.R.
6:8-36,HFP-11,L8,D,D/L8/8F/SD36/CORR NR E.R.
6:8-37,HFP-11,L8,D,D/L8/8F/SD37/CORR NR E.R.
6:8-38,HFP-11,L8,D,D/L8/8F/SD38/CORR NR E.R.
6:8-39,HFP-11,L8,D,D/L8/8F/SD39/ELECT RM SD EAST
6:8-40,HFP-11,L8,D,D/L8/8F/SD40/AHU RM SD EAST
6:8-41,HTRI-R,L8,D,D/L8/8F/CM41/AHU RM CM EAST
6:8-42,HFP-11,L8,D,D/L8/8F/SD42/LIFT LOBBY SD EAST
6:8-43,HMS-S/D/M/SA,L8,D,D/L8/8F/MCP43/FIRE SHAFT L.L. EA
6:8-44,HTRI-R,L8,D,D/L8/8F/CM44/FIRE SHAFT L.L. EAS
6:8-45,HTRI-S,L8,D,D/L8/8F/MM45/FIRE SHAFT L.L. EAS
6:8-46,HTRI-R,L8,D,D/L8/9F/CM46/DR RELESE CM WEST
6:8-47,HFP-11,L8,D,D/L8/9F/SD47/CORR NR DC 9030
6:8-48,HFP-11,L8,D,D/L8/9F/SD48/CORR NR 9030
6:8-49,HFP-11,L8,D,D/L8/9F/SD49/CORR NR 9040
6:8-50,HFP-11,L8,D,D/L8/9F/SD50/CORR NR 9021
6:8-51,HFP-11,L8,D,D/L8/9F/SD51/CORR NR FIRE ESC
6:8-52,HTRI-R,L8,D,D/L8/9F/CM52/FIRE ESC STR
6:8-53,HMS-S/D/M/SA,L8,D,D/L8/9F/MCP53/FIRE ESC STR
6:8-54,HFP-11,L8,D,D/L8/9F/SD54/CORR NR 9080
6:8-55,HFP-11,L8,D,D/L8/9F/SD55/CORR NR 9110
6:8-56,HFP-11,L8,D,D/L8/9F/SD56/CORR NR 9110
6:8-57,HFP-11,L8,D,D/L8/9F/SD57/CORR NR 9131
6:8-58,HFP-11,L8,D,D/L8/9F/SD58/CORR NR 9133
6:8-59,HFP-11,L8,D,D/L8/9F/SD59/CORR NR 9133
6:8-60,HFP-11,L8,D,D/L8/9F/SD60/ELECT  RM SD
6:8-61,HTRI-R,L8,D,D/L8/9F/CM61/DR RELESE CM
6:8-62,HTRI-R,L8,D,D/L8/9F/CM62/FIRE SHAFT L.L.
6:8-63,HMS-S/D/M/SA,L8,D,D/L8/9F/MCP63/FIRE SHAFT L.L.
6:8-64,HTRI-S,L8,D,D/L8/9F/MM64/FIRE SHAFT L.L.
6:8-65,HFP-11,L8,D,D/L8/9F/SD65/LIFT LOBBY SD
6:8-66,HFP-11,L8,D,D/L8/9F/SD66/LIFT LOBBY SD
6:8-67,HTRI-R,L8,D,D/L8/9F/CM67/AHU RM SD
6:8-68,HFP-11,L8,D,D/L8/9F/SD68/AHU RM CM
6:8-69,HTRI-S,L8,D,D/L8/9F/MM69/DC9040
6:8-70,HFP-11,L8,D,D/L8/DE8081A/SD70/Main cab1
6:8-71,HFP-11,L8,D,D/L8/9F/SD71/CORR NR MIDDLE PASG
6:8-73,HTRI-R,L8,D,D/L8/9F/CM73/AHU RM CM
6:8-74,HFP-11,L8,D,D/L8/9F/SD74/AHU RM SD
6:8-75,HFP-11,L8,D,D/L8/9F/SD75/ELECT  RM SD
6:8-76,HFP-11,L8,D,D/L8/9F/SD76/LIFT LOBBY SD
6:8-77,HTRI-R,L8,D,D/L8/9F/CM77/FIRE SHAFT L.L.
6:8-78,HMS-S/D/M/SA,L8,D,D/L8/9F/MCP78/FIRE SHAFT L.L.
6:8-79,HTRI-S,L8,D,D/L8/9F/MM79/FIRE SHAFT L.L.
6:8-80,HFP-11,L8,D,D/L8/9F/SD80/CORR DC9012A
6:8-81,HFP-11,L8,D,D/L8/DC9131/SD81/Waitng Area
6:8-82,HFP-11,L8,D,D/L8/DC9131/SD82/Accounts dept
6:8-83,HFP-11,L8,D,D/L8/DC9131/SD83/Main cab
6:8-84,HFP-11,L8,D,D/L8/DC9131/SD84/Assorter cab
6:8-85,HFP-11,L8,D,D/L8/DC9131/SD85/Cab 3
6:8-86,HFPT-11,L8,D,D/L8/DC9131/HD86/Cab 3
6:8-87,HFP-11,L8,D,D/L8/DC9131/SD87/Psg nr Cab 5
6:8-88,HFP-11,L8,D,D/L8/DC9131/SD88/Cab 8
6:8-89,HFP-11,L8,D,D/L8/DC9131/SD89/Cab 4
6:8-90,HFPT-11,L8,D,D/L8/DC9131/HD90/Cab 4
6:8-91,HFPT-11,L8,D,D/L8/DC9131/HD91/Pantry
6:8-92,HTRI-R,L8,D,D/L8/DC9131/CM92/Psg nr Entry
6:8-93,HMS-S/D/M/SA,L8,D,D/L8/DC9131/MCP93/Psg nr Entry
6:8-94,HMS-S/D/M/SA,L8,D,D/L8/MCP94/DE8050A/ENTRY PSG
6:8-95,HTRI-S,L8,D,D/L8/9F/MM95/DW9020
6:8-96,HTRI-S,L8,D,D/L8/9F/MM96/DC9022
6:8-97,HTRI-S,L8,D,D/L8/9F/MM97/DC9030A
6:8-98,HTRI-S,L8,D,D/L8/9F/MM98/DC9030
6:8-99,HFP-11,L8,D,D/L8/SD99/DE8050A/MAIN CABIN
6:8-100,HFP-11,L8,D,D/L8/SD100/DE8050A/ASSORTOR CABI
6:8-101,HFP-11,L8,D,D/L8/SD101/DE8050A/BUYER CABIN
6:8-102,HFP-11,L8,D,D/L8/SD102/DE8050A/ENTRY PSG
6:8-103,HFP-11,L8,D,D/L8/SD103/DE8050A/ACCOUNT CABIN
6:8-104,HFP-11,L8,D,D/L8/SD104/DE8050A/ASSORTOR CABI
6:8-105,HFP-11,L8,D,D/L8/SD105/DE8050A/PANTRY
6:8-106,HTRI-R,L8,D,D/L8/CM106/DE8050A/ENTRY PSG AFC
6:8-107,HFP-11,L8,D,D/L8/DE8081A/SD107/Assorter cab
6:8-108,HTRI-S,L8,D,D/L8/9F/MM108/DC9110
6:8-109,HTRI-S,L8,D,D/L8/9F/MM109/DC9012
6:8-110,HTRI-S,L8,D,D/L8/9F/MM110/DC9120
6:8-112,HTRI-S,L8,D,D/L8/9F/MM112/DC9090
6:8-113,HFP-11,L8,D,D/L8/DE8081A/SD113/Main cab2
6:8-114,HTRI-S,L8,D,D/L8/9F/MM114/DC9132
6:8-116,HTRI-S,L8,D,D/L8/9F/MM116/DE9011
6:8-117,HTRI-S,L8,D,D/L8/9F/MM117/DE8011
6:8-118,HFPT-11,L8,D,D/L8/DE8081A/HD118/Pantry
6:8-119,HTRI-S,L8,D,D/L8/9F/MM119/DE8010A
6:8-120,HTRI-S,L8,D,D/L8/9F/MM120/DC9010A
6:8-122,HTRI-S,L8,D,D/L8/9F/MM122/DE8020
6:8-123,HTRI-R,L8,D,D/L8/DE8081A/CM123/Entry dr psg
6:8-124,HTRI-S,L8,D,D/L8/9F/MM124/DE9012A
6:8-125,HTRI-S,L8,D,D/L8/9F/MM125/DE8031
6:8-126,HTRI-S,L8,D,D/L8/9F/MM126/DE8040
6:8-127,HTRI-S,L8,D,D/L8/9F/MM127/DE8082
6:8-128,HTRI-S,L8,D,D/L8/9F/MM128/DE8081-B
6:8-129,HMS-S/D/M/SA,L8,D,D/L8/DE8081A/MCP129/Entry dr psg
6:8-130,HMS-S/D/M/SA,L8,D,D/L8/DE8090A/MCP130/Entry psg
6:8-132,HTRI-S,L8,D,D/L8/8F/MM132/DE8061
6:8-133,HFP-11,L8,D,D/L8/DC8020/SD133/Main cab 1
6:8-134,HFP-11,L8,D,D/L8/DC8020/SD134/Main cab 2
6:8-135,HTRI-S,L8,D,D/L8/9F/MM135/DE8063
6:8-136,HTRI-S,L8,D,D/L8/9F/MM136/DC8210
6:8-137,HTRI-S,L8,D,D/L8/9F/MM137/DC8200
6:8-138,HTRI-S,L8,D,D/L8/9F/MM138/DC8010
6:8-139,HFP-11,L8,D,D/L8/DC8020/SD139/Entry Psg
6:8-140,HTRI-S,L8,D,D/L8/9F/MM140/DC8190A
6:8-141,HTRI-S,L8,D,D/L8/9F/MM141/DC8190B
6:8-142,HTRI-S,L8,D,D/L8/9F/MM142/DC8180
6:8-143,HFP-11,L8,D,D/L8/DC8020/SD143/Account cab
6:8-144,HTRI-S,L8,D,D/L8/9F/MM144/DC8040
6:8-145,HFP-11,L8,D,D/L8/DC8020/SD145/Pantry
6:8-146,HTRI-S,L8,D,D/L8/9F/MM146/DC8160
6:8-147,HTRI-S,L8,D,D/L8/9F/MM147/DC8050
6:8-148,HTRI-S,L8,D,D/L8/9F/MM148/DC8060
6:8-149,HTRI-S,L8,D,D/L8/9F/MM149/DC8150
6:8-150,HTRI-S,L8,D,D/L8/9F/MM150/DC8070
6:8-151,HTRI-R,L8,D,D/L8/DC8020/CM151/AFC Entry Psg
6:8-152,HMS-S/D/M/SA,L8,D,D/L8/DC8020/MCP152/Entry Psg
6:8-153,HTRI-S,L8,D,D/L8/9F/MM153/DC8090
6:8-154,HTRI-S,L8,D,D/L8/9F/MM154/DC8132
6:8-155,HTRI-S,L8,D,D/L8/9F/MM155/DC9120A
6:8-156,HTRI-S,L8,D,D/L8/9F/MM156/DC8101
6:8-157,HTRI-S,L8,D,D/L8/9F/MM157/DC8102
6:8-158,HTRI-S,L8,D,D/L8/9F/MM158/DC8120
6:8-159,HTRI-S,L8,D,D/L8/9F/MM159/DC8110
6:8-160,HFP-11,L8,D,D/L8/DC8140/SD160/Entry Psg
6:8-161,HFP-11,L8,D,D/L8/DC8140/SD161/Assorter cab
6:8-162,HFP-11,L8,D,D/L8/DC8140/SD162/Account cab
6:8-163,HFP-11,L8,D,D/L8/DC8140/SD163/Main cab
6:8-164,HFP-11,L8,D,D/L8/DC8140/SD164/Pantry
6:8-165,HTRI-R,L8,D,D/L8/DC8140/CM165/Entry Psg
6:8-166,HMS-S/D/M/SA,L8,D,D/L8/DC8140/MCP166/Entry Psg
6:8-167,HFP-11,L8,D,D/L8/DC/SD167/DC TERACE LIFT RM
6:8-168,HFP-11,L8,D,D/L8/DC/SD168/DC TERACE LIFT RM
6:8-169,HFP-11,L8,D,D/L8/DC/SD169/DC TERACE LIFT RM
6:8-170,HTRI-S,L8,D,D/L8/8F/MM170/DC8131
6:8-174,HFP-11,L8,D,D/L8/DC8030/SD174/Main cab
6:8-175,HFP-11,L8,D,D/L8/DC8030/SD175/Account cab
6:8-176,FDOT421,L8,D,D/L8/DE8050/SD176/Accounts cab
6:8-177,HFP-11,L8,D,D/L8/DE8050/SD177/Pantry
6:8-178,HFP-11,L8,D,D/L8/DE8050/SD178/Assorter cab
6:8-179,HFP-11,L8,D,D/L8/DE8050/SD179/Main cab
6:8-180,HFP-11,L8,D,D/L8/DE8050/SD180/Main cab
6:8-181,FDOT421,L8,D,D/L8/DE8050/SD181/Psg nr Main ca
6:8-182,HFP-11,L8,D,D/L8/DE8050/SD182/Accounts cab 2
6:8-183,HFP-11,L8,D,D/L8/DE8050/SD183/Psg nr Entranc
6:8-184,HTRI-R,L8,D,D/L8/DE8050/CM184/Psg nr Entranc
6:8-185,HMS-S/D/M/SA,L8,D,D/L8/DE8050/MCP185/Psg nr Entran
6:8-186,HFP-11,L8,D,D/L8/DC8030/SD186/Lunch cab
6:8-187,HFP-11,L8,D,D/L8/DC8030/SD187/Computer cab
6:8-188,HFP-11,L8,D,D/L8/DC8030/SD188/Pantry
6:8-189,HFP-11,L8,D,D/L8/DC8030/SD189/Psg nr Account
6:8-190,HTRI-R,L8,D,D/L8/DC8030/CM190/AFC Pantry
6:8-191,HMS-S/D/M/SA,L8,D,D/L8/DC8030/MCP191/Pantry side
6:8-192,HTRI-S,L8,D,D/L8/9F/MM192/DC9070/80
6:8-193,HFP-11,L8,D,D/L8/SD193/DE8070A/MANAGER CABIN
6:8-194,HFP-11,L8,D,D/L8/SD194/DE8070A/MAIN CABIN
6:8-195,HFP-11,L8,D,D/L8/SD195/DE8070A/BHAGAT CABIN
6:8-196,HFP-11,L8,D,D/L8/SD196/DE8070A/ASSORTOR CABI
6:8-197,HFP-11,L8,D,D/L8/SD197/DE8070A/ACCCOUNT CABI
6:8-198,HFP-11,L8,D,D/L8/SD198/DE8070A/ENTRY PSG.
6:8-199,HFP-11,L8,D,D/L8/SD199/DE8070A/PANTRY
6:8-200,HTRI-R,L8,D,D/L8/CM200/DE8070A/PANTRY AFC
6:8-201,HMS-S/D/M/SA,L8,D,D/L8/MCP201/DE8070A/ENTRY PSG.
6:8-202,HFP-11,L8,D,D/L8/DC8170/SD202/Main cab3
6:8-203,HFP-11,L8,D,D/L8/DC8170/SD203/Main cab2
6:8-204,HFP-11,L8,D,D/L8/DC8170/SD204/Main cab1
6:8-205,HFP-11,L8,D,D/L8/DC8170/SD205/Entry Psg
6:8-206,HFP-11,L8,D,D/L8/DC8170/SD206/Pantry
6:8-207,HTRI-R,L8,D,D/L8/DC8170/CM207/AFC Entry Psg
6:8-208,HMS-S/D/M/SA,L8,D,D/L8/DC8170/MCP208/Entry Psg
6:8-209,HFP-11,L8,D,D/L8/SD209/DC9060/Rec Psg
6:8-210,HFP-11,L8,D,D/L8/SD210/DC9060/PANTRY
6:8-211,HFP-11,L8,D,D/L8/SD211/DC8080/ASSOTER CABIN
6:8-212,HFP-11,L8,D,D/L8/SD212/DC8080/ACCOUNT CABIN
6:8-213,HFP-11,L8,D,D/L8/SD213/DC8080/PSG NR ACCOUNT
6:8-214,HFP-11,L8,D,D/L8/SD214/DC8080/MAIN CABIN
6:8-215,HTRI-R,L8,D,D/L8/CM215/DC8080/ENTERY PSG AFC
6:8-216,HMS-S/D/M/SA,L8,D,D/L8/MCP216/DC8080/ENTERY PSG
6:8-220,HFP-11,L8,D,D/L8/DC9100/SD220/Main cab
6:8-221,HFP-11,L8,D,D/L8/DC9100/SD221/Main cab
6:8-222,HFP-11,L8,D,D/L8/DC9100/SD222/Assorter cab
6:8-223,HFP-11,L8,D,D/L8/DC9100/SD223/Entry Psg
6:8-224,HFP-11,L8,D,D/L8/DC9100/SD224/Pantry
6:8-225,HTRI-R,L8,D,D/L8/DC9100/CM225/Entry Psg
6:8-226,HMS-S/D/M/SA,L8,D,D/L8/DC9100/MCP226/Entry Psg
6:8-227,HFP-11,L8,D,D/L8/DE8090A/SD227/Main cab 2
6:8-228,HFP-11,L8,D,D/L8/DE8090A/SD228/Main cab 1
6:8-229,HFP-11,L8,D,D/L8/DE8090A/SD229/Visitor cab
6:8-230,HFP-11,L8,D,D/L8/DE8090A/SD230/Dinning rm ps
6:8-231,HFP-11,L8,D,D/L8/DE8090A/SD231/Dinning rm ps
6:8-232,HFP-11,L8,D,D/L8/DE8090A/SD232/Assorter cab
6:8-233,HFP-11,L8,D,D/L8/DE8090A/SD233/Account cab
6:8-234,HFP-11,L8,D,D/L8/DE8090A/SD234/Psg nr Main c
6:8-235,HFP-11,L8,D,D/L8/DE8090A/SD235/Entry psg
6:8-236,HFPT-11,L8,D,D/L8/DE8090A/HD236/Pantry
6:8-237,HTRI-R,L8,D,D/L8/DE8090A/CM237/Entry psg
6:8-238,HFP-11,L8,D,D/L8/DC9050/SD238/Pantry
6:8-239,HFP-11,L8,D,D/L8/DC9050/SD239/Account cab
6:8-240,HFP-11,L8,D,D/L8/DC9050/SD240/Cab 2
6:8-241,HFP-11,L8,D,D/L8/DC9050/SD241/Cab 1
6:8-242,HFP-11,L8,D,D/L8/DC9050/SD242/Psg nr cab 2
6:8-243,HTRI-R,L8,D,D/L8/DC9050/CM243/Psg nr Entry
6:8-244,HMS-S/D/M/SA,L8,D,D/L8/DC9050/MCP244/Psg nr Entry
6:8-245,HFP-11,L8,D,D/L8/DC9060/SD245/Pantry
6:8-246,HFP-11,L8,D,D/L8/DC9060/SD246/Main cab
6:8-247,HFP-11,L8,D,D/L8/DC9060/SD247/Safe cab
6:8-248,HFP-11,L8,D,D/L8/DC9060/SD248/Executive cab
6:8-249,HFP-11,L8,D,D/L8/DC9060/SD249/Assorter cab
6:8-250,HFP-11,L8,D,D/L8/DC9060/SD250/Account cab
6:8-251,HTRI-R,L8,D,D/L8/DC9060/CM251/Psg nr Entry
6:8-252,HMS-S/D/M/SA,L8,D,D/L8/DC9060/MCP252/Psg nr Entry
6:9-1,HTRI-R,L9,D,D/L9/WC/9F/CM1/FIRE SHAFT L.L.
6:9-1,HTRI-R,L9,D,D/L9/WC/9F/CM1/FIRE SHAFT L.L.
6:9-2,HMS-S/D/M/SA,L9,D,D/L9/WC/9F/MCP2/FIRE SHAFT L.L.
6:9-3,HTRI-S,L9,D,D/L9/WC/9F/MM3/FIRE SHAFT L.L.
6:9-4,HFP-11,L9,D,D/L9/WC/9F/SD4/LIFT LOBBY SD
6:9-5,HFP-11,L9,D,D/L9/WC/9F/SD5/LIFT LOBBY SD
6:9-6,HFP-11,L9,D,D/L9/WC/9F/SD6/ELECT RM SD
6:9-7,HFP-11,L9,D,D/L9/WC/9F/SD7/AHU RM SD
6:9-8,HTRI-R,L9,D,D/L9/WC/9F/CM8/AHU RM CM
6:9-9,HTRI-R,L9,D,D/L9/WC/8F/CM9/FIRE SHAFT L.L.
6:9-10,HMS-S/D/M/SA,L9,D,D/L9/WC/8F/MCP10/FIRE SHAFT L.L.
6:9-11,HTRI-S,L9,D,D/L9/WC/8F/MM11/FIRE SHAFT L.L.
6:9-12,HFP-11,L9,D,D/L9/WC/8F/SD12/LIFT LOBBY SD
6:9-13,HFP-11,L9,D,D/L9/WC/8F/SD13/LIFT LOBBY SD
6:9-14,HFP-11,L9,D,D/L9/WC/8F/SD14/ELECT RM SD
6:9-15,HTRI-R,L9,D,D/L9/WC/8F/CM15/AHU RM CM
6:9-16,HFP-11,L9,D,D/L9/WC/8F/SD16/AHU RM SD
6:9-17,HTRI-R,L9,D,D/L9/WC/7F/CM17/FIRE SHAFT L.L.
6:9-18,HMS-S/D/M/SA,L9,D,D/L9/WC/7F/MCP18/FIRE SHAFT L.L.
6:9-19,HTRI-S,L9,D,D/L9/WC/7F/MM19/FIRE SHAFT L.L.
6:9-20,HFP-11,L9,D,D/L9/WC/7F/SD20/LIFT LOBBY SD
6:9-21,HFP-11,L9,D,D/L9/WC/7F/SD21/LIFT LOBBY SD
6:9-22,HFP-11,L9,D,D/L9/WC/7F/SD22/AHU RM SD
6:9-23,HTRI-R,L9,D,D/L9/WC/7F/CM23/AHU RM CM
6:9-24,HFP-11,L9,D,D/L9/WC/7F/SD24/CORR NR DW7/S10
6:9-25,HFP-11,L9,D,D/L9/WC/7F/SD25/CORR NR DW 7020
6:9-26,HFP-11,L9,D,D/L9/WC/7F/SD26/ELECT RM SD
6:9-27,HFP-11,L9,D,D/L9/WC/SD27/DW TERACE LIFT RM
6:9-28,HFP-11,L9,D,D/L9/WC/SD28/DW TERACE LIFT RM
6:9-29,HFP-11,L9,D,D/L9/WC/SD29/DW TERACE LIFT RM
6:9-30,HFP-11,L9,D,D/L9/WC/SD30/DW TERACE LIFT RM
6:9-31,HFP-11,L9,D,D/L9/WC/SD31/DW TERACE LIFT RM
6:9-41,HTRI-S,L9,D,D/L9/9F/MM41/DW9010
6:9-45,HTRI-S,L9,D,D/L9/7F/MM45/DW7020
6:9-46,HTRI-S,L9,D,D/L9/7F/MM46/DW7040
6:9-48,HFP-11,L9,D,D/L9/DW7050/SD48/Pantry
6:9-49,HFP-11,L9,D,D/L9/DW7050/SD49/Sales cab
6:9-50,HFP-11,L9,D,D/L9/DW7050/SD50/Cab nr sales ca
6:9-51,HFP-11,L9,D,D/L9/DW7050/SD51/Manufacturing c
6:9-52,HFP-11,L9,D,D/L9/DW7050/SD52/Account cab1
6:9-53,HFP-11,L9,D,D/L9/DW7050/SD53/Account cab2
6:9-54,HFP-11,L9,D,D/L9/DW7050/SD54/Psg nr MFG cab
6:9-55,HFP-11,L9,D,D/L9/DW7050/SD55/Psg nr Entry
6:9-56,HTRI-R,L9,D,D/L9/DW7050/CM56/Psg nr Entry 
6:9-57,HMS-S/D/M/SA,L9,D,D/L9/DW7050/MCP57/Psg nr Entry
6:9-58,HFP-11,L9,D,D/L9/DW7010/SD58/Main Cabin
6:9-59,HFP-11,L9,D,D/L9/DW7010/SD59/Entry Psg
6:9-60,HTRI-R,L9,D,D/L9/DW7010/CM60/Entry Psg AFC
6:9-61,HMS-S/D/M/SA,L9,D,D/L9/DW7050/MCP61/Entry Psg
6:9-62,FDOT421,L9,D,D/L9/DW8020/SD62/Assorter Cabin
6:9-63,HFP-11,L9,D,D/L9/DW8020/SD63/Pantry Psg
6:9-64,HFP-11,L9,D,D/L9/DW8020/SD64/Main Cabin
6:9-65,HFP-11,L9,D,D/L9/DW8020/SD65/Entry Dr Psg
6:9-66,HTRI-R,L9,D,D/L9/DW8020/CM66/Afc Psg nr Entr
6:9-67,HMS-S/D/M/SA,L9,D,D/L9/DW8020/MCP67/Psg nr Entry
6:9-68,HFP-11,L9,D,D/L9/DW8010/SD68/Main Cabin
6:9-69,HFP-11,L9,D,D/L9/DW8010/SD69/Assorter Cabin
6:9-70,HFP-11,L9,D,D/L9/DW8010/SD70/Assorter Cabin
6:9-71,HFP-11,L9,D,D/L9/DW8010/SD71/Psg Nr Asst Cab
6:9-72,HFP-11,L9,D,D/L9/DW8010/SD72/Account Cab
6:9-73,HFP-11,L9,D,D/L9/DW8010/SD73/Assorter Cab 2
6:9-74,HFPT-11,L7,D,D/L7/DW8010/HD74/Pantry
6:9-75,HFP-11,L9,D,D/L9/DW8010/SD75/Entry Dr psg
6:9-76,HTRI-R,L9,D,D/L9/DW8010/CM76/Afc Psg nr Entr
6:9-77,HMS-S/D/M/SA,L9,D,D/L9/DW8010/MCP77/Psg nr Entry
6:6-1,HTRI-R,L6,D,D/L6/6F/CM1/DR RELESE CM
6:6-2,HFP-11,L6,D,D/L6/6F/SD2/CORR NR DR 
6:6-3,HFP-11,L6,D,D/L6/6F/SD3/CORR NR DR
6:6-4,HFP-11,L6,D,D/L6/6F/SD4/CORR NR DR
6:6-5,HFP-11,L6,D,D/L6/6F/SD5/CORR NR FIRE ESC 
6:6-6,HFP-11,L6,D,D/L6/6F/SD6/CORR NR FIRE ESC 
6:6-7,HMS-S/D/M/SA,L6,D,D/L6/6F/MCP7/FIRE ESC STR
6:6-8,HTRI-R,L6,D,D/L6/6F/CM8/FIRE ESC STR
6:6-9,HFP-11,L6,D,D/L6/6F/SD9/CORR NR 6070
6:6-10,HFP-11,L6,D,D/L6/6F/SD10/CORR NR 6070
6:6-11,HFP-11,L6,D,D/L6/6F/SD11/CORR NR 6070
6:6-12,HFP-11,L6,D,D/L6/6F/SD12/CORR NR 6030
6:6-13,HFP-11,L6,D,D/L6/6F/SD13/CORR NR 6030
6:6-14,HFP-11,L6,D,D/L6/6F/SD14/CORR NR 6190
6:6-15,HFP-11,L6,D,D/L6/DF/SD15/CORR NR 6190
6:6-16,HFP-11,L6,D,D/L6/6F/SD16/ELECT RM SD
6:6-17,HTRI-R,L6,D,D/L6/6F/CM17/DR RELESE CM 
6:6-18,HMS-S/D/M/SA,L6,D,D/L6/6F/MCP18/FIRE SHAFT LL 
6:6-19,HTRI-R,L6,D,D/L6/6F/CM19/FIRE SHAFT L.L.
6:6-20,HTRI-S,L6,D,D/L6/6F/MM20/FIRE SHAFT L.L.
6:6-21,HFP-11,L6,D,D/L6/6F/SD21/LIFT LOBBY SD
6:6-22,HFP-11,L6,D,D/L6/6F/SD22/LIFT LOBBY SD
6:6-23,HFP-11,L6,D,D/L6/6F/SD23/CORR NR AHU 
6:6-24,HFP-11,L6,D,D/L6/6F/SD24/AHU RM SD
6:6-25,HTRI-R,L6,D,D/L6/6F/CM25/AHU RM CM
6:6-26,HFP-11,L6,D,D/L6/6F/SD26/CORR NR AHU
6:6-27,HFP-11,L6,D,D/L6/6F/SD27/CORR NR AHU 
6:6-29,HTRI-R,L6,D,D/L6/6F/CM29/FIRE ESC STR
6:6-30,HFP-11,L6,D,D/L6/DE/6F/SD30/AHU RM
6:6-31,HTRI-R,L6,D,D/L6/DE/6F/CM31/AHU ROOM
6:6-32,HFP-11,L6,D,D/L6/DE/6F/SD32/ELECTRICAL ROOM
6:6-33,HFP-11,L6,D,D/L6/DE/6F/SD33/LIFT LOBBY
6:6-34,HTRI-R,L6,D,D/L6/DE/6F/CM34/FIRE SHAFT
6:6-35,HTRI-S,L6,D,D/L6/DE/6F/MM35/FIRE SHAFT
6:6-36,HMS-S/D/M/SA,L6,D,D/L6/DE/6F/MCP36/FIRE SHAFT LL
6:6-37,HTRI-R,L6,D,D/L6/7F/CM37/DR RELESE NR DWS/30
6:6-38,HFP-11,L6,D,D/L6/7F/SD38/CORR NR DW S/30
6:6-39,HFP-11,L6,D,D/L6/7F/SD39/CORR NR DW S/30
6:6-40,HFP-11,L6,D,D/L6/7F/SD40/CORR NR 7080
6:6-41,HFP-11,L6,D,D/L6/7F/SD41/CORR NR FIRE ESC
6:6-42,HFP-11,L6,D,D/L6/7F/SD42/CORR NR FIRE ESC
6:6-43,HMS-S/D/M/SA,L6,D,D/L6/7F/MCP43/FIRE ESC STR
6:6-44,HTRI-R,L6,D,D/L6/7F/CM44/FIRE ESC STR
6:6-45,HFP-11,L6,D,D/L6/7F/SD45/CORR NR 7100
6:6-46,HFP-11,L6,D,D/L6/7F/SD46/CORR NR 7132
6:6-47,HFP-11,L6,D,D/L6/7F/SD47/CORR NR 7132
6:6-48,HFP-11,L6,D,D/L6/7F/SD48/CORR NR 7140
6:6-49,HFP-11,L6,D,D/L6/7F/SD49/CORR NR 7170
6:6-50,HFP-11,L6,D,D/L6/7F/SD50/CORR NR 7170
6:6-51,HFP-11,L6,D,D/L6/7F/SD51/ELECT RM SD
6:6-52,HTRI-R,L6,D,D/L6/7F/CM52/DR RELESE CM NR E.R
6:6-53,HMS-S/D/M/SA,L6,D,D/L6/7F/MCP53/FIRE SHAFT LL
6:6-54,HTRI-R,L6,D,D/L6/7F/CM54/FIRE SHAFT L.L. 
6:6-55,HTRI-S,L6,D,D/L6/7F/MM55/FIRE SHAFT L.L. 
6:6-56,HFP-11,L6,D,D/L6/7F/SD56/LIFT LOBBY SD  
6:6-57,HFP-11,L6,D,D/L6/7F/SD57/LIFT LOBBY SD  
6:6-58,HTRI-R,L6,D,D/L6/7F/CM58/DR RELELSE CM 
6:6-59,HFP-11,L6,D,D/L6/7F/SD59/AHU RM SD  
6:6-60,HTRI-R,L6,D,D/L6/7F/CM60/AHU RM CM  
6:6-61,HFP-11,L6,D,D/L6/7F/SD61/CORR NR E.R.
6:6-62,HFP-11,L6,D,D/L6/7F/SD62/CORR NR E.R.
6:6-63,HFP-11,L6,D,D/L6/7F/SD63/CORR NR 7200
6:6-64,HFP-11,L6,D,D/L6/7F/SD64/CORR NR 7420
6:6-65,HFP-11,L6,D,D/L6/7F/SD65/CORR NR 7420
6:6-66,HFP-11,L6,D,D/L6/7F/SD66/CORR NR 7222
6:6-67,HFP-11,L6,D,D/L6/7F/SD67/CORR NR 7222
6:6-68,HMS-S/D/M/SA,L6,D,D/L6/7F/MCP68/FIRE ESC STR
6:6-69,HTRI-R,L6,D,D/L6/7F/CM69/FIRE ESC STR
6:6-70,HFP-11,L6,D,D/L6/7F/SD70/LIFT LOBBY SD  
6:6-71,HFP-11,L6,D,D/L6/7F/SD71/AHU RM SD  
6:6-72,HTRI-R,L6,D,D/L6/7F/CM72/AHU RM CM  
6:6-73,HFP-11,L6,D,D/L6/7F/SD73/LIFT LOBBY SD
6:6-74,HTRI-S,L6,D,D/L6/7F/MM74/FIRE SHAFT L.L.  
6:6-75,HTRI-R,L6,D,D/L6/7F/CM75/FIRE SHAFT L.L.  
6:6-75,HTRI-R,L6,D,D/L6/7F/CM75/FIRE SHAFT L.L.  
6:6-76,HMS-S/D/M/SA,L6,D,D/L6/7F/MCP76/FIRE SHAFT L.L.  
6:6-77,HFP-11,L6,D,D/L6/DC6112/SD77/Reception
6:6-78,HFPT-11,L6,D,D/L6/DC6112/HD78/Pantry
6:6-79,HFP-11,L6,D,D/L6/DC6112/SD79/Account staff
6:6-80,HFPT-11,L6,D,D/L6/DC6112/HD80/Psg nr Assorter
6:6-81,HFP-11,L6,D,D/L6/DC6112/SD81/Assorter cab
6:6-82,HFP-11,L6,D,D/L6/DC6112/SD82/Store room
6:6-83,HFP-11,L6,D,D/L6/DC6112/SD83/Main cab
6:6-84,HFP-11,L6,D,D/L6/DC6112/SD84/Main cab
6:6-85,HFP-11,L6,D,D/L6/DC6112/SD85/Manager cab
6:6-86,HTRI-R,L6,D,D/L6/DC6112/CM86/Psg nr Entry
6:6-87,HMS-S/D/M/SA,L6,D,D/L6/DC6112/MCP87/Psg nr Entry
6:6-88,HFP-11,L6,D,D/L6/DC6111AA/SD88/Reception 
6:6-89,HFP-11,L6,D,D/L6/DC6111A/SD89/Accounts cab
6:6-90,HFP-11,L6,D,D/L6/DC6111A/SD90/Pantry 
6:6-91,HTRI-S,L6,D,D/L6/7F/MM91/DC7070
6:6-92,HTRI-S,L6,D,D/L6/7F/MM92/DC7062
6:6-94,HTRI-S,L6,D,D/L6/7F/MM94/DC7090
6:6-95,HTRI-S,L6,D,D/L6/7F/MM95/DC7101
6:6-96,HFP-11,L6,D,D/L6/SD96/DC6210/CABIN 1
6:6-97,HTRI-S,L6,D,D/L6/7F/MM97/DC7040
6:6-98,HTRI-S,L6,D,D/L6/7F/MM98/DC7110
6:6-99,HTRI-S,L6,D,D/L6/7F/MM99/DC7120
6:6-100,HTRI-S,L6,D,D/L6/7F/MM100/DC7030
6:6-101,HFP-11,L6,D,D/L6/SD101/DC6210/CABIN 2/MAIN C
6:6-102,HTRI-S,L6,D,D/L6/7F/MM102/DC7140
6:6-103,HTRI-S,L6,D,D/L6/7F/MM103/DC7020
6:6-104,HTRI-S,L6,D,D/L6/7F/MM104/DC7150
6:6-105,HTRI-S,L6,D,D/L6/7F/MM105/DC7160
6:6-106,HTRI-S,L6,D,D/L6/7F/MM106/DC7010
6:6-107,HTRI-S,L6,D,D/L6/7F/MM107/DC7-extra
6:6-108,HTRI-S,L6,D,D/L6/7F/MM108/DC7170
6:6-110,HFP-11,L6,D,D/L6/SD110/DC6210/CABIN 3
6:6-111,HTRI-S,L6,D,D/L6/7F/MM111/DC7190
6:6-112,HFP-11,L6,D,D/L6/SD112/DC6210/CABIN 4
6:6-113,HFP-11,L6,D,D/L6/SD113/DC6210/RECEPTION
6:6-114,HTRI-S,L6,D,D/L6/7F/MM114/DC7211
6:6-115,HTRI-S,L6,D,D/L6/7F/MM115/DC7250
6:6-116,HFP-11,L6,D,D/L6/SD116/DC6210/PANTRY
6:6-117,HTRI-S,L6,D,D/L6/6F/MM117/DC6200
6:6-118,HTRI-S,L6,D,D/L6/7F/MM118/DC7213
6:6-120,HFP-11,L6,D,D/L6/SD120/DC7050/Psg Nr. MAIN C
6:6-121,HMS-S/D/M/SA,L6,D,D/L6/MCP121/DC7050/ENTRY PSG
6:6-122,HFP-11,L6,D,D/L6/SD122/DC7050/MAIN CABIN 1
6:6-123,HFP-11,L6,D,D/L6/SD123/DC7050/MAIN CABIN2
6:6-124,HFP-11,L6,D,D/L6/SD124/DC7050/ASSORTOR CABIN
6:6-125,HFPT-11,L6,D,D/L6/HD125/DC7050/Pantry
6:6-126,HTRI-S,L6,D,D/L6/6F/MM126/DC6220
6:6-127,HTRI-R,L6,D,D/L6/CM127/DC7050/ENTRY PSG. AFC
6:6-128,HTRI-S,L6,D,D/L6/6F/MM128/DC6190
6:6-129,HTRI-S,L6,D,D/L6/6F/MM129/DE6010
6:6-130,HTRI-S,L6,D,D/L6/6F/MM130/DC6020
6:6-131,HTRI-S,L6,D,D/L6/6F/MM131/DC6180
6:6-132,HTRI-S,L6,D,D/L6/6F/MM132/DC6170
6:6-133,HTRI-R,L6,D,D/L6/CM133/DC6210/AFC ENTRY PSG
6:6-134,HMS-S/D/M/SA,L6,D,D/L6/MCP134/DC6210/ENTRY DR
6:6-135,HTRI-S,L6,D,D/L6/6F/MM135/DC6160
6:6-136,HTRI-S,L6,D,D/L6/6F/MM136/DC6050
6:6-140,HTRI-S,L6,D,D/L6/6F/MM140/DC6130
6:6-142,HTRI-S,L6,D,D/L6/6F/MM142/DC6080
6:6-143,HTRI-S,L6,D,D/L6/6F/MM143/DC6120
6:6-144,HMS-S/D/M/SA,L6,D,D/L6/DC6111A/MCP144/Psg nr Entry
6:6-145,HMS-S/D/M/SA,L6,D,D/L6/DC6111B/MCP145/Psg nr Entry
6:6-146,HTRI-S,L6,D,D/L6/6F/MM146/DC6091
6:6-147,HTRI-R,L6,D,D/L6/DC6111B/CM147/Psg nr Entry
6:6-148,HTRI-S,L6,D,D/L6/6F/MM148/DC6092
6:6-149,HTRI-S,L6,D,D/L6/7F/MM149/DE7010
6:6-150,HFP-11,L6,D,D/L6/SD150/DC7131/32/AcountCabin
6:6-151,HFP-11,L6,D,D/L6/SD151/DC7131/32/Asort Cabin
6:6-152,HFP-11,L6,D,D/L6/SD152/DC7131/32/Main Cabin 
6:6-153,HFP-11,L6,D,D/L6/SD153/DC7131/32/Main Cabin
6:6-154,HFP-11,L6,D,D/L6/SD154/DC7131/32/WaitingRoom
6:6-155,HFP-11,L6,D,D/L6/SD155/DC7131/32/Entry Psg 
6:6-156,HFPT-11,L6,D,D/L6/HD156/DC7131/32/Pantry
6:6-157,HTRI-R,L6,D,D/L6/CM157/DC7131/32/EtyDoor Psg
6:6-158,HMS-S/D/M/SA,L6,D,D/L6/MCP158/DC7131/32/EntDoorNrP
6:6-175,HFP-11,L6,D,D/L6/DC7080/SD175/Psg nr Entry
6:6-176,HFP-11,L6,D,D/L6/DC7080/SD176/Main cab
6:6-177,HFP-11,L6,D,D/L6/DC7080/SD177/Accounts cab
6:6-178,HTRI-R,L6,D,D/L6/DC7080/CM178/Psg nr Entry
6:6-179,HMS-S/D/M/SA,L6,D,D/L6/DC7080/MCP179/Psg nr Entry
6:6-186,HFP-11,L6,D,D/L6/DC6111A/SD186/Lunch rm
6:6-187,HFP-11,L6,D,D/L6/DC6111A/SD187/Psg nr Acc ca
6:6-188,HFP-11,L6,D,D/L6/DC6111A/SD188/Psg nr Assort
6:6-189,HFP-11,L6,D,D/L6/DC6111A/SD189/Assorter cab 
6:6-190,HFP-11,L6,D,D/L6/DC6111A/SD190/Assorter cab 
6:6-191,HFP-11,L6,D,D/L6/DC6111A/SD191/Buyers cab1
6:6-192,HFP-11,L6,D,D/L6/DC6111A/SD192/Rajubhai
6:6-193,HFP-11,L6,D,D/L6/DC6111A/SD193/Pappubhai
6:6-194,HFP-11,L6,D,D/L6/DC6111A/SD194/Buyer cab2
6:6-195,HFP-11,L6,D,D/L6/DC7180/SD195/Pantry
6:6-196,HFP-11,L6,D,D/L6/DC7180/SD196/Reception
6:6-197,HFP-11,L6,D,D/L6/DC7180/SD197/Cab 4
6:6-198,HFP-11,L6,D,D/L6/DC7180/SD198/Cab 1
6:6-199,HFP-11,L6,D,D/L6/DC7180/SD199/Cab 2
6:6-200,HFP-11,L6,D,D/L6/DC7180/SD200/Cab 3
6:6-201,HFP-11,L6,D,D/L6/DC7180/SD201/Psg nr cab 4
6:6-202,HFP-11,L6,D,D/L6/DC7180/SD202/Assorter cab
6:6-203,HFP-11,L6,D,D/L6/DC7180/SD203/Accounts cab
6:6-204,HTRI-R,L6,D,D/L6/DC7180/CM204/Psg nr Entry
6:6-205,HMS-S/D/M/SA,L6,D,D/L6/DC7180/MCP205/Psg nr Entry
6:6-206,HFP-11,L6,D,D/L6/DC6111A/SD206/Bharat bahi
6:6-207,HFP-11,L6,D,D/L6/DC6111A/SD207/Chetali cab
6:6-208,HFP-11,L6,D,D/L6/DC6111A/SD208/Meeting rm
6:6-214,HFP-11,L6,D,D/L6/DC7190A/SD214/Main Cab
6:6-215,HFP-11,L6,D,D/L6/DC7190A/SD215/Entr Psg
6:6-216,HTRI-R,L6,D,D/L6/DC7190A/CM216/Entry Psg AFC
6:6-217,HMS-S/D/M/SA,L6,D,D/L6/DC7190A/MCP217/Psg Nr Entry
6:6-226,HFP-11,L6,D,D/L6/DC7200/SD226/Assorter cab
6:6-227,HFP-11,L6,D,D/L6/DC7200/SD227/Assorter cab
6:6-228,HFPT-11,L6,D,D/L6/DC7200/HD228/Pantry
6:6-229,HTRI-R,L6,D,D/L6/DC7200/CM229/Psg nr Entry
6:6-230,HMS-S/D/M/SA,L6,D,D/L6/DC7200/MCP230/Psg nr Entry
6:6-240,HFP-11,L6,D,D/L6/DC6070/SD240/Assorter cab
6:6-241,HFP-11,L6,D,D/L6/DC6070/SD241/Main cab
6:6-242,HFP-11,L6,D,D/L6/DC6070/SD242/Main cab
6:6-243,HFP-11,L6,D,D/L6/DC6070/SD243/Pantry
6:6-244,HTRI-R,L6,D,D/L6/DC6070/CM244/Psg nr Entry
6:6-245,HMS-S/D/M/SA,L6,D,D/L6/DC6070/MCP245/Psg nr Entry
6:6-246,HFP-11,L6,D,D/L6/DC6140/SD246/Accounts cab
6:6-247,HFP-11,L6,D,D/L6/DC6140/SD247/Main cab
6:6-248,HFP-11,L6,D,D/L6/DC6140/SD248/cab 1
6:6-249,HFP-11,L6,D,D/L6/DC6140/SD249/Psg nr Main ca
6:6-250,HFP-11,L6,D,D/L6/DC6140/SD250/Psg nr Entry
6:6-251,HTRI-R,L6,D,D/L6/DC6140/CM251/Psg nr Entry
6:6-252,HMS-S/D/M/SA,L6,D,D/L6/DC6140/MCP252/Psg nr Entry
6:13-1,HFP-11,L10,D,D/L10/DE3200/SD1/Entry dr Psg
6:13-2,HFP-11,L10,D,D/L10/DE3200/SD2/Pantry
6:13-3,HFP-11,L10,D,D/L10/DE3200/SD3/Accounts cab
6:13-4,HFP-11,L10,D,D/L10/DE3200/SD4/Main cab
6:13-5,HFP-11,L10,D,D/L10/DE3200/SD5/Main cab
6:13-6,HFP-11,L10,D,D/L10/DE3200/SD6/Assorter cab
6:13-7,HTRI-R,L10,D,D/L10/DE3200/CM7/Entry dr Psg
6:13-8,HMS-S/D/M/SA,L10,D,D/L10/DE3200/MCP8/Entry dr Psg
6:13-9,HFP-11,L10,D,D/L10/DE5041/SD9/Accounts cab
6:13-10,HFP-11,L10,D,D/L10/DE5041/SD10/Main cab 1
6:13-11,HFP-11,L10,D,D/L10/DE5041/SD11/Main cab 2
6:13-12,HFP-11,L10,D,D/L10/DE5041/SD12/Main cab 3
6:13-13,HFP-11,L10,D,D/L10/DE5041/SD13/Main cab 3
6:13-14,HFP-11,L10,D,D/L10/DE5041/SD14/Assorter cab
6:13-15,HFP-11,L10,D,D/L10/DE5041/SD15/Pantry
6:13-16,HFP-11,L10,D,D/L10/DE5041/SD16/Entry dr Psg
6:13-17,HTRI-R,L10,D,D/L10/DE5041/CM17/AFC Entry dr P
6:13-18,HMS-S/D/M/SA,L10,D,D/L10/DE5041/MCP18/Entry dr Psg
6:13-19,HFP-11,L10,D,D/L10/DE5120/SD19/Assorter cab 1
6:13-20,HFP-11,L10,D,D/L10/DE5120/SD20/Assorter cab 2
6:13-21,HFP-11,L10,D,D/L10/DE5120/SD21/Main cab
6:13-22,HFP-11,L10,D,D/L10/DE5120/SD22/Entry Psg
6:13-23,HFP-11,L10,D,D/L10/DE5120/SD23/Pantry
6:13-24,HTRI-R,L10,D,D/L10/DE5120/CM24/Entry Psg
6:13-25,HMS-S/D/M/SA,L10,D,D/L10/DE5120/MCP25/Entry Psg
6:13-26,HFP-11,L10,D,D/L10/DE3010/SD26/Accounts cab
6:13-27,HFP-11,L10,D,D/L10/DE3010/SD27/Buyer cab
6:13-28,HFP-11,L10,D,D/L10/DE3010/SD28/Main cab
6:13-29,HFP-11,L10,D,D/L10/DE3010/SD29/Entry dr psg
6:13-30,HTRI-R,L10,D,D/L10/DE3010/CM30/Entry dr psg
6:13-31,HMS-S/D/M/SA,L10,D,D/L10/DE3010/MCP31/Entry dr psg
6:13-32,HFP-11,L10,D,D/L10/DE5090/SD32/Cab nr Washrm
6:13-33,HFP-11,L10,D,D/L10/DE5090/SD33/Main cab
6:13-34,HFP-11,L10,D,D/L10/DE5090/SD34/Buyer cab
6:13-35,HFP-11,L10,D,D/L10/DE5090/SD35/Psg nr MC
6:13-36,HFP-11,L10,D,D/L10/DE5090/SD36/Accounts cab
6:13-37,HFP-11,L10,D,D/L10/DE5090/SD37/Psg nr Acc. Ca
6:13-38,HFP-11,L10,D,D/L10/DE5090/SD38/Entry dr psg
6:13-39,HFP-11,L10,D,D/L10/DE5090/SD39/Pantry
6:13-40,HTRI-R,L10,D,D/L10/DE5090/CM40/Entry dr psg
6:13-40,HTRI-R,L10,D,D/L10/DE5090/CM40/Entry dr psg
6:13-41,HMS-S/D/M/SA,L10,D,D/L10/DE5090/MCP41/Entry dr psg
6:13-45,HFP-11,L10,D,D/L10/DE5150/SD45/Main cab
6:13-46,HFP-11,L10,D,D/L10/DE5150/SD46/Assorter cab
6:13-47,HFP-11,L10,D,D/L10/DE5150/SD47/Entry dr psg
6:13-48,HTRI-R,L10,D,D/L10/DE5150/CM48/AFC Entry dr p
6:13-49,HMS-S/D/M/SA,L10,D,D/L10/DE5150/MCP49/Entry dr psg
6:13-50,HFP-11,L10,D,D/L10/DE3190/SD50/Main cab
6:13-51,HFP-11,L10,D,D/L10/DE3190/SD51/Assorter cab
6:13-52,HFP-11,L10,D,D/L10/DE3190/SD52/DM Cab
6:13-53,HFP-11,L10,D,D/L10/DE3190/SD53/Account cab
6:13-54,HFP-11,L10,D,D/L10/DE3190/SD54/Reception psg
6:13-55,HFP-11,L10,D,D/L10/DE3190/SD55/Psg nr MC
6:13-56,HFP-11,L10,D,D/L10/DE3190/SD56/Pantry
6:13-57,HTRI-R,L10,D,D/L10/DE3190/CM57/AFC Entry Psg
6:13-58,HMS-S/D/M/SA,L10,D,D/L10/DE3190/MCP58/Entry Psg
6:13-59,HFP-11,L10,D,D/L10/DE3150/SD59/Main cab
6:13-60,HFP-11,L10,D,D/L10/DE3150/SD60/Accounts cab
6:13-61,HFP-11,L10,D,D/L10/DE3150/SD61/Entry Psg
6:13-62,HFP-11,L10,D,D/L10/DE3150/SD62/Pantry
6:13-63,HTRI-R,L10,D,D/L10/DE3150/CM63/AFC Pantry
6:13-64,HMS-S/D/M/SA,L10,D,D/L10/DE3150/MCP64/Entry Psg
6:13-65,HFP-11,L10,D,D/L10/DE3070/SD65/Main cab
6:13-66,HFP-11,L10,D,D/L10/DE3070/SD66/Account cab
6:13-67,HFP-11,L10,D,D/L10/DE3070/SD67/Entry dr Psg
6:13-68,HTRI-R,L10,D,D/L10/DE3070/CM68/AFC Entry Psg
6:13-69,HMS-S/D/M/SA,L10,D,D/L10/DE3070/MCP69/Nr Accounts c
6:13-70,HFP-11,L10,D,D/L10/DE3220/SD70/Main cab
6:13-71,HFP-11,L10,D,D/L10/DE3220/SD71/Assorter cab
6:13-72,HFP-11,L10,D,D/L10/DE3220/SD72/Psg nr Assorte
6:13-73,HFPT-11,L10,D,D/L10/DE3220/HD73/Pantry
6:13-74,HTRI-R,L10,D,D/L10/DE3220/CM74/Entry dr Psg
6:13-75,HMS-S/D/M/SA,L10,D,D/L10/DE3220/MCP75/Entry dr Psg
6:13-76,HFP-11,L10,D,D/L10/DE3260/SD76/Account cab
6:13-77,HFP-11,L10,D,D/L10/DE3260/SD77/Main cab
6:13-78,HFP-11,L10,D,D/L10/DE3260/SD78/Assorter cab
6:13-79,HFP-11,L10,D,D/L10/DE3260/SD79/Psg nr MC
6:13-80,HFP-11,L10,D,D/L10/DE3260/SD80/Pantry
6:13-81,HTRI-R,L10,D,D/L10/DE3260/CM81/Entry dr psg
6:13-81,HTRI-R,L10,D,D/L10/DE3260/CM81/Entry dr psg
6:13-82,HMS-S/D/M/SA,L10,D,D/L10/DE3260/MCP82/Entry dr psg
6:13-83,HFP-11,L10,D,D/L10/DE3090/SD83/Main cab
6:13-84,HFP-11,L10,D,D/L10/DE3090/SD84/Assorter cab
6:13-85,HFP-11,L10,D,D/L10/DE3090/SD85/Pantry
6:13-86,HTRI-R,L10,D,D/L10/DE3090/CM86/AFC pantry
6:13-87,HMS-S/D/M/SA,L10,D,D/L10/DE3090/MCP87/Entry dr psg
6:13-88,HFP-11,L10,D,D/L10/DE3170/SD88/Main cab
6:13-89,HFP-11,L10,D,D/L10/DE3170/SD89/Assorter cab
6:13-90,HFP-11,L10,D,D/L10/DE3170/SD90/Psg nr Entry
6:13-91,HTRI-R,L10,D,D/L10/DE3170/CM91/Psg nr Entry
6:13-92,HMS-S/D/M/SA,L10,D,D/L10/DE3170/MCP92/Psg nr Entry
6:13-93,HFP-11,L10,D,D/L10/DE3110/SD93/Main cab
6:13-94,HFP-11,L10,D,D/L10/DE3110/SD94/Account cab
6:13-95,HFP-11,L10,D,D/L10/DE3110/SD95/Psg nr Acc. ca
6:13-96,HFPT-11,L10,D,D/L10/DE3110/HD96/Pantry
6:13-97,HTRI-R,L10,D,D/L10/DE3110/CM97/AFC Pantry
6:13-98,HMS-S/D/M/SA,L10,D,D/L10/DE3110/MCP98/Psg nr Pantry
6:13-99,HFP-11, L10,D,D/ L10/SD99/DE3040/MAIN CABIN
6:13-100,HFP-11,L10,D,D/L10/SD100/DE3040/CABIN 1
6:13-101,HFP-11,L10,D,D/L10/SD101/DE3040/CABIN 2
6:13-102,HFP-11,L10,D,D/L10/SD102/DE3040/PSG NR MAIN C
6:13-103,HFP-11,L10,D,D/L10/SD103/DE3040/PANTRY
6:13-104,HTRI-R,L10,D,D/L10/CM104/DE3040/AFC ENTRY PSG
6:13-105,HMS-S/D/M/SA,L10,D,D/L10/MCP105/DE3040/ ENTRY PSG
6:13-173,HFP-11, L10,D,D/ L10/SD173/DE3020/MAIN CABIN 1
6:13-174,HFP-11, L10,D,D/ L10/SD174/DE3020/MAIN CABIN 2
6:13-175,HFP-11, L10,D,D/ L10/SD175/DE3020/ACCOUNT CABI
6:13-176,HFP-11, L10,D,D/ L10/SD176/DE3020/PANTRY
6:13-177,HTRI-R, L10,D,D/ L10/CM177/DE3020/AFC ENTRY PS
6:13-178,HMS-S/D/M/SA, L10,D,D/ L10/MCP178/DE3020/ ENTRY PSG
6:13-181,HFP-11, L10,D,D/ L10/DE5140/SD181/Pantry
6:13-182,HFP-11, L10,D,D/ L10/DE5140/SD182/Account Cab
6:13-183,HFP-11,L10,D,D/L10/DE5140/SD183/Assortor Cab
6:13-184,HFP-11,L10,D,D/L10/DE5140/SD184/Main Cabin
6:13-185,HFP-11,L10,D,D/L10/DE5140/SD185/Psg Nr Pantry
6:13-186,HTRI-R,L10,D,D/L10/DE5140/CM186/EntryPsgAFC
6:13-187,HMS-S/D/M/SA,L10,D,D/L10/DE5140/MCP187/Entry Psg
6:13-189,HFP-11, L10,D,D/ L10/DE5080A/SD189/Cab 103
6:13-190,HFP-11, L10,D,D/ L10/DE5080A/SD190/Cab 104
6:13-191,HFP-11,L10,D,D/L10/DE5080A/SD191/CabDryPantry
6:13-192,HFP-11, L10,D,D/ L10/DE5080A/SD192/Cab 102
6:13-193,HFP-11, L10,D,D/ L10/DE5080A/SD193/Cab 101
6:13-194,HFP-11, L10,D,D/ L10/DE5080A/SD194/Reception P
6:13-195,HTRI-R,L10,D,D/L10/DE5080A/CM195/EntryPsgAFC
6:13-196,HMS-S/D/M/SA,L10,D,D/L10/DE5080A/MCP196/Entry Psg
6:14-12,HFP-11,L11,D,D/L11/DC1150A/SD12/Assorter cab
6:14-13,HFP-11,L11,D,D/L11/DC1150A/SD13/Account cab
6:14-15,HFP-11,L11,D,D/L11/DC1150A/SD15/Main cab
6:14-17,HFP-11,L11,D,D/L11/DC1150A/SD17/Main cab
6:14-19,HFP-11,L11,D,D/L11/DC2073/SD19/Cab 1
6:14-20,HFP-11,L11,D,D/L11/DC2073/SD20/Cab 1
6:14-21,HFP-11,L11,D,D/L11/DC2073/SD21/Cab 2
6:14-22,HFP-11,L11,D,D/L11/DC2073/SD22/Cab 2
6:14-23,HFP-11,L11,D,D/L11/DC2073/SD23/Cab 3
6:14-24,HFP-11,L11,D,D/L11/DC2073/SD24/Cab 4
6:14-25,HFP-11,L11,D,D/L11/DC2073/SD25/Psg nr Cab 2
6:14-26,HFP-11,L11,D,D/L11/DC2073/SD26/Assorter cab
6:14-27,HFP-11,L11,D,D/L11/DC2073/SD27/Pantry
6:14-28,HFP-11,L11,D,D/L11/DC2073/SD28/Reception
6:14-29,HFP-11,L11,D,D/L11/DC2073/SD29/Psg nr Main En
6:14-30,HTRI-R,L11,D,D/L11/DC2073/CM30/Main Entry
6:14-31,HMS-S/D/M/SA,L11,D,D/L11/DC2073/MCP31/Main Entry
6:14-32,HFP-11,L11,D,D/L11/DC4141/SD32/Main Cab 1
6:14-33,HFP-11,L11,D,D/L11/DC4141/SD33/Main Cab 2
6:14-34,HFP-11,L11,D,D/L11/DC4141/SD34/Entry Psg
6:14-35,HFP-11,L11,D,D/L11/DC4141/SD35/Pantry
6:14-36,HTRI-R,L11,D,D/L11/DC4141/CM36/AFC New Pantry
6:14-37,HMS-S/D/M/SA,L11,D,D/L11/DC4141/MCP37/New Pantry
6:14-38,HFP-11,L11,D,D/L11/DC4060/SD38/Main Cab 1
6:14-39,HFP-11,L11,D,D/L11/DC4060/SD39/Main Cab 2
6:14-40,HFP-11,L11,D,D/L11/DC4060/SD40/Entry Psg
6:14-41,HFP-11,L11,D,D/L11/DC4060/SD41/Lunch room
6:14-42,HFP-11,L11,D,D/L11/DC4060/SD42/Pantry dr side
6:14-43,HTRI-R,L11,D,D/L11/DC4060/CM43/AFC Entry Psg
6:14-44,HMS-S/D/M/SA,L11,D,D/L11/DC4060/MCP44/Entry Psg
6:14-45,HFP-11,L11,D,D/L11/DC4050/SD45/Main Cab
6:14-46,HFP-11,L11,D,D/L11/DC4050/SD46/Assorter cab
6:14-47,HFP-11,L11,D,D/L11/DC4050/SD47/Psg nr Assorte
6:14-48,HFPT-11,L11,D,D/L11/DC4050/HD48/Pantry
6:14-49,HTRI-R,L11,D,D/L11/DC4050/CM49/Entry dr Psg
6:14-50,HMS-S/D/M/SA,L11,D,D/L11/DC4050/MCP50/Entry dr Psg
6:14-51,HFP-11,L11,D,D/L11/DC4071/SD51/Account Cab
6:14-52,HFP-11,L11,D,D/L11/DC4071/SD52/Main cab
6:14-53,HFP-11,L11,D,D/L11/DC4071/SD53/Assorter cab
6:14-54,HFP-11,L11,D,D/L11/DC4071/SD54/Assorter cab
6:14-55,HFP-11,L11,D,D/L11/DC4071/SD55/Psg nr Pantry
6:14-56,HFPT-11,L11,D,D/L11/DC4071/HD56/Pantry
6:14-57,HTRI-R,L11,D,D/L11/DC4071/CM57/Entry dr psg
6:14-58,HMS-S/D/M/SA,L11,D,D/L11/DC4071/MCP58/Entry dr psg
6:14-59,HFP-11,L11,D,D/L11/DC4072/SD59/Sales cab
6:14-60,HFP-11,L11,D,D/L11/DC4072/SD60/Accounts cab
6:14-61,HFP-11,L11,D,D/L11/DC4072/SD61/Main cab
6:14-62,HFP-11,L11,D,D/L11/DC4072/SD62/Pantry
6:14-63,HFP-11,L11,D,D/L11/DC4072/SD63/Assorter cab
6:14-64,HFP-11,L11,D,D/L11/DC4072/SD64/Psg nr MC
6:14-65,HFP-11,L11,D,D/L11/DC4072/SD65/GAI Cab
6:14-66,HFP-11,L11,D,D/L11/DC4072/SD66/GAI Cab
6:14-67,HFP-11,L11,D,D/L11/DC4072/SD67/Entry Psg
6:14-68,HFP-11,L11,D,D/L11/DC4072/SD68/Entry Psg
6:14-69,HTRI-R,L11,D,D/L11/DC4072/CM69/Entry Psg
6:14-70,HMS-S/D/M/SA,L11,D,D/L11/DC4072/MCP70/Entry Psg
6:14-71,HFP-11,L11,D,D/L11/DC3030/SD71/Main cab
6:14-72,HFP-11,L11,D,D/L11/DC3030/SD72/Pantry
6:14-73,HFP-11,L11,D,D/L11/DC3030/SD73/Assorter cab
6:14-74,HFP-11,L11,D,D/L11/DC3030/SD74/Entry dr Psg
6:14-75,HTRI-R,L11,D,D/L11/DC3030/CM75/Entry dr Psg
6:14-76,HMS-S/D/M/SA,L11,D,D/L11/DC3030/MCP76/Entry dr Psg
6:14-77,HFP-11,L11,D,D/L11/DC3040/SD77/Main cab
6:14-78,HFP-11,L11,D,D/L11/DC3040/SD78/Assorter cab
6:14-79,HFP-11,L11,D,D/L11/DC3040/SD79/Entry dr Psg
6:14-80,HTRI-R,L11,D,D/L11/DC3040/CM80/Entry dr Psg
6:14-81,HMS-S/D/M/SA,L11,D,D/L11/DC3040/MCP81/Entry dr Psg
6:14-82,HFP-11,L11,D,D/L11/DC2010/SD82/Main cab
6:14-83,HFP-11,L11,D,D/L11/DC2010/SD83/Main cab
6:14-84,HFP-11,L11,D,D/L11/DC2010/SD84/Assorter cab
6:14-85,HFP-11,L11,D,D/L11/DC2010/SD85/Psg nr MC
6:14-86,HTRI-R,L11,D,D/L11/DC2010/CM86/Psg nr MC
6:14-86,HTRI-R,L11,D,D/L11/DC2010/CM86/Psg nr MC
6:14-87,HMS-S/D/M/SA,L11,D,D/L11/DC2010/MCP87/Psg nr MC
6:14-88,HFP-11,L11,D,D/L11/DC2170/SD88/Main cab
6:14-89,HFP-11,L11,D,D/L11/DC2170/SD89/Main cab
6:14-90,HFP-11,L11,D,D/L11/DC2170/SD90/Main cab
6:14-91,HFP-11,L11,D,D/L11/DC2170/SD91/Main cab
6:14-92,HTRI-R,L11,D,D/L11/DC2170/CM92/Main cab
6:14-93,HMS-S/D/M/SA,L11,D,D/L11/DC2170/MCP93/Main cab
6:14-94,HFP-11,L11,D,D/L11/DC5050/SD94/Assorter cab
6:14-95,HFP-11,L11,D,D/L11/DC5050/SD95/Assorter cab
6:14-96,HFP-11,L11,D,D/L11/DC5050/SD96/Assorter cab
6:14-97,HFP-11,L11,D,D/L11/DC5050/SD97/Entry Psg
6:14-98,HFP-11,L11,D,D/L11/DC5050/SD98/Entry Psg
6:14-99,HTRI-R,L11,D,D/L11/DC5050/CM99/Entry Psg
6:14-100,HMS-S/D/M/SA,L11,D,D/L11/DC5050/MCP100/Entry Psg
6:14-101,HFP-11,L11,D,D/L11/DC3170/SD101/Pantry
6:14-102,HFP-11,L11,D,D/L11/DC3170/SD102/Assorter cab
6:14-103,HFP-11,L11,D,D/L11/DC3170/SD103/Assorter cab
6:14-104,HFP-11,L11,D,D/L11/DC3170/SD104/Main cab
6:14-105,HFP-11,L11,D,D/L11/DC3170/SD105/Entry Psg
6:14-106,HTRI-R,L11,D,D/L11/DC3170/CM106/Entry Psg
6:14-107,HMS-S/D/M/SA,L11,D,D/L11/DC3170/MCP107/Entry Psg
6:14-108,HFP-11,L11,D,D/L11/DC1050/SD108/Assorter cab
6:14-109,HFP-11,L11,D,D/L11/DC1050/SD109/Main cab
6:14-110,HFP-11,L11,D,D/L11/DC1050/SD110/Account cab
6:14-111,HFP-11,L11,D,D/L11/DC1050/SD111/Pantry
6:14-112,HTRI-R,L11,D,D/L11/DC1050/CM112/Entry dr Psg
6:14-113,HMS-S/D/M/SA,L11,D,D/L11/DC1050/MCP113/Entry dr Psg
6:14-114,HFP-11,L11,D,D/L11/DC1060/SD114/Main cab
6:14-115,HFP-11,L11,D,D/L11/DC1060/SD115/Assorter cab
6:14-116,HFP-11,L11,D,D/L11/DC1060/SD116/Lunch cab
6:14-117,HTRI-R,L11,D,D/L11/DC1060/CM117/AFC Entry Psg
6:14-118,HMS-S/D/M/SA,L11,D,D/L11/DC1060/MCP118/Entry Psg
6:14-119,HFP-11,L11,D,D/L11/DC1010/SD119/Assorter cab
6:14-120,HFP-11,L11,D,D/L11/DC1010/SD120/Main cab
6:14-121,HFP-11,L11,D,D/L11/DC1010/SD121/Entry Psg
6:14-122,HTRI-R,L11,D,D/L11/DC1010/CM122/Entry Psg
6:14-123,HMS-S/D/M/SA,L11,D,D/L11/DC1010/MCP123/Entry Psg
6:14-124,HFP-11,L11,D,D/L11/DC5130/SD124/Main cab
6:14-125,HFP-11,L11,D,D/L11/DC5130/SD125/Main cab
6:14-126,HFP-11,L11,D,D/L11/DC5130/SD126/Assorter cab
6:14-127,HFP-11,L11,D,D/L11/DC5130/SD127/Entry Psg
6:14-128,HTRI-R,L11,D,D/L11/DC5130/CM128/Entry Psg
6:14-129,HMS-S/D/M/SA,L11,D,D/L11/DC5130/MCP129/Entry Psg
6:14-130,HFP-11,L11,D,D/L11/DC3010/SD130/Main cab
6:14-131,HFP-11,L11,D,D/L11/DC3010/SD131/Accounts cab
6:14-132,HFP-11,L11,D,D/L11/DC3010/SD132/Entry Psg
6:14-133,HFPT-11,L11,D,D/L11/DC3010/HD133/Pantry
6:14-134,HTRI-R,L11,D,D/L11/DC3010/CM134/Entry Psg
6:14-135,HMS-S/D/M/SA,L11,D,D/L11/DC3010/MCP135/Entry Psg
6:14-136,HFP-11,L11,D,D/L11/DC2180/SD136/Accounts cab 
6:14-137,HFP-11,L11,D,D/L11/DC2180/SD137/Accounts cab 
6:14-138,HFP-11,L11,D,D/L11/DC2180/SD138/Main cab
6:14-139,HFP-11,L11,D,D/L11/DC2180/SD139/Assorter cab
6:14-140,HFP-11,L11,D,D/L11/DC2180/SD140/Entry dr psg
6:14-141,HFP-11,L11,D,D/L11/DC2180/SD141/Pantry
6:14-142,HTRI-R,L11,D,D/L11/DC2180/CM142/AFC Pantry
6:14-143,HMS-S/D/M/SA,L11,D,D/L11/DC2180/MCP143/Pantry side
6:14-144,HFP-11,L11,D,D/L11/DC3090A/SD144/Assoror Cab
6:14-145,HFP-11,L11,D,D/L11/DC3090A/SD145/Cabin 2
6:14-146,HFP-11,L11,D,D/L11/DC3090A/SD146/Cabin 3
6:14-147,HFP-11,L11,D,D/L11/DC3090A/SD147/Psg.Nr. Cab2
6:14-148,HFP-11,L11,D,D/L11/DC3090A/SD148/Pantry 
6:14-149,HTRI-R,L11,D,D/L11/DC3090A/CM149/AFC Entry Ps
6:14-150,HFP-11,L11,D,D/L11/DC2150/SD150/Assorter cab
6:14-151,HFP-11,L11,D,D/L11/DC2150/SD151/Main cab 1
6:14-152,HFP-11,L11,D,D/L11/DC2150/SD152/Main cab 2
6:14-153,HFP-11,L11,D,D/L11/DC2150/SD153/Main cab 3
6:14-154,HFP-11,L11,D,D/L11/DC2150/SD154/Main cab 4
6:14-155,HFP-11,L11,D,D/L11/DC2150/SD155/Entry Psg
6:14-156,HFP-11,L11,D,D/L11/DC2150/SD156/Pantry
6:14-157,HTRI-R,L11,D,D/L11/DC2150/CM157/AFC Pantry
6:14-158,HMS-S/D/M/SA,L11,D,D/L11/DC2150/MCP158/Entry Psg
6:14-159,HFP-11,L11,D,D/L11/DC2050/SD159/Assorter cab
6:14-160,HFP-11,L11,D,D/L11/DC2050/SD160/Main cab
6:14-161,HFP-11,L11,D,D/L11/DC2050/SD161/Main cab
6:14-162,HFP-11,L11,D,D/L11/DC2050/SD162/Assorter cab
6:14-163,HFP-11,L11,D,D/L11/DC2050/SD163/Pantry
6:14-164,HTRI-R,L11,D,D/L11/DC2050/CM164/AFC Pantry
6:14-165,HMS-S/D/M/SA,L11,D,D/L11/DC2050/MCP165/Entry dr Psg
6:14-166,HFP-11,L11,D,D/L11/DC2230/SD166/Cab 1
6:14-167,HFP-11,L11,D,D/L11/DC2230/SD167/Main cab
6:14-168,HFP-11,L11,D,D/L11/DC2230/SD168/Assorter cab
6:14-169,HFP-11,L11,D,D/L11/DC2230/SD169/Psg nr cab 1
6:14-170,HFPT-11,L11,D,D/L11/DC2230/HD170/Pantry psg
6:14-171,HTRI-R,L11,D,D/L11/DC2230/CM171/Entry dr psg
6:14-172,HMS-S/D/M/SA,L11,D,D/L11/DC2230/MCP172/Entry dr psg
6:14-173,HFP-11,L11,D,D/L11/DC4220/SD173/Cabin 6
6:14-174,HFP-11,L11,D,D/L11/DC4220/SD174/Cabin 5
6:14-175,HFP-11,L11,D,D/L11/DC4220/SD175/Cabin 4
6:14-176,HFP-11,L11,D,D/L11/DC4220/SD176/Cabin 3
6:14-177,HFP-11,L11,D,D/L11/DC4220/SD177/Main Cabin
6:14-178,HFP-11,L11,D,D/L11/DC4220/SD178/Main Cabin
6:14-203,HFP-11,L11,D,D/L11/DC1040/SD203/Main psg
6:14-204,HTRI-R,L11,D,D/L11/DC1040/CM204/Entry dr psg
6:14-205,HMS-S/D/M/SA,L11,D,D/L11/DC1040/MCP205/Entry dr psg
6:14-206,HFP-11,L11,D,D/L11/DC6150/SD206/Accounts cab
6:14-207,HFP-11,L11,D,D/L11/DC6150/SD207/Main cab 1
6:14-208,HFP-11,L11,D,D/L11/DC6150/SD208/Main cab 2
6:14-209,HFP-11,L11,D,D/L11/DC6150/SD209/Conference ro
6:14-210,HFP-11,L11,D,D/L11/DC6150/SD210/Pantry
6:14-211,HFP-11,L11,D,D/L11/DC6150/SD211/Reception
6:14-212,HTRI-R,L11,D,D/L11/DC6150/CM212/AFC pantry
6:14-213,HMS-S/D/M/SA,L11,D,D/L11/DC6150/MCP213/Entry dr psg
6:14-214,HFP-11,L11,D,D/L11/DC2110/SD214/Main cab
6:14-215,HFP-11,L11,D,D/L11/DC2110/SD215/Entry dr psg
6:14-216,HTRI-R,L11,D,D/L11/DC2110/CM216/Entry dr psg
6:14-217,HMS-S/D/M/SA,L11,D,D/L11/DC2110/MCP217/Entry dr psg
6:14-218,HFP-11,L11,D,D/L11/DC8080/SD218/Main cab
6:14-219,HFP-11,L11,D,D/L11/DC8080/SD219/Assorter cab
6:14-220,HFP-11,L11,D,D/L11/DC8080/SD220/Psg nr Main c
6:14-221,HFP-11,L11,D,D/L11/DC8080/SD221/Accounts cab
6:14-222,HTRI-R,L11,D,D/L11/DC8080/CM222/AFC Entry psg
6:14-223,HMS-S/D/M/SA,L11,D,D/L11/DC8080/MCP223/Entry psg
6:14-224,HFP-11,L11,D,D/L11/DC4220/SD224/Pantry
6:14-225,HFP-11,L11,D,D/L11/DC4220/SD225/Reception Psg
6:14-226,HMS-S/D/M/SA,L11,D,D/L11/DC4220/MCP226/Entry Psg
6:14-227,HTRI-R,L11,D,D/L11/DC4220/CM227/Entry Psg
6:14-229,HFP-11,L11,D,D/L11/DC1100/SD229/Main cab
6:14-230,HFP-11,L11,D,D/L11/DC1100/SD230/Account cab
6:14-231,HTRI-R,L11,D,D/L11/DC1100/CM231/Entry dr psg
6:14-232,HMS-S/D/M/SA,L11,D,D/L11/DC1100/MCP232/Entry dr psg
6:14-233,HFP-11,L11,D,D/L11/DC1080/SD233/Main cab
6:14-234,HFP-11,L11,D,D/L11/DC1080/SD234/Assorter cab
6:14-235,HFP-11,L11,D,D/L11/DC1080/SD235/Entry dr Psg
6:14-236,HTRI-R,L11,D,D/L11/DC1080/CM236/AFC Entry Psg
6:14-237,HMS-S/D/M/SA,L11,D,D/L11/DC1080/MCP237/Entry dr Psg
6:14-238,HFP-11,L11,D,D/L11/DC3180/SD238/Main cab
6:14-239,HFP-11,L11,D,D/L11/DC3180/SD239/Assorter cab
6:14-240,HFP-11,L11,D,D/L11/DC3180/SD240/Entry dr psg
6:14-241,HFP-11,L11,D,D/L11/DC3180/SD241/Pantry
6:14-242,HTRI-R,L11,D,D/L11/DC3180/CM242/AFC Entry psg
6:14-243,HMS-S/D/M/SA,L11,D,D/L11/DC3180/MCP243/Entry psg
6:14-244,HMS-S/D/M/SA,L11,D,D/L11/DC3090A/MCP244/Entry Psg
6:14-245,HFP-11,L11,D,D/L11/DC3090A/SD245/Main Cabin
6:14-246,HFP-11,L11,D,D/L11/DC3090A/SD246/Main Cabin
6:14-247,HFP-11,L11,D,D/L11/DC3090A/SD247/Main Cabin
6:14-249,HFP-11,L11,D,D/L11/DC1150A/SD249/Entry Pass
6:14-250,HFP-11,L11,D,D/L11/DC1150A/SD250/Pantry
6:14-251,HTRI-R,L11,D,D/L11/DC1150A/CM251/AFC NR Entry
6:14-252,HMS-S/D/M/SA,L11,D,D/L11/DC1150A/MCP252/Entry DR
6:15-1,HFP-11,L12,D,D/L12/DW3030/SD1/Main cab 1
6:15-2,HFP-11,L12,D,D/L12/DW3030/SD2/Main cab 2
6:15-3,HFP-11,L12,D,D/L12/DW3030/SD3/Main cab 3
6:15-4,HFP-11,L12,D,D/L12/DW3030/SD4/Account cab
6:15-5,HFP-11,L12,D,D/L12/DW3030/SD5/Psg nr Account 
6:15-6,HFP-11,L12,D,D/L12/DW3030/SD6/Pantry
6:15-7,HTRI-R,L12,D,D/L12/DW3030/CM7/Entry dr Psg
6:15-8,HMS-S/D/M/SA,L12,D,D/L12/DW3030/MCP8/Entry dr Psg
6:15-9,HFP-11,L12,D,D/L12/DW3100/SD9/Main cab 1
6:15-10,HFP-11,L12,D,D/L12/DW3100/SD10/Main cab 2
6:15-11,HFP-11,L12,D,D/L12/DW3100/SD11/Entry dr Psg
6:15-12,HFP-11,L12,D,D/L12/DW3100/SD12/Main cab
6:15-13,HTRI-R,L12,D,D/L12/DW3100/CM13/Entry dr Psg
6:15-14,HMS-S/D/M/SA,L12,D,D/L12/DW3100/MCP14/Entry dr Psg
6:15-15,HFP-11,L12,D,D/L12/DW3110/SD15/Main cab 3
6:15-16,HFP-11,L12,D,D/L12/DW3110/SD16/Main cab 2
6:15-17,HFP-11,L12,D,D/L12/DW3110/SD17/Entry dr Psg
6:15-18,HFP-11,L12,D,D/L12/DW3110/SD18/Main cab 1
6:15-19,HFP-11,L12,D,D/L12/DW3110/SD19/Pantry
6:15-20,HTRI-R,L12,D,D/L12/DW3110/CM20/Entry dr Psg
6:15-21,HMS-S/D/M/SA,L12,D,D/L12/DW3110/MCP21/Entry dr Psg
6:15-22,HFP-11,L12,D,D/L12/DW1410/SD22/Main cab 1
6:15-23,HFP-11,L12,D,D/L12/DW1410/SD23/Main cab 2
6:15-24,HFP-11,L12,D,D/L12/DW1410/SD24/Assorter cab
6:15-25,HFP-11,L12,D,D/L12/DW1410/SD25/Entry dr Psg
6:15-26,HTRI-R,L12,D,D/L12/DW1410/CM26/Entry dr Psg
6:15-27,HMS-S/D/M/SA,L12,D,D/L12/DW1410/MCP27/Nr Assorter c
6:15-28,HFP-11,L12,D,D/L12/DW1310/SD28/Main cab
6:15-29,HFP-11,L12,D,D/L12/DW1310/SD29/Entry Psg
6:15-30,HFP-11,L12,D,D/L12/DW1310/SD30/Assorter cab
6:15-31,HFPT-11,L12,D,D/L12/DW1310/HD31/Pantry
6:15-32,HTRI-R,L12,D,D/L12/DW1310/CM32/AFC Entry Psg
6:15-33,HMS-S/D/M/SA,L12,D,D/L12/DW1310/MCP33/Entry dr Psg
6:15-34,HFP-11,L12,D,D/L12/DW1060/SD34/Main cab
6:15-35,HFP-11,L12,D,D/L12/DW1060/SD35/Assorter cab 1
6:15-36,HFP-11,L12,D,D/L12/DW1060/SD36/Assorter cab 2
6:15-37,HFP-11,L12,D,D/L12/DW1060/SD37/Entry dr Psg
6:15-38,HFP-11,L12,D,D/L12/DW1060/SD38/Assorter cab 3
6:15-39,HTRI-R,L12,D,D/L12/DW1060/CM39/AFC Entry Psg
6:15-40,HMS-S/D/M/SA,L12,D,D/L12/DW1060/MCP40/Entry dr Psg
6:15-41,HFP-11,L12,D,D/L12/DW1050/SD41/Account cab
6:15-42,HFP-11,L12,D,D/L12/DW1050/SD42/Lunch cab
6:15-43,HFP-11,L12,D,D/L12/DW1050/SD43/Main cab
6:15-44,HFP-11,L12,D,D/L12/DW1050/SD44/Entry Psg
6:15-45,HTRI-R,L12,D,D/L12/DW1050/CM45/Entry Psg
6:15-46,HMS-S/D/M/SA,L12,D,D/L12/DW1050/MCP46/Entry Psg
6:15-47,HFP-11,L12,D,D/L12/DW1260/SD47/Assorter cab
6:15-48,HFPT-11,L12,D,D/L12/DW1260/HD48/Pantry
6:15-49,HTRI-R,L12,D,D/L12/DW1260/CM49/Entry Psg
6:15-49,HTRI-R,L12,D,D/L12/DW1260/CM49/Entry Psg
6:15-50,HMS-S/D/M/SA,L12,D,D/L12/DW1260/MCP50/Entry Psg
6:15-51,HFP-11,L12,D,D/L12/DW3410A/SD51/Cab 6
6:15-52,HFP-11,L12,D,D/L12/DW3410A/SD52/Cab 4
6:15-53,HFP-11,L12,D,D/L12/DW3410A/SD53/Cab 5
6:15-54,HFP-11,L12,D,D/L12/DW3410A/SD54/Psg nr cab 5
6:15-55,HFP-11,L12,D,D/L12/DW3410A/SD55/Cab 2
6:15-56,HFP-11,L12,D,D/L12/DW3410A/SD56/Cab 7
6:15-57,HFP-11,L12,D,D/L12/DW3410A/SD57/Cab 8
6:15-58,HFP-11,L12,D,D/L12/DW3410A/SD58/Cab 1
6:15-59,HFP-11,L12,D,D/L12/DW3410A/SD59/Cab 3
6:15-60,HFP-11,L12,D,D/L12/DW3410A/SD60/Reception
6:15-61,HTRI-R,L12,D,D/L12/DW3410A/CM61/AFC Entry Psg
6:15-62,HMS-S/D/M/SA,L12,D,D/L12/DW3410A/MCP62/Entry Psg
6:15-63,HFP-11,L12,D,D/L12/DW3140/SD63/Assorter cab
6:15-64,HFP-11,L12,D,D/L12/DW3140/SD64/Pantry
6:15-65,HFP-11,L12,D,D/L12/DW3140/SD65/Accounts cab
6:15-66,HFP-11,L12,D,D/L12/DW3140/SD66/Main cab
6:15-67,HTRI-R,L12,D,D/L12/DW3140/CM67/Entry Psg
6:15-68,HMS-S/D/M/SA,L12,D,D/L12/DW3140/MCP68/Entry Psg
6:15-69,HFP-11,L12,D,D/L12/DW3390/SD69/Account cab
6:15-70,HFP-11,L12,D,D/L12/DW3390/SD70/Assorter cab
6:15-71,HTRI-R,L12,D,D/L12/DW3390/CM71/Entry Psg
6:15-72,HMS-S/D/M/SA,L12,D,D/L12/DW3390/MCP72/Entry Psg
6:15-73,HFP-11,L12,D,D/L12/DW3340/SD73/Assorter cab
6:15-74,HFPT-11,L12,D,D/L12/DW3340/HD74/Entry Psg 
6:15-75,HFP-11,L12,D,D/L12/DW3340/SD75/Main cab
6:15-76,HFP-11,L12,D,D/L12/DW3340/SD76/AFC Entry Psg
6:15-77,HTRI-R,L12,D,D/L12/DW3340/CM77/AFC Entry Psg
6:15-78,HMS-S/D/M/SA,L12,D,D/L12/DW3340/MCP78/Entry Psg
6:15-79,HFP-11,L12,D,D/L12/DW3200/SD79/Accounts cab
6:15-80,HFPT-11,L12,D,D/L12/DW3200/HD80/Pantry
6:15-81,HFP-11,L12,D,D/L12/DW3200/SD81/Main cab
6:15-82,HFP-11,L12,D,D/L12/DW3200/SD82/Assorter cab
6:15-83,HFP-11,L12,D,D/L12/DW3200/SD83/Assorter cab
6:15-84,HFP-11,L12,D,D/L12/DW3200/SD84/Reception
6:15-85,HTRI-R,L12,D,D/L12/DW3200/CM85/AFC Reception
6:15-86,HMS-S/D/M/SA,L12,D,D/L12/DW3200/MCP86/Entry Psg
6:15-87,HFP-11,L12,D,D/L12/DW3160/SD87/Main cab
6:15-88,HFP-11,L12,D,D/L12/DW3160/SD88/Assorter cab
6:15-89,HFP-11,L12,D,D/L12/DW3160/SD89/Assorter cab
6:15-90,HFP-11,L12,D,D/L12/DW3160/SD90/Entry Psg
6:15-91,HFP-11,L12,D,D/L12/DW3160/SD91/Pantry
6:15-92,HTRI-R,L12,D,D/L12/DW3160/CM92/Entry Psg
6:15-93,HMS-S/D/M/SA,L12,D,D/L12/DW3160/MCP93/Entry Psg
6:15-94,HFP-11,L12,D,D/L12/DW3090/SD94/Main cab
6:15-95,HFP-11,L12,D,D/L12/DW3090/SD95/Account cab
6:15-96,HFP-11,L12,D,D/L12/DW3090/SD96/Psg nr Pantry
6:15-97,HFP-11,L12,D,D/L12/DW3090/SD97/Main cab1
6:15-98,HFPT-11,L12,D,D/L12/DW3090/HD98/Pantry
6:15-99,HFP-11,L12,D,D/L12/DW3090/SD99/Main cab2
6:15-100,HFP-11,L12,D,D/L12/DW3090/SD100/Sales cab
6:15-101,HFP-11,L12,D,D/L12/DW3090/SD101/Export cab
6:15-102,HFP-11,L12,D,D/L12/DW3090/SD102/Entry Psg
6:15-103,HTRI-R,L12,D,D/L12/DW3090/CM103/Entry Psg
6:15-104,HMS-S/D/M/SA,L12,D,D/L12/DW3090/MCP104/Entry Psg
6:15-105,HFP-11,L12,D,D/L12/DW4060/SD105/Main cab
6:15-106,HFP-11,L12,D,D/L12/DW4060/SD106/Assorter cab
6:15-107,HFP-11,L12,D,D/L12/DW4060/SD107/Pantry psg
6:15-108,HTRI-R,L12,D,D/L12/DW4060/CM108/Entry psg
6:15-109,HMS-S/D/M/SA,L12,D,D/L12/DW4060/MCP109/Entry psg
6:15-110,HFP-11,L12,D,D/L12/DW6050/SD110/Main cab
6:15-111,HFP-11,L12,D,D/L12/DW6050/SD111/Accounts cab
6:15-112,HFP-11,L12,D,D/L12/DW6050/SD112/Entry Psg
6:15-113,HFPT-11,L12,D,D/L12/DW6050/HD113/Pantry
6:15-114,HTRI-R,L12,D,D/L12/DW6050/CM114/Entry Psg
6:15-115,HMS-S/D/M/SA,L12,D,D/L12/DW6050/MCP115/Entry Psg
6:15-116,HFP-11,L12,D,D/L12/DW5290/SD116/Main cab
6:15-117,HFP-11,L12,D,D/L12/DW5290/SD117/Account cab
6:15-118,HFP-11,L12,D,D/L12/DW5290/SD118/Pantry
6:15-119,HTRI-R,L12,D,D/L12/DW5290/CM119/Entry Psg
6:15-120,HMS-S/D/M/SA,L12,D,D/L12/DW5290/MCP120/Entry Psg
6:15-121,HFP-11,L12,D,D/L12/DW5060/SD121/Main cab
6:15-122,HFP-11,L12,D,D/L12/DW5060/SD122/Account cab
6:15-123,HFP-11,L12,D,D/L12/DW5060/SD123/Assorter cab
6:15-124,HFP-11,L12,D,D/L12/DW5060/SD124/Psg nr acct c
6:15-125,HFP-11,L12,D,D/L12/DW5060/SD125/Pantry
6:15-126,HMS-S/D/M/SA,L12,D,D/L12/DW5060/MCP126/Entry dr Psg
6:15-127,HTRI-R,L12,D,D/L12/DW5060/CM127/Entry dr Psg
6:15-127,HTRI-R,L12,D,D/L12/DW5060/CM127/Entry dr Psg
6:15-128,HFP-11,L12,D,D/L12/DW4070/SD128/Main cab
6:15-129,HFP-11,L12,D,D/L12/DW4070/SD129/Assorter cab
6:15-130,HFP-11,L12,D,D/L12/DW4070/SD130/Psg nr Assort
6:15-131,HFP-11,L12,D,D/L12/DW4070/SD131/Pantry
6:15-132,HMS-S/D/M/SA,L12,D,D/L12/DW4070/MCP132/Entry dr psg
6:15-133,HTRI-R,L12,D,D/L12/DW4070/CM133/Entry dr psg
6:15-145,HFP-11,L12,D,D/L12/DW2320/SD145/Main cab
6:15-146,HFP-11,L12,D,D/L12/DW2320/SD146/Account cab
6:15-147,HFP-11,L12,D,D/L12/DW2320/SD147/Pantry psg
6:15-148,HFP-11,L12,D,D/L12/DW2320/SD148/Assorter cab
6:15-149,HTRI-R,L12,D,D/L12/DW2320/CM149/AFC Assorter 
6:15-150,HMS-S/D/M/SA,L12,D,D/L12/DW2320/MCP150/Entry dr Psg
6:15-151,HFP-11,L12,D,D/L12/DW1070/SD151/Cab 1
6:15-152,HFP-11,L12,D,D/L12/DW1070/SD152/Reception are
6:15-153,HFP-11,L12,D,D/L12/DW1070/SD153/Pantry
6:15-154,HTRI-R,L12,D,D/L12/DW1070/CM154/Entry dr psg
6:15-155,HMS-S/D/M/SA,L12,D,D/L12/DW1070/MCP155/Entry dr psg
6:15-156,HFP-11,L12,D,D/L12/DW4101/SD156/Main cab
6:15-157,HFP-11,L12,D,D/L12/DW4101/SD157/Main cab
6:15-158,HFP-11,L12,D,D/L12/DW4101/SD158/Assorter cab 
6:15-159,HFP-11,L12,D,D/L12/DW4101/SD159/Assorter cab 
6:15-160,HFP-11,L12,D,D/L12/DW4101/SD160/Assorter cab 
6:15-161,HFP-11,L12,D,D/L12/DW4101/SD161/Accounts cab
6:15-162,HFP-11,L12,D,D/L12/DW4101/SD162/Psg nr Acc ca
6:15-163,HFPT-11,L12,D,D/L12/DW4101/HD163/Pantry psg
6:15-164,HTRI-R,L12,D,D/L12/DW4101/CM164/Entry dr psg
6:15-165,HMS-S/D/M/SA,L12,D,D/L12/DW4101/MCP165/Entry dr psg
6:15-167,HFP-11,L12,D,D/L12/DW4112/SD167/Main cab
6:15-168,HFP-11,L12,D,D/L12/DW4112/SD168/Assorter cab
6:15-169,HFP-11,L12,D,D/L12/DW4112/SD169/Assorter cab
6:15-170,HFPT-11,L12,D,D/L12/DW4112/HD170/Pantry
6:15-171,HTRI-R,L12,D,D/L12/DW4112/CM171/AFC Pantry
6:15-172,HMS-S/D/M/SA,L12,D,D/L12/DW4112/MCP172/Psg nr pantr
6:15-173,HFP-11,L12,D,D/L12/DW4260/SD173/Main cab
6:15-174,HFP-11,L12,D,D/L12/DW4260/SD174/Assorter cab
6:15-175,HFPT-11,L12,D,D/L12/DW4260/SD175/Psg nr Assort
6:15-176,HTRI-R,L12,D,D/L12/DW4260/CM176/AFC Entry dr
6:15-177,HMS-S/D/M/SA,L12,D,D/L12/DW4260/MCP177/Entry dr psg
6:15-178,HFP-11,L12,D,D/L12/DW3100/SD178/Psg.Nr.Pantry
6:15-179,HFP-11,L12,D,D/L12/DW1060/SD179/Entry Psg.
6:15-180,HFP-11,L12,D,D/L12/DW3200/SD180/psgNrMain cab
7:1-1,HFP-11,L1,E,E/L1/E-DTC/SD-1/Cab 1
7:1-2,HFP-11,L1,E,E/L1/E-DTC/SD-2/Cab 2
7:1-3,HFP-11,L1,E,E/L1/E-DTC/SD-3/Cab 3
7:1-4,HFP-11,L1,E,E/L1/E-DTC/SD-4/Cab 4
7:1-5,HFP-11,L1,E,E/L1/E-DTC/SD-5/Cab 5
7:1-6,HFP-11,L1,E,E/L1/E-DTC/SD-6/Cab 6
7:1-7,HFP-11,L1,E,E/L1/E-DTC/SD-7/Cab 7
7:1-8,HFP-11,L1,E,E/L1/E-DTC/SD-8/Cab 8
7:1-9,HFP-11,L1,E,E/L1/E-DTC/SD-9/Cab 9
7:1-10,HFP-11,L1,E,E/L1/E-DTC/SD-10/Cab 10
7:1-11,HFP-11,L1,E,E/L1/E-DTC/SD-11/Cab 11
7:1-12,HFP-11,L1,E,E/L1/E-DTC/SD-12/Cab 12
7:1-13,HFP-11,L1,E,E/L1/E-DTC/SD-13/Cab 13
7:1-14,HFP-11,L1,E,E/L1/E-DTC/SD-14/Cab 14
7:1-15,HFP-11,L1,E,E/L1/E-DTC/SD-15/Cab 15
7:1-16,HFP-11,L1,E,E/L1/E-DTC/SD-16/Cab 16
7:1-17,HFP-11,L1,E,E/L1/E-DTC/SD-17/Cab 17
7:1-18,HFP-11,L1,E,E/L1/E-DTC/SD-18/Cab 18
7:1-19,HFP-11,L1,E,E/L1/E-DTC/SD-19/Cab 19
7:1-20,HFP-11,L1,E,E/L1/E-DTC/SD-20/Cab 20
7:1-21,HFP-11,L1,E,E/L1/E-DTC/SD-21/Cab 21
7:1-22,HFP-11,L1,E,E/L1/E-DTC/SD-22/Cab 22
7:1-23,HFP-11,L1,E,E/L1/E-DTC/SD-23/Cab 23
7:1-24,HFP-11,L1,E,E/L1/E-DTC/SD-24/Cab 24
7:1-25,HFP-11,L1,E,E/L1/E-DTC/SD-25/Cab 25
7:1-26,HFP-11,L1,E,E/L1/E-DTC/SD-26/Cab 26
7:1-27,HFP-11,L1,E,E/L1/E-DTC/SD-27/Cab 27
7:1-28,HFP-11,L1,E,E/L1/E-DTC/SD-28/Cab 28
7:1-29,HFP-11,L1,E,E/L1/E-DTC/SD-29/Cab 29
7:1-30,HFP-11,L1,E,E/L1/E-DTC/SD-30/Cab 30
7:1-31,HFP-11,L1,E,E/L1/E-DTC/SD-31/Cab 31
7:1-32,HFP-11,L1,E,E/L1/E-DTC/SD-32/Cab 32
7:1-33,HFP-11,L1,E,E/L1/E-DTC/SD-33/Cab 33
7:1-34,HFP-11,L1,E,E/L1/E-DTC/SD-34/Cab 34
7:1-35,HFP-11,L1,E,E/L1/E-DTC/SD-35/Cab 35
7:1-36,HFP-11,L1,E,E/L1/E-DTC/SD-36/Cab 36
7:1-37,HFP-11,L1,E,E/L1/E-DTC/SD-37/Cab 37
7:1-38,HFP-11,L1,E,E/L1/E-DTC/SD-38/Cab 38
7:1-39,HFP-11,L1,E,E/L1/E-DTC/SD-39/Cab 39
7:1-40,HFP-11,L1,E,E/L1/E-DTC/SD-40/Cab 40
7:1-41,HFP-11,L1,E,E/L1/E-DTC/SD-41/Cab 41
7:1-42,HFP-11,L1,E,E/L1/E-DTC/SD-42/Cab 42
7:1-43,HFP-11,L1,E,E/L1/E-DTC/SD-43/Cab 43
7:1-44,HFP-11,L1,E,E/L1/E-DTC/SD-44/Cab 44
7:1-45,HFP-11,L1,E,E/L1/E-DTC/SD-45/Cab 45
7:1-46,HFP-11,L1,E,E/L1/E-DTC/SD-46/Cab 46
7:1-47,HFP-11,L1,E,E/L1/E-DTC/SD-47/Cab 47
7:1-48,HFP-11,L1,E,E/L1/E-DTC/SD-48/Cab 48
7:1-49,HFP-11,L1,E,E/L1/E-DTC/SD-49/Cab 49
7:1-50,HFP-11,L1,E,E/L1/E-DTC/SD-50/Cab 50
7:1-51,HFP-11,L1,E,E/L1/E-DTC/SD-51/Cab 51
7:1-52,HFP-11,L1,E,E/L1/E-DTC/SD-52/Cab 52
7:1-53,HFP-11,L1,E,E/L1/E-DTC/SD-53/Cab 53
7:1-54,HFP-11,L1,E,E/L1/E-DTC/SD-54/Cab 54
7:1-55,HFP-11,L1,E,E/L1/E-DTC/SD-55/Cab 55
7:1-56,HFP-11,L1,E,E/L1/E-DTC/SD-56/Cab 56
7:1-57,HFP-11,L1,E,E/L1/E-DTC/SD-57/Cab 57
7:1-58,HFP-11,L1,E,E/L1/E-DTC/SD-58/Cab 58
7:1-59,HFP-11,L1,E,E/L1/E-DTC/SD-59/Cab 59
7:1-60,HFP-11,L1,E,E/L1/E-DTC/SD-60/Cab 60
7:1-61,HFP-11,L1,E,E/L1/E-DTC/SD-61/Cab 61
7:1-62,HFP-11,L1,E,E/L1/E-DTC/SD-62/Cab 62
7:1-63,HFP-11,L1,E,E/L1/E-DTC/SD-63/Cab 63
7:1-64,HFP-11,L1,E,E/L1/E-DTC/SD-64/Cab 64
7:1-65,HFP-11,L1,E,E/L1/E-DTC/SD-65/Cab 65
7:1-66,HFP-11,L1,E,E/L1/E-DTC/SD-66/Cab 66
7:1-67,HFP-11,L1,E,E/L1/E-DTC/SD-67/Cab 67
7:1-68,HFP-11,L1,E,E/L1/E-DTC/SD-68/Cab 68
7:1-69,HFP-11,L1,E,E/L1/E-DTC/SD-69/Cab 69
7:1-70,HFP-11,L1,E,E/L1/E-DTC/SD-70/Cab 70
7:1-71,HFP-11,L1,E,E/L1/E-DTC/SD-71/Cab 71
7:1-72,HFP-11,L1,E,E/L1/E-DTC/SD-72/Cab 72
7:1-73,HFP-11,L1,E,E/L1/E-DTC/SD-73/Cab 73
7:1-74,HFP-11,L1,E,E/L1/E-DTC/SD-74/Cab 74
7:1-75,HFP-11,L1,E,E/L1/E-DTC/SD-75/Cab 75
7:1-76,HFP-11,L1,E,E/L1/E-DTC/SD-76/Cab 76
7:1-77,HFP-11,L1,E,E/L1/E-DTC/SD-77/Cab 77
7:1-78,HFP-11,L1,E,E/L1/E-DTC/SD-78/Cab 78
7:1-79,HFP-11,L1,E,E/L1/E-DTC/SD-79/Cab 79
7:1-80,HFP-11,L1,E,E/L1/E-DTC/SD-80/Cab 80
7:1-81,HFP-11,L1,E,E/L1/E-DTC/SD-81/Cab 81
7:1-82,HFP-11,L1,E,E/L1/E-DTC/SD-82/Cab 82
7:1-83,HFP-11,L1,E,E/L1/E-DTC/SD-83/Reception Area
7:1-84,FDOT421,L1,E,E/L1/E-DTC/SD-84/Psg Nr Cab 54
7:1-85,FDOT421,L1,E,E/L1/E-DTC/SD-85/Psg Nr Cab 58 
7:1-86,FDOT421,L1,E,E/L1/E-DTC/SD-86/Psg Nr Cab 79
7:1-87,FDOT421,L1,E,E/L1/E-DTC/SD-87/Psg Nr Cab 81
7:1-88,FDOT421,L1,E,E/L1/E-DTC/SD-88/Psg Nr Cab 68
7:1-89,FDOT421,L1,E,E/L1/E-DTC/SD-89/Psg Nr Cab 62
7:1-90,FDOT421,L1,E,E/L1/E-DTC/SD-90/Psg Nr Cab 44
7:1-91,FDOT421,L1,E,E/L1/E-DTC/SD-91/Psg Nr Cab 42
7:1-92,FDOT421,L1,E,E/L1/E-DTC/SD-92/Psg Nr Cab 40
7:1-93,FDOT421,L1,E,E/L1/E-DTC/SD-93/Psg Nr Cab 36
7:1-94,FDOT421,L1,E,E/L1/E-DTC/SD-94/Psg Nr Cab 22
7:1-95,FDOT421,L1,E,E/L1/E-DTC/SD-95/Psg Nr Cab 11
7:1-96,FDOT421,L1,E,E/L1/E-DTC/SD-96/Psg Nr Cab 05
7:1-97,FDOT421,L1,E,E/L1/E-DTC/SD-97/Psg Nr Cab 16
7:1-98,FDOT421,L1,E,E/L1/E-DTC/SD-98/Psg Nr Cab 14
7:1-99,FDOT421,L1,E,E/L1/E-DTC/SD-99/Psg Nr Cab 28
7:1-100,FDOT421,L1,E,E/L1/E-DTC/SD-100/Psg Nr Cab 26
7:1-101,FDOT421,L1,E,E/L1/E-DTC/SD-101/Psg Nr Cab 25
7:1-103,HTRI-S,L1,E,E/L1/CC/UB/MM103/ELEC ROOM
7:1-104,HMS-S/D/M/SA,L1,E,E/L1/EC/UB/MCP104/ELEC ROOM
7:1-105,HTRI-R,L1,E,E/L1/EC/UB/CM105/ELEC ROOM
7:1-106,HTRI-S,L1,E,E/L1/EC/GND/MM106/Lift Lobby 
7:1-107,FDOT421,L1,E,E/L1/EE/GND/SD-107/LL Security C
7:1-108,HMS-S/D/M/SA,L1,E,E/L1/WC/UB/MCP108/ST COLUMN E555
7:1-109,HTRI-R,L1,E,E/L1/WC/UB/CM109/ST COLUMN E555
7:1-110,HMS-S/D/M/SA,L1,E,E/L1/EE/GND/MCP-110/Lift Lobby
7:1-111,HTRI-R,L1,E,E/L1/WC/UB/CM111/NR RAMP NO. 4
7:1-112,HTRI-R,L1,E,E/L1/WC/UB/CM112/ NR RAMP 4 STP
7:1-113,HMS-S/D/M/SA,L1,E,E/L1/WC/UB/MCP113/NR RAMP 4 STP
7:1-114,HTRI-R,L1,E,E/L1/CC/UB/CM114/ST COLUMN E581
7:1-115,FDOT421,L1,E,E/L1/EE/GND/SD115/Lift Lobby En
7:1-116,HTRI-R,L1,E,E/L1/EC/UB/CM116/ST COLUMN E523
7:1-117,HMS-S/D/M/SA,L1,E,E/L1/EC/UB/MCP117/ST COLUMN E523
7:1-118,HTRI-S,L1,E,E/L1/EC/UB/MM118/ELEC ROOM
7:1-119,HTRI-S,L1,E,E/L1/EC/UB/MM119/LIFT MC RM
7:1-120,HFP-11,L1,E,E/L1/CC/UB/SD120/ELEC ROOM
7:1-121,HFP-11,L1,E,E/L1/WC/UB/SD121/ELEC ROOM
7:1-122,HFP-11,L1,E,E/L1/WC/UB/SD122/NR ELEC ROOM
7:1-123,HTRI-R,L1,E,E/L1/EE/GND/CM-123/Lift Lobby AF
7:1-124,HFP-11,L1,E,E/L1/EE/GND/SD-124/Electric Room
7:1-125,HFP-11,L1,E,E/L1/EC/UB/SD125/DRIVER ROOM
7:1-126,HTRI-S,L1,E,E/L1/EE/GND/MM-126/Lift Lobby AF
7:1-127,HFP-11,L1,E,E/L1/CC/UB/SD127/BMS ROOM
7:1-128,HTRI-R,L1,E,E/L1/EE/GND/CM-128/LL AHU Room
7:1-129,HFP-11,L1,E,E/L1/EC/UB/SD129/LIFT ROOM
7:1-130,HFP-11,L1EC,E,E/L1EC/UB/SD130/ELEC ROOM
7:1-131,HMS-S/D/M/SA,L1,E,E/L1/E-DTC/MCP-131/Psg Nr Cab 59
7:1-132,HMS-S/D/M/SA,L1,E,E/L1/E-DTC/MCP-132/Psg Nr Cab 27
7:1-133,HMS-S/D/M/SA,L1,E,E/L1/E-DTC/MCP-133/Psg Nr Cab 03
7:1-134,HMS-S/D/M/SA,L1,E,E/L1/E-DTC/MCP-134/Psg Nr Cab 22
7:1-135,HMS-S/D/M/SA,L1,E,E/L1/E-DTC/MCP-135/Psg Nr Cab 77
7:1-136,HMS-S/D/M/SA,L1,E,E/L1/E-DTC/MCP-136/Reception
7:1-137,HMS-S/D/M/SA,L1,E,E/L1/E-DTC/MCP-137/Psg Nr Cab 70
7:1-138,HMS-S/D/M/SA,L1,E,E/L1/E-DTC/MCP-138/Psg Nr Cab 49
7:1-139,HMS-S/D/M/SA,L1,E,E/L1/E-DTC/MCP-139/Psg Nr Cab 31
7:1-140,HMS-S/D/M/SA,L1,E,E/L1/E-DTC/MCP-140/Psg Nr Cab 67
7:1-141,HMS-S/D/M/SA,L1,E,E/L1/E-DTC/MCP-141/Psg Nr Cab 06
7:1-142,HTRI-R,L1,E,E/L1/C/GND/CM-142/Electric Room
7:1-143,HFP-11,L1,E,E/L1/E-DTC/SD-143/Psg Nr Cab 47
7:1-144,HFP-11,L1,E,E/L1/E-DTC/SD-144/Psg Nr Cab 61
7:1-145,HFP-11,L1,E,E/L1/E-DTC/SD-145/Electric Room
7:1-146,HFP-11,L1,E,E/L1/E-DTC/SD-146/Server Room
7:1-147,HFP-11,L1,E,E/L1/E-DTC/SD-147/Psg AFC Cab 1
7:1-148,HFP-11,L1,E,E/L1/E-DTC/SD-148/Psg AFC Cab 2
7:1-149,HFP-11,L1,E,E/L1/E-DTC/SD-149/Psg AFC Cab 3
7:1-150,HFP-11,L1,E,E/L1/E-DTC/SD-150/Psg AFC Cab 4
7:1-151,HFP-11,L1,E,E/L1/E-DTC/SD-151/Psg AFC Cab 5
7:1-152,HFP-11,L1,E,E/L1/E-DTC/SD-152/Psg AFC Cab 6
7:1-153,HFP-11,L1,E,E/L1/E-DTC/SD-153/Psg AFC Cab 7
7:1-154,HFP-11,L1,E,E/L1/E-DTC/SD-154/Psg AFC Cab 8
7:1-155,HFP-11,L1,E,E/L1/E-DTC/SD-155/Psg AFC Cab 9
7:1-156,HFP-11,L1,E,E/L1/E-DTC/SD-156/Psg AFC Cab 10
7:1-157,HFP-11,L1,E,E/L1/E-DTC/SD-157/Psg AFC Cab 11
7:1-158,HFP-11,L1,E,E/L1/E-DTC/SD-158/Psg AFC Cab 12
7:1-159,HFP-11,L1,E,E/L1/E-DTC/SD-159/Psg AFC Cab 13
7:1-160,HFP-11,L1,E,E/L1/E-DTC/SD-160/Psg AFC Cab 14
7:1-161,HFP-11,L1,E,E/L1/E-DTC/SD-161/Psg AFC Cab 15
7:1-162,HFP-11,L1,E,E/L1/E-DTC/SD-162/Psg AFC Cab 16
7:1-163,HFP-11,L1,E,E/L1/E-DTC/SD-163/Psg AFC Cab 17
7:1-164,HFP-11,L1,E,E/L1/E-DTC/SD-164/Psg AFC Cab 18
7:1-165,HFP-11,L1,E,E/L1/E-DTC/SD-165/Psg AFC Cab 19
7:1-166,HFP-11,L1,E,E/L1/E-DTC/SD-166/Psg AFC Cab 20
7:1-167,HFP-11,L1,E,E/L1/E-DTC/SD-167/Psg AFC Cab 21
7:1-168,HFP-11,L1,E,E/L1/E-DTC/SD-168/Psg AFC Cab 22
7:1-169,HFP-11,L1,E,E/L1/E-DTC/SD-169/Psg AFC Cab 23
7:1-170,HFP-11,L1,E,E/L1/E-DTC/SD-170/Psg AFC Cab 24
7:1-171,HFP-11,L1,E,E/L1/E-DTC/SD-171/Psg AFC Cab 25
7:1-172,HFP-11,L1,E,E/L1/E-DTC/SD-172/Psg AFC Cab 26
7:1-173,HFP-11,L1,E,E/L1/E-DTC/SD-173/Psg AFC Cab 27
7:1-174,HFP-11,L1,E,E/L1/E-DTC/SD-174/Psg AFC Cab 28
7:1-175,HFP-11,L1,E,E/L1/E-DTC/SD-175/Psg AFC Cab 29
7:1-176,HFP-11,L1,E,E/L1/E-DTC/SD-176/Psg AFC Cab 30
7:1-177,HFP-11,L1,E,E/L1/E-DTC/SD-177/Psg AFC Cab 31
7:1-178,HFP-11,L1,E,E/L1/E-DTC/SD-178/Psg AFC Cab 32
7:1-179,HFP-11,L1,E,E/L1/E-DTC/SD-179/Psg AFC Cab 33
7:1-180,HFP-11,L1,E,E/L1/E-DTC/SD-180/Psg AFC Cab 34
7:1-181,HFP-11,L1,E,E/L1/E-DTC/SD-181/Psg AFC Cab 35
7:1-182,HFP-11,L1,E,E/L1/E-DTC/SD-182/Psg AFC Cab 36
7:1-183,HFP-11,L1,E,E/L1/E-DTC/SD-183/Psg AFC Cab 37
7:1-184,HFP-11,L1,E,E/L1/E-DTC/SD-184/Psg AFC Cab 38
7:1-185,HFP-11,L1,E,E/L1/E-DTC/SD-185/Psg AFC Cab 39
7:1-186,HFP-11,L1,E,E/L1/E-DTC/SD-186/Psg AFC Cab 40
7:1-187,HFP-11,L1,E,E/L1/E-DTC/SD-187/Psg AFC Cab 41
7:1-188,HFP-11,L1,E,E/L1/E-DTC/SD-188/Psg AFC Cab 42
7:1-189,HFP-11,L1,E,E/L1/E-DTC/SD-189/Psg AFC Cab 43
7:1-190,HFP-11,L1,E,E/L1/E-DTC/SD-190/Psg AFC Cab 44
7:1-191,HFP-11,L1,E,E/L1/E-DTC/SD-191/Psg AFC Cab 45
7:1-192,HFP-11,L1,E,E/L1/E-DTC/SD-192/Psg AFC Cab 46
7:1-193,HFP-11,L1,E,E/L1/E-DTC/SD-193/Psg AFC Cab 47
7:1-194,HFP-11,L1,E,E/L1/E-DTC/SD-194/Psg AFC Cab 48
7:1-195,HFP-11,L1,E,E/L1/E-DTC/SD-195/Psg AFC Cab 49
7:1-196,HFP-11,L1,E,E/L1/E-DTC/SD-196/Psg AFC Cab 50
7:1-197,HFP-11,L1,E,E/L1/E-DTC/SD-197/Psg AFC Cab 51
7:1-198,HFP-11,L1,E,E/L1/E-DTC/SD-198/Psg AFC Cab 52
7:1-199,HFP-11,L1,E,E/L1/E-DTC/SD-199/Psg AFC Cab 53
7:1-200,HFP-11,L1,E,E/L1/E-DTC/SD-200/Psg AFC Cab 54
7:1-201,HFP-11,L1,E,E/L1/E-DTC/SD-201/Psg AFC Cab 55
7:1-202,HFP-11,L1,E,E/L1/E-DTC/SD-202/Psg AFC Cab 56
7:1-203,HFP-11,L1,E,E/L1/E-DTC/SD-203/Psg AFC Cab 57
7:1-204,HFP-11,L1,E,E/L1/E-DTC/SD-204/Psg AFC Cab 58
7:1-205,HFP-11,L1,E,E/L1/E-DTC/SD-205/Psg AFC Cab 59
7:1-206,HFP-11,L1,E,E/L1/E-DTC/SD-206/Psg AFC Cab 60
7:1-207,HFP-11,L1,E,E/L1/E-DTC/SD-207/Psg AFC Cab 61
7:1-208,HFP-11,L1,E,E/L1/E-DTC/SD-208/Psg AFC Cab 62
7:1-209,HFP-11,L1,E,E/L1/E-DTC/SD-209/Psg AFC Cab 63
7:1-210,HFP-11,L1,E,E/L1/E-DTC/SD-210/Psg AFC Cab 64
7:1-211,HFP-11,L1,E,E/L1/E-DTC/SD-211/Psg AFC Cab 65
7:1-212,HFP-11,L1,E,E/L1/E-DTC/SD-212/Psg AFC Cab 66
7:1-213,HFP-11,L1,E,E/L1/E-DTC/SD-213/Psg AFC Cab 67
7:1-214,HFP-11,L1,E,E/L1/E-DTC/SD-214/Psg AFC Cab 68
7:1-215,HFP-11,L1,E,E/L1/E-DTC/SD-215/Psg AFC Cab 69
7:1-216,HFP-11,L1,E,E/L1/E-DTC/SD-216/Psg AFC Cab 70
7:1-217,HFP-11,L1,E,E/L1/E-DTC/SD-217/Psg AFC Cab 71
7:1-218,HFP-11,L1,E,E/L1/E-DTC/SD-218/Psg AFC Cab 72
7:1-219,HFP-11,L1,E,E/L1/E-DTC/SD-219/Psg AFC Cab 73
7:1-220,HFP-11,L1,E,E/L1/E-DTC/SD-220/Psg AFC Cab 74
7:1-221,HFP-11,L1,E,E/L1/E-DTC/SD-221/Psg AFC Cab 75
7:1-222,HFP-11,L1,E,E/L1/E-DTC/SD-222/Psg AFC Cab 76
7:1-223,HFP-11,L1,E,E/L1/E-DTC/SD-223/Psg AFC Cab 77
7:1-224,HFP-11,L1,E,E/L1/E-DTC/SD-224/Psg AFC Cab 78
7:1-225,HFP-11,L1,E,E/L1/E-DTC/SD-225/Psg AFC Cab 79
7:1-226,HFP-11,L1,E,E/L1/E-DTC/SD-226/Psg AFC Cab 80
7:1-227,HFP-11,L1,E,E/L1/E-DTC/SD-227/Psg AFC Cab 81
7:1-228,HFP-11,L1,E,E/L1/E-DTC/SD-228/Psg AFC Cab 82
7:1-229,HFP-11,L1,E,E/L1/E-DTC/SD-229/Reception Area
7:1-230,FDOT421,L1,E,E/L1/EE/GND/SD-230/LL AHU Room
7:1-231,HFP-11,L1,E,E/L1/E-DTC/SD-231/Psg AFC 58 Cab
7:1-232,HFP-11,L1,E,E/L1/E-DTC/SD-232/Psg AFC 79 Cab
7:1-233,HFP-11,L1,E,E/L1/E-DTC/SD-233/Psg AFC 81 Cab
7:1-236,HFP-11,L1,E,E/L1/E-DTC/SD-236/Psg AFC 44 Cab
7:1-237,HFP-11,L1,E,E/L1/E-DTC/SD-237/Psg AFC 42 Cab
7:1-238,HFP-11,L1,E,E/L1/E-DTC/SD-238/Psg AFC 40 Cab
7:1-239,HFP-11,L1,E,E/L1/E-DTC/SD-239/Psg AFC 36 Cab
7:1-240,HFP-11,L1,E,E/L1/E-DTC/SD-240/Psg AFC 22 Cab
7:1-241,HFP-11,L1,E,E/L1/E-DTC/SD-241/Psg AFC 11 Cab
7:1-242,HFP-11,L1,E,E/L1/E-DTC/SD-242/Psg AFC 05 Cab
7:1-243,HFP-11,L1,E,E/L1/E-DTC/SD-243/Psg AFC 16 Cab
7:1-244,HFP-11,L1,E,E/L1/E-DTC/SD-244/Psg AFC 14 Cab
7:1-245,HFP-11,L1,E,E/L1/E-DTC/SD-245/Psg AFC 28 Cab
7:1-246,HFP-11,L1,E,E/L1/E-DTC/SD-246/Psg AFC 26 Cab
7:1-247,HFP-11,L1,E,E/L1/E-DTC/SD-247/Psg AFC 25 Cab
7:1-248,HMS-S/D/M/SA,L1,E,E/L1/EC/GND/MCP-248/Lift Lobby
7:1-249,HTRI-R,L1,E,E/L1/EC/GND/CM-249/Lift Lobby AF
7:1-250,HTRI-S,L1,E,E/L1/EC/GND/MM-250/Lift Lobby AF
7:1-251,FDOT421,L1,E,E/L1/EC/GND/SD-251/Electric Room
7:1-252,FDOT421,L1,E,E/L1/EC/GND/SD-252/Lift Lobby
7:2-1,HTRI-R,L2,E,E/L2/C/3F/CM1/DR REL NR EC3050
7:2-2,HFP-11,L2,E,E/L2/C/3F/SD2/CORR NR EC3050
7:2-3,HFP-11,L2,E,E/L2/E/3F/SD3/CORR NR EC3050
7:2-4,HFP-11,L2,E,E/L2/C/3F/SD4/CORR NR EW3/S19
7:2-5,HFP-11,L2,E,E/L2/C/3F/SD5/CORR NR EW3/219
7:2-6,HFP-11,L2,E,E/L2/C/3F/SD6/CORR NR S07
7:2-7,HFP-11,L2,E,E/L2/C/3F/SD7/CORR NR EC3
7:2-8,HMS-S/D/M/SA,L2,E,E/L2/C/3F/MCP8/FIRE ESC STR
7:2-9,HTRI-R,L2,E,E/L2/C/3F/CM9/FIRE ESC STR
7:2-9,HTRI-R,L2,E,E/L2/C/3F/CM9/FIRE ESC STR
7:2-10,HFP-11,L2,E,E/L2/C/3F/SD10/CORR NR S20
7:2-11,HFP-11,L2,E,E/L2/C/3F/SD11/CORR NR EC3090
7:2-12,HFP-11,L2,E,E/L2/C/3F/SD12/CORR NR EC3090
7:2-13,HFP-11,L2,E,E/L2/C/3F/SD13/CORR NR E.R.
7:2-14,HFP-11,L2,E,E/L2/C/3F/SD14/CORR NR E.R.
7:2-15,HTRI-R,L2,E,E/L2/C/3F/CM15/DR REL NR LL
7:2-16,HFP-11,L2,E,E/L2/C/3F/SD16/LIFT LOBBY 
7:2-17,HFP-11,L2,E,E/L2/C/3F/SD17/LIFT LOBBY 
7:2-18,HMS-S/D/M/SA,L2,E,E/L2/C/3F/MCP18/FIRE SHAFT L.L.
7:2-19,HTRI-R,L2,E,E/L2/C/3F/CM19/FIRE SHAFT L.L.
7:2-20,HTRI-S,L2,E,E/L2/C/3F/MM20/FIRE SHAFT L.L.
7:2-21,HFP-11,L2,E,E/L2/C/3F/SD21/ELECT RM 
7:2-22,HFP-11,L2,E,E/L2/C/3F/SD22/AHU RM 
7:2-23,HTRI-R,L2,E,E/L2/C/3F/CM23/AHU RM 
7:2-24,HFP-11,L2,E,E/L2/C/3F/SD24/CORR NR EC3070
7:2-25,HFP-11,L2,E,E/L2/C/3F/SD25/CORR NR EC3070
7:2-26,HFP-11,L2,E,E/L2/C/3F/SD26/CORR NR EC3/S22
7:2-27,HFP-11,L2,E,E/L2/C/3F/SD27/CORR NR EC3/S22
7:2-28,HFP-11,L2,E,E/L2/3F/SD28/CORR NR EE3030
7:2-29,HFP-11,L2,E,E/L2/3F/SD29/CORR NR EE3100
7:2-30,HFP-11,L2,E,E/L2/3F/SD30/CORR NR EE3100
7:2-31,HFP-11,L2,E,E/L2/3F/SD31/CORR NR EE3120
7:2-32,HFP-11,L2,E,E/L2/3F/SD32/CORR NR EE3/S24
7:2-33,HFP-11,L2,E,E/L2/3F/SD33/CORR NR EE3/S24
7:2-34,HTRI-R,L2,E,E/L2/3F/CM34DR RELESE CM NR L.
7:2-35,HFP-11,L2,E,E/L2/3F/SD35/ELECT RM 
7:2-36,HFP-11,L2,E,E/L2/3F/SD36/AHU RM 
7:2-37,HTRI-R,L2,E,E/L2/3F/CM37/AHU RM 
7:2-38,HFP-11,L2,E,E/L2/3F/SD38/LIFT LOBBY 
7:2-39,HMS-S/D/M/SA,L2,E,E/L2/3F/MCP39/FIRE SHAFT L.L.
7:2-40,XTRI-R,L2,E,E/L2/3F/CM40/FIRE SHAFT L.L.
7:2-41,HTRI-S,L2,E,E/L2/3F/MM41/FIRE SHAFT L.L.
7:2-42,HMS-S/D/M/SA,L2,E,E/L2/2F/MCP42/FIRE ESC STR
7:2-43,HTRI-R,L2,E,E/L2/2F/CM43/FIRE ESC STR
7:2-44,HFP-11,L2,E,E/L2/C/2F/SD44/CORR NR ECS07
7:2-45,HFP-11,L2,E,E/L2/C/2F/SD45/CORR NR ECS07
7:2-46,HFP-11,L2,E,E/L2/C/2F/SD46/CORR NR EC2020
7:2-47,HFP-11,L2,E,E/L2/C/2F/SD47/CORR NR EC2020
7:2-48,HFP-11,L2,E,E/L2/C/2F/SD48/CORR NR EC2082
7:2-49,HFP-11,L2,E,E/L2/C/2F/SD49/CORR NR E.R.
7:2-50,HFP-11,L2,E,E/L2/C/2F/SD50/CORR NR E.R.
7:2-51,HTRI-R,L2,E,E/L2/C/2F/CM51/DR RELESE CM NR L
7:2-52,HFP-11,L2,E,E/L2/C/2F/SD52/LIFT LOBBY 
7:2-53,HFP-11,L2,E,E/L2/C/2F/SD53/LIFT LOBBY 
7:2-54,HFP-11,L2,E,E/L2/C/2F/SD54/ELECT RM 
7:2-55,XTRI-R,L2,E,E/L2/C/2F/CM55/FIRE SHAFT L.L.
7:2-56,HMS-S/D/M/SA,L2,E,E/L2/C/2F/MCP56/FIRE SHAFT L.L.
7:2-57,HTRI-S,L2,E,E/L2/C/2F/MM57/FIRE SHAFT L.L.
7:2-58,HTRI-R,L2,E,E/L2/C/2F/CM58/DR RELESE NR LL
7:2-59,HFP-11,L2,E,E/L2/C/2F/SD59/AHU RM 
7:2-60,HTRI-R,L2,E,E/L2/2F/CM60/AHU RM CM
7:2-61,HFP-11,L2,E,E/L2/C/2F/SD61/CORR NR AHU 
7:2-62,HFP-11,L2,E,E/L2/C/2F/SD62/CORR NR EC2133
7:2-63,HFP-11,L2,E,E/L2/C/2F/SD63/CORR NR EC2132
7:2-64,HFP-11,L2,E,E/L2/C/2F/SD64/CORR NR EC2132
7:2-65,HMS-S/D/M/SA,L2,E,E/L2/2F/MCP65/IRE ESC STR
7:2-66,HTRI-R,L2,E,E/L2/2F/CM66/FIRE ESC STR
7:2-67,HFP-11,L2,E,E/L2/2F/SD67/ELECT RM SD
7:2-68,HFP-11,L2,E,E/L2/2F/SD68/AHU RM SD
7:2-69,HTRI-R,L2,E,E/L2/2F/CM69/AHU RM CM
7:2-70,HFP-11,L2,E,E/L2/2F/SD70/LIFT LOBBY SD
7:2-71,HMS-S/D/M/SA,L2,E,E/L2/2F/MCP71/FIRE SHAFT L.L.
7:2-72,HTRI-R,L2,E,E/L2/2F/CM72/FIRE SHAFT L.L.
7:2-73,HTRI-S,L2,E,E/L2/2F/MM73/FIRE SHAFT L.L.
7:2-74,HFP-11,L2,E,E/L2/EE1011/SD74/Main cabin
7:2-75,HFP-11,L2,E,E/L2/EE1011/SD75/Assortor Cab 1
7:2-76,HTRI-R,L2,E,E/L2/1F/CM76/DR RELESE NR EC1080
7:2-77,HFP-11,L2,E,E/L2/1F/SD77/CORR NR EC 1080
7:2-78,HFP-11,L2,E,E/L2/1F/SD78/CORR NR EC 1080
7:2-79,HFP-11,L2,E,E/L2/1F/SD79/CORR NR EC 1050
7:2-80,HFP-11,L2,E,E/L2/1F/SD80/CORR NR EC1/S07
7:2-81,HFP-11,L2,E,E/L2/1F/SD81/CORR NR EC1/S07
7:2-82,HTRI-R,L2,E,E/L2/1F/CM82/FIRE ESC STR
7:2-83,HMS-S/D/M/SA,L2,E,E/L2/1F/MCP83/FIRE ESC STR
7:2-84,HFP-11,L2,E,E/L2/1F/SD84/CORR NR EC 1040
7:2-85,HFP-11,L2,E,E/L2/1F/SD85/CORR NR EC1/S06
7:2-86,HFP-11,L2,E,E/L2/1F/SD86/CORR NR EC 1010
7:2-87,HFP-11,L2,E,E/L2/1F/SD87/CORR NR E.R.
7:2-88,HFP-11,L2,E,E/L2/1F/SD88/ELECT RM SD
7:2-89,HTRI-R,L2,E,E/L2/1F/CM89/DR RELESE CM NR E.R
7:2-90,HFP-11,L2,E,E/L2/1F/SD90/CORR NR EC1/S21
7:2-91,XTRI-R,L2,E,E/L2/1F/CM91/FIRE SHAFT L.L.C/C
7:2-92,HMS-S/D/M/SA,L2,E,E/L2/1F/MCP92/FIRE SHAF L.L.C/C
7:2-93,HTRI-S,L2,E,E/L2/1F/MM93/FIRE SHAFT L.L.C/C
7:2-94,HFP-11,L2,E,E/L2/1F/SD94/LIFT LOBBY SD C/C
7:2-95,HFP-11,L2,E,E/L2/1F/SD95/LIFT LOBBY SD C/C
7:2-97,HTRI-R,L2,E,E/L2/1F/CM97/AHU RM CM C/C
7:2-98,HFP-11,L2,E,E/L2/1F/SD98/AHU RM SD C/C
7:2-99,HFP-11,L2,E,E/L2/EE1011/SD99/Assortor Cab 2
7:2-100,HFP-11,L2,E,E/L2/EE1011/SD100/Assortor Cab 2
7:2-101,HFP-11,L2,E,E/L2/1F/SD101/ELECT RM SD E/C
7:2-102,HFP-11,L2,E,E/L2/1F/SD102/AHU RM SD E/C
7:2-103,HTRI-R,L2,E,E/L2/1F/CM103/AHU RM CM E/C
7:2-104,HFP-11,L2,E,E/L2/1F/SD104/LIFT LOBBY SD E/C
7:2-105,HTRI-R,L2,E,E/L2/1F/CM105/FIRE SHAFT L.L.E/C
7:2-106,HMS-S/D/M/SA,L2,E,E/L2/1F/MCP106/FIRE SHAFT L.L.E/
7:2-107,HTRI-S,L2,E,E/L2/1F/MM107/FIRE SHAFT L.L.E/C
7:2-108,HFP-11,L2,E,E/L2/1F/SD108/SMALL CORR 
7:2-110,HTRI-S,L2,E,E/L2/3F/MM110/EC3080
7:2-111,XTRI-S,L2,E,E/L2/3F/MM111/EC3100
7:2-112,HFP-11,L2,E,E/L2/EE1011/SD112/Assortor Cab 2
7:2-113,HFP-11,L2,E,E/L2/EE1011/SD113/Lunch Cabin
7:2-114,HFP-11,L2,E,E/L2/EE1011/SD114/Assortor Cab 3
7:2-116,XTRI-S,L2,E,E/L2/2F/MM116/EC2060
7:2-117,HFP-11,L2,E,E/L2/EE1011/SD117/Assortor Cab 3
7:2-118,HFP-11,L2,E,E/L2/EE1011/SD118/Assortor Cab 3
7:2-119,XTRI-S,L2,E,E/L2/2F/MM119/EC2040
7:2-120,HFP-11,L2,E,E/L2/EE1011/SD120/Account Cabin
7:2-122,HFP-11,L2,E,E/L2/EE1011/SD122/Director Cabin
7:2-123,XTRI-S,L2,E,E/L2/2F/MM123/EC2020
7:2-124,XTRI-S,L2,E,E/L2/2F/MM124/EC2010
7:2-125,HFP-11,L2,E,E/L2/EE1011/SD125/Psg Nr. Pantry
7:2-127,XTRI-S,L2,E,E/L2/2F/MM127/EC2150
7:2-128,XTRI-S,L2,E,E/L2/2F/MM128/EC2140
7:2-129,HFP-11,L2,E,E/L2/EE1011/SD129/Waiting Area P
7:2-130,XTRI-S,L2,E,E/L2/C//2F/MM130/EC2100
7:2-131,HTRI-S,L2,E,E/L2/2F/MM131/
7:2-132,HFP-11,L2,E,E/L2/EE1011/SD132/Reception Psg
7:2-133,XTRI-S,L2,E,E/L2/2F/MM133/EC2120
7:2-135,HFPT-11,L2,E,E/L2/EC3060/HD135/Pantry
7:2-136,HFPT-11,L2,E,E/L2/EE1011/HD136/Pantry
7:2-137,HMS-S/D/M/SA,L2,E,E/L2/EE1011/MCP137/Waiting Area 
7:2-138,HMS-S/D/M/SA,L2,E,E/L2/EE1011/MCP138/Psg Nr.Main C
7:2-139,HTRI-S,L2,E,E/L2/1F/MM139/EC1160
7:2-141,HTRI-S,L2,E,E/L2/1F/MM141/EC1150
7:2-142,HTRI-S,L2,E,E/L2/1F/MM142/EC1030
7:2-143,HTRI-S,L2,E,E/L2/C/2F/MM143/EC1120
7:2-145,HTRI-S,L2,E,E/L2/1F/MM145/EC1130
7:2-146,HTRI-S,L2,E,E/L2/1F/MM146/EC1050-A
7:2-148,HTRI-S,L2,E,E/L2/1F/MM148/EC1050
7:2-149,HTRI-S,L2,E,E/L2/1F/MM149/EC1110
7:2-150,HTRI-S,L2,E,E/L2/1F/MM150/EC1060
7:2-152,HTRI-S,L2,E,E/L2/1F/MM152/EC1100
7:2-153,HTRI-S,L2,E,E/L2/1F/MM153/EC1080
7:2-154,HTRI-S,L2,E,E/L2/1F/MM154/EC1090
7:2-155,HTRI-S,L2,E,E/L2/1F/MM155/EC1080-(A)
7:2-158,HTRI-S,L2,E,E/L2/2F/MM158/EE2010
7:2-161,HTRI-R,L2,E,E/L2/EE1011/CM161/Waitting Psg A
7:2-163,HTRI-S,L2,E,E/L2/1F/MM163/EE3110
7:2-164,HTRI-S,L2,E,E/L2/3F/MM164/EE3120
7:2-166,HTRI-S,L2,E,E/L2/3F/MM166/EC3050
7:2-171,HTRI-S,L2,E,E/L2/3F/MM171/EE3070
7:2-176,HMS-S/D/M/SA,L2,E,E/L2/EW/GND/MCP-176/Lift Lobby
7:2-177,HTRI-R,L2,E,E/L2/EW/GND/CM-177/Lift Lobby AF
7:2-178,HTRI-S,L2,E,E/L2/EW/GND/MM-178/Lift Lobby AF
7:2-179,FDOT421,L2,E,E/L2/EW/GND/SD-179/Electric Room
7:2-180,FDOT421,L2,E,E/L2/EW/GND/SD-180/Lift Lobby En
7:2-181,FDOT421,L2,E,E/L2/EW/GND/SD-181/LL security c
7:2-182,FDOT421,L2,E,E/L2/EW/GND/SD-182/Lift Lobby 
7:2-183,FDOT421,L2,E,E/L2/EW/GND/SD-183/Lift Lobby 
7:2-184,FDOT421,L2,E,E/L2/EW/GND/SD-184/Lift Lobby En
7:2-185,FDOT421,L2,E,E/L2/EW/GND/SD-185/Lift Lobby AH
7:2-186,HTRI-R,L2,E,E/L2/EW/GND/CM-186/Lift Lobby AH
7:2-186,HTRI-R,L2,E,E/L2/EW/GND/CM-186/Lift Lobby AH
7:2-187,HFP-11,L2,E,E/L2/EC3010/SD187/Accounts cab
7:2-188,HFP-11,L2,E,E/L2/EC3010/SD188/Assorter cab
7:2-189,HFP-11,L2,E,E/L2/EC3010/SD189/Main cab
7:2-190,HFP-11,L2,E,E/L2/EC3010/SD190/Pantry
7:2-191,HFP-11,L2,E,E/L2/EC3010/SD191/Washroom area
7:2-192,HFP-11,L2,E,E/L2/EC3010/SD192/Reception
7:2-193,HTRI-R,L2,E,E/L2/EC3010/CM193/Entry dr Psg
7:2-194,HMS-S/D/M/SA,L2,E,E/L2/EC3010/MCP194/Entry dr Psg
7:2-195,HFP-11,L2,E,E/L2/EC3070/SD195/Reception
7:2-196,HFPT-11,L2,E,E/L2/EC3070/HD196/Pantry
7:2-197,HFP-11,L2,E,E/L2/EC3070/SD197/Meeting rm
7:2-198,HFP-11,L2,E,E/L2/EC3070/SD198/Psg nr account
7:2-199,HFP-11,L2,E,E/L2/EC3070/SD199/Account cab
7:2-200,HFP-11,L2,E,E/L2/EC3070/SD200/Boss cab
7:2-201,HFP-11,L2,E,E/L2/EC3070/SD201/Main cab
7:2-202,HTRI-R,L2,E,E/L2/EC3070/CM202/Entry dr Psg
7:2-203,HMS-S/D/M/SA,L2,E,E/L2/EC3070/MCP203/Entry dr Psg
7:2-204,HFP-11,L2,E,E/L2/EC3060/SD204/Main cab1
7:2-205,HFP-11,L2,E,E/L2/EC3060/SD205/Main cab2
7:2-206,HFP-11,L2,E,E/L2/EC3060/SD206/Account cab
7:2-207,HFP-11,L2,E,E/L2/EC3060/SD207/Account cab
7:2-208,HFP-11,L2,E,E/L2/EC3060/SD208/Reception
7:2-209,HFP-11,L2,E,E/L2/EC3060/SD209/Pantry
7:2-210,HFP-11,L2,E,E/L2/EC3060/SD210/store rm
7:2-211,XTRI-R,L2,E,E/L2/EC3060/CM211/Entry dr Psg
7:2-212,HMS-S/D/M/SA,L2,E,E/L2/EC3060/MCP212/Entry dr Psg
7:2-226,HFP-11,L2,E,E/L2/EE3060/SD226/Main cab
7:2-227,HFP-11,L2,E,E/L2/EE3060/SD227/Assorter cab
7:2-228,HFP-11,L2,E,E/L2/EE3060/SD228/Psg nr Assorte
7:2-229,HFP-11,L2,E,E/L2/EE3060/SD229/Accounts cab
7:2-230,HFPT-11,L2,E,E/L2/EE3060/HD230/Pantry
7:2-231,HTRI-R,L2,E,E/L2/EE3060/CM231/Entry dr Psg
7:2-232,HMS-S/D/M/SA,L2,E,E/L2/EE3060/MCP232/Entry dr Psg
7:2-233,HFP-11,L2,E,E/L2/EC1170/SD233/Assorter cab1
7:2-234,HFP-11,L2,E,E/L2/EC1170/SD234/AFC Assorter c
7:2-235,HFP-11,L2,E,E/L2/EC1170/SD235/Main cab
7:2-236,HFP-11,L2,E,E/L2/EC1170/SD236/AFC Main cab
7:2-237,HFP-11,L2,E,E/L2/EC1170/SD237/Entry Psg
7:2-238,HFP-11,L2,E,E/L2/EC1170/SD238/Account cab
7:2-239,HFP-11,L2,E,E/L2/EC1170/SD239/Assorter cab2
7:2-240,HFP-11,L2,E,E/L2/EC1170/SD240/AFC Assorter c
7:2-241,HTRI-R,L2,E,E/L2/EC1170/CM241/Electric cupbo
7:2-242,HMS-S/D/M/SA,L2,E,E/L2/EC1170/MCP242/Entry Psg
7:2-243,HFP-11,L2,E,E/L2/EC2160/SD243/main cab
7:2-244,HFP-11,L2,E,E/L2/EC2160/SD244/Assoter cab
7:2-245,HFP-11,L2,E,E/L2/EC2160/SD245/psg nr assoter
7:2-246,HFP-11,L2,E,E/L2/EC2160/SD246/pantry
7:2-247,HTRI-R,L2,E,E/L2/EC2160/CM247/Entry psg afc
7:2-248,HMS-S/D/M/SA,L2,E,E/L2/EC2160/MCP248/Entry Psg
7:2-250,XTRI-S,L2,E,E/L2/1F/MM250/EC3110
7:3-1,HFP-11,L3,E,E/L3/WC/2F/SD1/CORR NR 2260
7:3-2,HFP-11,L3,E,E/L3/WC/2F/SD2/CORR NR 2260
7:3-3,HTRI-R,L3,E,E/L3/WC/2F/CM3/FIRE ESC STR
7:3-4,HMS-S/D/M/SA,L3,E,E/L3/WC/2F/MCP4/FIRE ESC STR
7:3-5,HFP-11,L3,E,E/L3/WC/2F/SD5/CORR NR 2170
7:3-6,HFP-11,L3,E,E/L3/WC/2F/SD6/CORR NR 2200
7:3-7,HFP-11,L3,E,E/L3/WC/2F/SD7/CORR NR 2230
7:3-8,HFP-11,L3,E,E/L3/WC/2F/SD8/CORR NR AHU
7:3-9,HFP-11,L3,E,E/L3/WC/2F/SD9/CORR NR AHU
7:3-10,HTRI-R,L3,E,E/L3/WC/2F/CM10/AHU RM CM
7:3-11,HFP-11,L3,E,E/L3/WC/2F/SD11/AHU RM SD
7:3-12,HTRI-R,L3,E,E/L3/WC/2F/CM12/DR RELESE CM
7:3-13,HFP-11,L3,E,E/L3/WC/2F/SD13/LIFT LOBBY SD
7:3-14,HFP-11,L3,E,E/L3/WC/2F/SD14/LIFT LOBBY SD
7:3-15,HTRI-R,L3,E,E/L3/WC/2F/CM15/FIRE SHAFT L.L.
7:3-16,HMS-S/D/M/SA,L3,E,E/L3/WC/2F/MCP16/FIRE SHAFT L.L.
7:3-17,HTRI-S,L3,E,E/L3/WC/2F/MM17/FIRE SHAFT L.L.
7:3-18,HFP-11,L3,E,E/L3/WC/2F/SD18/ELECT RM SD
7:3-19,HTRI-R,L3,E,E/L3/WC/2F/CM19/DR RELESE NR E.R
7:3-20,HFP-11,L3,E,E/L3/WC/2F/SD20/CORR NR 2020
7:3-21,HFP-11,L3,E,E/L3/WC/2F/SD21/CORR NR 2200
7:3-22,HFP-11,L3,E,E/L3/WC/2F/SD22/CORR NR 2050
7:3-23,HFP-11,L3,E,E/L3/WC/2F/SD23/CORR NR 2180
7:3-24,HFP-11,L3,E,E/L3/WC/2F/SD24/CORR NR 2070
7:3-25,HFP-11,L3,E,E/L3/WC/1F/SD25/CORR NR 1200
7:3-26,HFP-11,L3,E,E/L3/WC/1F/SD26/CORR NR 1230
7:3-27,HFP-11,L3,E,E/L3/WC/1F/SD27/CORR NR 1230
7:3-28,HFP-11,L3,E,E/L3/WC/1F/SD28/CORR NR 1170
7:3-29,HFP-11,L3,E,E/L3/WC/1F/SD29/SMALL CORR 
7:3-30,HFP-11,L3,E,E/L3/WC/1F/SD30/SMALL CORR 
7:3-31,HTRI-R,L3,E,E/L3/WC/1F/CM31/AHU RM CM
7:3-32,HFP-11,L3,E,E/L3/WC/1F/SD32/AHU RM SD
7:3-33,HTRI-R,L3,E,E/L3/WC/1F/CM33/DR RELESE CM AHU
7:3-34,HFP-11,L3,E,E/L3/WC/1F/SD34/LIFT LOBBY SD
7:3-35,HFP-11,L3,E,E/L3/WC/1F/SD35/LIFT LOBBY SD
7:3-36,HTRI-R,L3,E,E/L3/WC/1F/CM36/FIRE SHAFT L.L.
7:3-37,HMS-S/D/M/SA,L3,E,E/L3/WC/1F/MCP37/FIRE SHAFT L.L.
7:3-38,HTRI-S,L3,E,E/L3/WC/1F/MM38/FIRE SHAFT L.L.
7:3-39,HTRI-R,L3,E,E/L3/WC/1F/CM39/DR RELESE CM 
7:3-40,HFP-11,L3,E,E/L3/WC/1F/SD40/ELECT RM SD
7:3-41,HFP-11,L3,E,E/L3/WC/1F/SD41/CORR NR 1020
7:3-42,HFP-11,L3,E,E/L3/WC/1F/SD42/CORR NR 1020
7:3-43,HFP-11,L3,E,E/L3/WC/1F/SD43/CORR NR 1100
7:3-44,HFP-11,L3,E,E/L3/WC/1F/SD44/CORR NR 1070
7:3-45,HFP-11,L3,E,E/L3/WC/1F/SD45/CORR NR EW1070
7:3-46,HTRI-S,L3,E,E/L3/2F/MM46/DW2180
7:3-47,HTRI-S,L3,E,E/L3/2F/MM47/DW2170
7:3-49,HTRI-S,L3,E,E/L3/2F/MM49/DW2260
7:3-55,HTRI-S,L3,E,E/L3/2F/MM55/EW2170
7:3-56,HTRI-S,L3,E,E/L3/2F/MM56/EW2200
7:3-60,HTRI-S,L3,E,E/L3/2F/MM60/EW2040
7:3-61,HTRI-S,L3,E,E/L3/2F/MM61/EW2200 (B)
7:3-62,HTRI-S,L3,E,E/L3/2F/MM62/EW2030
7:3-63,HTRI-S,L3,E,E/L3/2F/MM63/EW2020
7:3-64,HTRI-S,L3,E,E/L3/2F/MM64/EW2010
7:3-65,HTRI-S,L3,E,E/L3/2F/MM65/DW2220
7:3-67,HTRI-S,L3,E,E/L3/2F/MM67/DW2200
7:3-80,HTRI-S,L3,E,E/L3/1F/MM80/EW1050
7:3-81,HTRI-S,L3,E,E/L3/1F/MM81/EW1090
7:3-82,HTRI-S,L3,E,E/L3/1F/MM82/EW1100
7:3-85,HTRI-S,L3,E,E/L3/1F/MM85/EW1110
7:3-86,HTRI-S,L3,E,E/L3/1F/MM86/EW1120
7:3-88,HTRI-S,L3,E,E/L3/1F/MM88/EW1130
7:3-89,HTRI-S,L3,E,E/L3/1F/MM89/EW1012
7:3-90,HTRI-S,L3,E,E/L3/1F/MM90/EW1011
7:3-91,HTRI-S,L3,E,E/L3/1F/MM91/EW1140
7:3-92,HTRI-S,L3,E,E/L3/1F/MM92/EW1150
7:3-96,HTRI-S,L3,E,E/L3/1F/MM96/EW1220
7:3-98,HTRI-S,L3,E,E/L3/1F/MM98/EW1180
7:3-100,HTRI-S,L3,E,E/L3/1F/MM100/EW1200
7:3-102,HFP-11,L3,E,E/L3/DW2250/SD102/Account cab
7:3-103,HFP-11,L3,E,E/L3/DW2250/SD103/Main cab
7:3-104,HFP-11,L3,E,E/L3/DW2250/SD104/Psg nr Main ca
7:3-105,HFP-11,L3,E,E/L3/DW2250/SD105/Assorter cab
7:3-106,HTRI-R,L3,E,E/L3/DW2250/CM106/Psg nr Entry
7:3-107,HMS-S/D/M/SA,L3,E,E/L3/DW2250/MCP107/Psg nr Entry
7:3-108,HFP-11,L3,E,E/L3/DW2190/SD108/Pantry
7:3-109,HFP-11,L3,E,E/L3/DW2190/SD109/Managers cab 2
7:3-110,HFP-11,L3,E,E/L3/DW2190/SD110/Managers cab 1
7:3-111,HFP-11,L3,E,E/L3/DW2190/SD111/Directors cab
7:3-112,HTRI-R,L3,E,E/L3/DW2190/CM112/Psg nr Entry
7:3-113,HMS-S/D/M/SA,L3,E,E/L3/DW2190/MCP113/Psg nr Entry
7:3-114,HFP-11,L3,E,E/L3/DW2240/SD114/Pantry
7:3-115,HFP-11,L3,E,E/L3/DW2240/SD115/Main cab
7:3-116,HTRI-R,L3,E,E/L3/DW2240/CM116/Psg nr Entry
7:3-117,HMS-S/D/M/SA,L3,E,E/L3/DW2240/MCP117/Psg nr Entry
7:3-118,HFP-11,L3,E,E/L3/DW2230/SD118/Pantry
7:3-119,HFP-11,L3,E,E/L3/DW2230/SD119/Main cab
7:3-120,HTRI-R,L3,E,E/L3/DW2230/CM120/Psg nr Entry
7:3-121,HMS-S/D/M/SA,L3,E,E/L3/DW2230/MCP121/Psg nr Entry
7:3-122,HFP-11,L3,E,E/L3/DW2210/SD122/Cab 1
7:3-123,HFP-11,L3,E,E/L3/DW2210/SD123/Cab 2
7:3-125,HFP-11,L3,E,E/L3/DW2210/SD125/Main cab
7:3-126,HFP-11,L3,E,E/L3/DW2210/SD126/Psg nr Cab 2
7:3-127,HTRI-R,L3,E,E/L3/DW2210/CM127/Psg nr Entry
7:3-128,HMS-S/D/M/SA,L3,E,E/L3/DW2210/MCP128/Psg nr Entry
7:3-129,HFP-11,L3,E,E/L3/EW2050/SD129/Main cab
7:3-130,HFP-11,L3,E,E/L3/EW2050/SD130/Assorter cab
7:3-131,HFP-11,L3,E,E/L3/EW2050/SD131/Psg nr Assorte
7:3-132,HFP-11,L3,E,E/L3/EW2050/SD132/Accounts cab
7:3-133,HFPT-11,L3,E,E/L3/EW2050/HD133/Pantry
7:3-134,HTRI-R,L3,E,E/L3/EW2050/CM134/Entry dr Psg
7:3-135,HMS-S/D/M/SA,L3,E,E/L3/EW2050/MCP135/Entry dr Psg
7:3-136,HFP-11,L3,E,E/L3/EW2190/SD136/Main cab
7:3-137,HFP-11,L3,E,E/L3/EW2190/SD137/Account cab
7:3-138,HFP-11,L3,E,E/L3/EW2190/SD138/Account cab Ps
7:3-139,HTRI-R,L3,E,E/L3/EW2190/CM139/Entry dr Psg
7:3-140,HMS-S/D/M/SA,L3,E,E/L3/EW2190/MCP140/Entry dr Psg
7:3-146,HFP-11,L3,E,E/L3/EW1020/SD146/Main cab
7:3-147,HFP-11,L3,E,E/L3/EW1020/SD147/Assorter cab
7:3-148,HFP-11,L3,E,E/L3/EW1020/SD148/Account cab
7:3-149,HFP-11,L3,E,E/L3/EW1020/SD149/Account cab ps
7:3-150,HFP-11,L3,E,E/L3/EW1020/SD150/Pantry
7:3-151,HTRI-R,L3,E,E/L3/EW1020/CM151/Entry dr Psg
7:3-152,HMS-S/D/M/SA,L3,E,E/L3/EW1020/MCP152/Entry dr Psg
7:3-153,HFP-11,L3,E,E/L3/EW1160/SD153/Entry Psg
7:3-154,HFP-11,L3,E,E/L3/EW1160/SD154/Entry Psg
7:3-155,HFP-11,L3,E,E/L3/EW1160/SD155/Pantry
7:3-156,HFP-11,L3,E,E/L3/EW1160/SD156/Main cab1
7:3-157,HFP-11,L3,E,E/L3/EW1160/SD157/Main cab2
7:3-158,HFP-11,L3,E,E/L3/EW1160/SD158/Assorter cab1
7:3-159,HFP-11,L3,E,E/L3/EW1160/SD159/Assorter cab2
7:3-160,HFP-11,L3,E,E/L3/EW1160/SD160/Accounts cab
7:3-161,HTRI-R,L3,E,E/L3/EW1160/CM161/Entry Psg
7:3-162,HMS-S/D/M/SA,L3,E,E/L3/EW1160/MCP162/Entry Psg
7:3-163,HFP-11,L3,E,E/L3/EW2060/SD163/Main cab
7:3-164,HFP-11,L3,E,E/L3/EW2060/SD164/Assorter cab
7:3-165,HFP-11,L3,E,E/L3/EW2060/SD165/Psg nr Assorte
7:3-166,HFP-11,L3,E,E/L3/EW2060/SD166/Pantry
7:3-167,HTRI-R,L3,E,E/L3/EW2060/CM167/Entry dr Psg
7:3-168,HMS-S/D/M/SA,L3,E,E/L3/EW2060/MCP168/Entry dr Psg
7:3-169,HFP-11,L3,E,E/L3/EW1190/SD169/Assorter cab
7:3-170,HFP-11,L3,E,E/L3/EW1190/SD170/Main cab
7:3-171,HFP-11,L3,E,E/L3/EW1190/SD171/Psg nr Main ca
7:3-172,HTRI-R,L3,E,E/L3/EW1190/CM172/Entry dr Psg
7:3-173,HMS-S/D/M/SA,L3,E,E/L3/EW1190/MCP173/Entry dr Psg
7:3-174,HFP-11,L3,E,E/L3/EW2180/SD174/Main cab
7:3-175,HFP-11,L3,E,E/L3/EW2180/SD175/Assorter cab
7:3-176,HFP-11,L3,E,E/L3/EW2180/SD176/Entry Psg
7:3-177,HTRI-R,L3,E,E/L3/EW2180/CM177/Entry Psg
7:3-178,HMS-S/D/M/SA,L3,E,E/L3/EW2180/MCP178/Entry Psg
7:3-179,HFP-11,L3,E,E/L3/EW1030/SD179/Main cab
7:3-180,HFP-11,L3,E,E/L3/EW1030/SD180/Assorter cab
7:3-181,HFP-11,L3,E,E/L3/EW1030/SD181/Psg nr Assorte
7:3-182,HFPT-11,L3,E,E/L3/EW1030/HD182/Pantry
7:3-183,HTRI-R,L3,E,E/L3/EW1030/CM183/Entry dr Psg
7:3-184,HMS-S/D/M/SA,L3,E,E/L3/EW1030/MCP184/Entry dr Psg
7:3-185,HFP-11,L3,E,E/L3/EW1070/SD185/Main cab
7:3-186,HFP-11,L3,E,E/L3/EW1070/SD186/Assorter cab
7:3-187,FDOT421,L3,E,E/L3/EW1070/SD187/AFC Assorter c
7:3-188,FDOT421,L3,E,E/L3/EW1070/SD188/Entry dr Psg
7:3-189,HTRI-R,L3,E,E/L3/EW1070/CM189/Entry dr Psg
7:3-190,HMS-S/D/M/SA,L3,E,E/L3/EW1070/MCP190/Entry dr Psg
7:3-191,HFP-11,L3,E,E/L3/EW1170/SD191/Sales dept
7:3-192,HFP-11,L3,E,E/L3/EW1170/SD192/Sales dept
7:3-193,HFP-11,L3,E,E/L3/EW1170/SD193/Purchase dept
7:3-194,HFPT-11,L3,E,E/L3/EW1170/HD194/Pantry
7:3-195,HFP-11,L3,E,E/L3/EW1170/SD195/Psg nr Pantry
7:3-196,HFP-11,L3,E,E/L3/EW1170/SD196/Account dept
7:3-197,HFP-11,L3,E,E/L3/EW1170/SD197/Cab nr Entry
7:3-198,HFP-11,L3,E,E/L3/EW1170/SD198/Reception Psg
7:3-199,HTRI-R,L3,E,E/L3/EW1170/CM199/Entry Psg
7:3-200,HMS-S/D/M/SA,L3,E,E/L3/EW1170/MCP200/Entry Psg
7:3-201,HFP-11,L3,E,E/L3/EW2060/SD201/Cab 1
7:3-202,HFP-11,L3,E,E/L3/EW2060/SD202/Cab 2
7:3-203,HFP-11,L3,E,E/L3/EW2060/SD203/Cab 3
7:3-204,HFP-11,L3,E,E/L3/EW2060/SD204/Cab 4
7:3-205,HFP-11,L3,E,E/L3/EW2060/SD205/Pantry Psg
7:3-206,HFP-11,L3,E,E/L3/EW2060/SD206/Pantry
7:3-207,HFP-11,L3,E,E/L3/EW2060/SD207/Entry Psg
7:3-210,HFP-11,L3,E,E/L3/EW1080/SD210/Main cab
7:3-211,HFP-11,L3,E,E/L3/EW1080/SD211/Entry psg
7:3-212,HTRI-R,L3,E,E/L3/EW1080/CM212/Entry psg
7:3-213,HMS-S/D/M/SA,L3,E,E/L3/EW1080/MCP213/Entry psg
7:3-214,HFP-11,L3,E,E/L3/EW1170/SD214/psg Nr Assoter
7:3-215,HFP-11,L3,E,E/L3/EW1060/SD215/Main Cabin
7:3-216,HFP-11,L3,E,E/L3/EW1060/SD216/Account Cab
7:3-217,HFP-11,L3,E,E/L3/EW1060/SD217/Assoter Cab
7:3-218,HFPT-11,EW1060,L3,L3/EW1060/HD218/Pantry
7:3-219,HTRI-R,L3,E,E/L3/EW1060/CM219/Afc Entry psg
7:3-220,HMS-S/D/M/SA,L3,E,E/L3/EW1060/MCP220/Entry Dr psg
7:3-243,HFP-11,L3,E,E/L3/EW1230/SD243/Main cab
7:3-244,HFP-11,L3,E,E/L3/EW1230/SD244/Assorter cab
7:3-245,HFP-11,L3,E,E/L3/EW1230/SD245/Assorter cab
7:3-246,HFP-11,L3,E,E/L3/EW1230/SD246/Pantry
7:3-247,HMS-S/D/M/SA,L3,E,E/L3/EW1230/MCP247/Entry psg
7:3-248,HTRI-R,L3,E,E/L3/EW1230/CM248/AFC Pantry
7:4-4,HFP-11,L4,E,E/L4/5F/SD4/CORR NR 5/S19
7:4-5,HFP-11,L4,E,E/L4/5F/SD5/CORR NR 5183
7:4-6,HFP-11,L4,E,E/L4/5F/SD6/CORR NR 5183
7:4-9,HFP-11,L4,E,E/L4/5F/SD9/ELECT RM SD
7:4-10,HMS-S/D/M/SA,L4,E,E/L4/5F/MCP10/FIRE SHAFT L.L.
7:4-11,HTRI-R,L4,E,E/L4/5F/CM11/FIRE SHAFT L.L.
7:4-12,HTRI-S,L4,E,E/L4/5F/MM12/FIRE SHAFT L.L.
7:4-13,HFP-11,L4,E,E/L4/5F/SD13/AHU RM SD
7:4-14,HTRI-R,L4,E,E/L4/5F/CM14/AHU RM CM
7:4-17,HFP-11,L4,E,E/L4/5F/SD17/ELECT RM SD
7:4-18,HFP-11,L4,E,E/L4/5F/SD18/AHU RM SD
7:4-19,HTRI-R,L4,E,E/L4/5F/CM19/AHU RM CM
7:4-20,HFP-11,L4,E,E/L4/5F/SD20/LIFT LOBBY SD 
7:4-21,HMS-S/D/M/SA,L4,E,E/L4/5F/MCP21/FIRE SHAFT L.L.
7:4-22,HTRI-R,L4,E,E/L4/5F/CM22/FIRE SHAFT L.L.
7:4-23,HTRI-S,L4,E,E/L4/5F/MM23/FIRE SHAFT L.L.
7:4-24,HTRI-R,L4,E,E/L4/4F/CM24/DR RELESE CM
7:4-25,HFP-11,L4,E,E/L4/4F/SD25/CORR NR E.R.
7:4-26,HFP-11,L4,E,E/L4/4F/SD26/CORR NR E.R.
7:4-27,HFP-11,L4,E,E/L4/4F/SD27/CORR NR EC 4051
7:4-28,HFP-11,L4,E,E/L4/4F/SD28/CORR NR EC 4051
7:4-29,HFP-11,L4,E,E/L4/4F/SD29/CORR NR FIRE EXIT
7:4-30,HMS-S/D/M/SA,L4,E,E/L4/4F/MCP30/FIRE ESC STR
7:4-31,HTRI-R,L4,E,E/L4/4F/CM31/FIRE ESC STR
7:4-32,HFP-11,L4,E,E/L4/4F/SD32/CORR NR 4060
7:4-33,HFP-11,L4,E,E/L4/4F/SD33/CORR NR EC4 S/20
7:4-34,HFP-11,L4,E,E/L4/4F/SD34/CORR NR 4071
7:4-35,HFP-11,L4,E,E/L4/4F/SD35/CORR NR 4072
7:4-36,HFP-11,L4,E,E/L4/4F/SD36/CORR NR 4072
7:4-37,HFP-11,L4,E,E/L4/4F/SD37/CORR NR 4080
7:4-38,HTRI-R,L4,E,E/L4/4F/CM38/DR RELESE CM
7:4-38,HTRI-R,L4,E,E/L4/4F/CM38/DR RELESE CM
7:4-39,HFP-11,L4,E,E/L4/4F/SD39/LIFT LOBBY SD
7:4-40,HFP-11,L4,E,E/L4/4F/SD40/LIFT LOBBY SD
7:4-41,HFP-11,L4,E,E/L4/4F/SD41/ELEC.RM
7:4-42,HFP-11,L4,E,E/L4/4F/SD42/AHU RM SD
7:4-43,HTRI-R,L4,E,E/L4/4F/CM43/AHU RM CM
7:4-44,HFP-11,L4,E,E/L4/4F/SD44/CORR NR 4101
7:4-45,HFP-11,L4,E,E/L4/4F/SD45/CORR NR 4101
7:4-46,HFP-11,L4,E,E/L4/4F/SD46/CORR NR 4013
7:4-47,HFP-11,L4,E,E/L4/4F/SD47/CORR NR 4013
7:4-50,HFP-11,L4,E,E/L4/4F/SD50/ELECT RM SD
7:4-51,HFP-11,L4,E,E/L4/4F/SD51/AHU RM SD
7:4-52,HTRI-R,L4,E,E/L4/4F/CM52/AHU RM CM
7:4-53,HFP-11,L4,E,E/L4/4F/SD53/LIFT LOBBY SD
7:4-54,HTRI-S,L4,E,E/L4/4F/MM54/FIRE SHAFT L.L.
7:4-55,XTRI-R,L4,E,E/L4/4F/CM55/FIRE SHAFT L.L.
7:4-56,HMS-S/D/M/SA,L4,E,E/L4/4F/MCP56/FIRE SHAFT L.L.
7:4-57,HMS-S/D/M/SA,L4,E,E/L4/4F/MCP57/FIRE SHAFT L.L.
7:4-58,HTRI-R,L4,E,E/L4/4F/CM58/FIRE SHATFT L.L.
7:4-59,HTRI-S,L4,E,E/L4/4F/MM59/FIRE SHAFT L.L.
7:4-60,HTRI-R,L4,E,E/L4/4F/CM60/DR RELELSE CM
7:4-70,HTRI-S,L4,E,E/L4/5F/MM70/EC5021
7:4-71,HTRI-S,L4,E,E/L4/4F/MM71/EE4014
7:4-72,HTRI-S,L4,E,E/L4/5F/MM72/EC5010
7:4-75,HTRI-S,L4,E,E/L4/4F/MM75/EC4016 
7:4-77,HTRI-S,L4,E,E/L4/4F/MM77/EC4013A
7:4-78,HTRI-S,L4,E,E/L4/4F/MM78/EC4102 
7:4-79,HTRI-S,L4,E,E/L4/4F/MM79/EC4091
7:4-80,HTRI-S,L4,E,E/L4/4F/MM80/EC4101
7:4-81,HTRI-S,L4,E,E/L4/4F/MM81/EC4080B 
7:4-82,HTRI-S,L4,E,E/L4/4F/MM82/EC4011
7:4-83,HTRI-S,L4,E,E/L4/4F/MM83/EC4072
7:4-87,HTRI-S,L4,E,E/L4/4F/MM87/EC4060
7:4-88,HTRI-S,L4,E,E/L4/4F/MM88/EC4030
7:4-89,HTRI-S,L4,E,E/L4/4F/MM89/EC4051
7:4-90,HTRI-S,L4,E,E/L4/4F/MM90/EC4040
7:4-91,HTRI-S,L4,E,E/L4/5F/MM91/EE5011
7:4-92,HTRI-S,L4,E,E/L4/4F/MM92/EE4011
7:4-93,HFP-11,L4,E,E/L4/EC4012/SD93/Main cab
7:4-94,HFP-11,L4,E,E/L4/EC4012/SD94/Main cab
7:4-95,HFP-11,L4,E,E/L4/EC4012/SD95/Account cab
7:4-96,HFP-11,L4,E,E/L4/EC4012/SD96/Assorter cab
7:4-97,HFP-11,L4,E,E/L4/EC4012/SD97/Psg nr Account 
7:4-98,HFP-11,L4,E,E/L4/EC4012/SD98/Pantry
7:4-99,HTRI-R,L4,E,E/L4/EC4012/CM99/Entry dr Psg
7:4-100,HMS-S/D/M/SA,L4,E,E/L4/EC4012/MCP100/Entry dr Psg
7:4-101,HFP-11,L4,E,E/L4/EC4071/SD101/Assorter cab n
7:4-102,HFP-11,L4,E,E/L4/EC4071/SD102/Pantry
7:4-103,HFP-11,L4,E,E/L4/EC4071/SD103/Assorter cab
7:4-104,HFP-11,L4,E,E/L4/EC4071/SD104/Main cab1
7:4-105,HFP-11,L4,E,E/L4/EC4071/SD105/Main cab2
7:4-106,HFP-11,L4,E,E/L4/EC4071/SD106/Accounts cab
7:4-107,HTRI-R,L4,E,E/L4/EC4071/CM107/AFC Entry dr P
7:4-108,HMS-S/D/M/SA,L4,E,E/L4/EC4071/MCP108/Entry dr Psg
7:4-109,HFP-11,L4,E,E/L4/EC4020/SD109/Reception
7:4-110,HFP-11,L4,E,E/L4/EC4020/SD110/Assorter cab
7:4-111,HFP-11,L4,E,E/L4/EC4020/SD111/Main cab
7:4-112,HFP-11,L4,E,E/L4/EC4020/SD112/Main cab
7:4-113,HFP-11,L4,E,E/L4/EC4020/SD113/Buyers cab1
7:4-114,HFP-11,L4,E,E/L4/EC4020/SD114/Accounts cab
7:4-115,HFPT-11,L4,E,E/L4/EC4020/HD115/Pantry
7:4-116,HFP-11,L4,E,E/L4/EC4020/SD116/Buyers cab2
7:4-117,HFP-11,L4,E,E/L4/EC4020/SD117/Psg nr Buyers 
7:4-118,HFP-11,L4,E,E/L4/EC4020/SD118/Entry Psg
7:4-119,HTRI-R,L4,E,E/L4/EC4020/CM119/Entry Psg
7:4-120,HMS-S/D/M/SA,L4,E,E/L4/EC4020/MCP120/Accounts cab
7:4-121,HFP-11,L4,E,E/L4/EC4091/SD121/Main cab 1
7:4-122,HFP-11,L4,E,E/L4/EC4091/SD122/Main cab 2
7:4-123,HFP-11,L4,E,E/L4/EC4091/SD123/Main cab 3
7:4-124,HFP-11,L4,E,E/L4/EC4091/SD124/Accounts cab
7:4-125,HFP-11,L4,E,E/L4/EC4091/SD125/Assorter cab
7:4-126,HFP-11,L4,E,E/L4/EC4091/SD126/Psg nr Assort.
7:4-127,HFP-11,L4,E,E/L4/EC4091/SD127/Psg nr Main ca
7:4-128,HFP-11,L4,E,E/L4/EC4091/SD128/Accounts cab
7:4-129,HFP-11,L4,E,E/L4/EC4091/SD129/Pantry
7:4-130,HFP-11,L4,E,E/L4/EC4091/SD130/Entry psg
7:4-131,HTRI-R,L4,E,E/L4/EC4091/CM131/Entry psg
7:4-132,HMS-S/D/M/SA,L4,E,E/L4/EC4091/MCP132/Entry psg
7:4-133,HFP-11,L4,E,E/L4/EC4071/SD133/ENTRY PSG
7:4-134,HFP-11,L4,E,E/L4/EC4071/SD134/MAIN CABIN 2
7:4-135,HTRI-S,L4,E,E/L4/4F/MM135/EE4015
7:4-61,FDOT421,L4,E,E/L4/EC4011/SD61/Main Cab
7:4-62,FDOT421,L4,E,E/L4/EC4011/SD62/Account Cab
7:4-63,FDOT421,L4,E,E/L4/EC4011/SD63/PsgNrAccntCab
7:4-64,FDOT421,L4,E,E/L4/EC4011/SD64/Pantry
7:4-65,HTRI-R,L4,E,E/L4/EC4011/CM65/Entry Door
7:4-66,HMS-S/D/M/SA,L4,E,E/L4/EC4011/MCP66/Entry Door
7:5-1,HFP-11,L5,E,E/L5/WC/4F/SD1/CORR NR 4130
7:5-2,HFP-11,L5,E,E/L5/WC/4F/SD2/CORR NR 4150
7:5-3,HFP-11,L5,E,E/L5/WC/4F/SD3/CORR NR 4150
7:5-4,HFP-11,L5,E,E/L5/WC/4F/SD4/CORR NR 4170
7:5-5,HFP-11,L5,E,E/L5/WC/4F/SD5/CORR NR 4190
7:5-6,HFP-11,L5,E,E/L5/WC/4F/SD6/CORR NR 4190
7:5-7,HFP-11,L5,E,E/L5/WC/4F/SD7/CORR NR 4220
7:5-8,HTRI-R,L5,E,E/L5/WC/4F/CM8/DR RELESE 5 TO 4 
7:5-9,HMS-S/D/M/SA,L5,E,E/L5/WC/4F/MCP9/FIRE SHAFT L.L.
7:5-10,HTRI-R,L5,E,E/L5/WC/4F/CM10/FIRE SHAFT L.L.
7:5-11,HTRI-S,L5,E,E/L5/WC/4F/MM11/FIRE SHAFT L.L.
7:5-12,HFP-11,L5,E,E/L5/WC/4F/SD12/LIFT LOBBY SD
7:5-13,HFP-11,L5,E,E/L5/WC/4F/SD13/LIFT LOBBY SD
7:5-14,HFP-11,L5,E,E/L5/WC/4F/SD14/ELECT RM SD
7:5-15,HTRI-R,L5,E,E/L5/WC/4F/CM15/DR RELESE 5 TO 6
7:5-16,HFP-11,L5,E,E/L5/WC/4F/SD16/CORR NR 4010
7:5-17,HFP-11,L5,E,E/L5/WC/4F/SD17/CORR NR 4020
7:5-18,HFP-11,L5,E,E/L5/WC/4F/SD18/CORR NR 4050
7:5-19,HFP-11,L5,E,E/L5/WC/4F/SD19/CORR NR 4060
7:5-20,HFP-11,L5,E,E/L5/WC/4F/SD20/CORR NR 4080
7:5-21,HFP-11,L5,E,E/L5/WC/3F/SD21/CORR NR EW S/11
7:5-22,HFP-11,L5,E,E/L5/WC/3F/SD22/CORR NR EW S/11
7:5-23,HFP-11,L5,E,E/L5/WC/3F/SD23/CORR NR DW 3240
7:5-24,HFP-11,L5,E,E/L5/WC/3F/SD24/CORR NR 3260
7:5-25,HFP-11,L5,E,E/L5/WC/3F/SD25/CORR NR 3270
7:5-26,HFP-11,L5,E,E/L5/WC/3F/SD26/CORR NR EW3/S13
7:5-27,HFP-11,L5,E,E/L5/WC/3F/SD27/CORR NR 3301
7:5-28,HFP-11,L5,E,E/L5/WC/3F/SD28/CORR NR DR
7:5-29,HTRI-R,L5,E,E/L5/WC/3F/CM29/DR RELESE CM
7:5-30,HMS-S/D/M/SA,L5,E,E/L5/WC/3F/MCP30/FIRE SHAFT L.L.
7:5-31,HTRI-R,L5,E,E/L5/WC/3F/CM31/FIRE SHAFT L.L.
7:5-32,HTRI-S,L5,E,E/L5/WC/3F/MM32/FIRE SHAFT L.L.
7:5-33,HFP-11,L5,E,E/L5/WC/3F/SD33/LIFT LOBBY SD
7:5-34,HFP-11,L5,E,E/L5/WC/3F/SD34/LIFT LOBBY SD
7:5-35,HFP-11,L5,E,E/L5/WC/3F/SD35/ELECT RM SD
7:5-36,HTRI-R,L5,E,E/L5/WC/3F/CM36/DR RELESE CM
7:5-37,HFP-11,L5,E,E/L5/WC/3F/SD37/CORR NR 
7:5-38,HFP-11,L5,E,E/L5/WC/3F/SD38/CORR NR 3020
7:5-39,HFP-11,L5,E,E/L5/WC/3F/SD39/CORR NR 3051
7:5-40,HFP-11,L5,E,E/L5/WC/3F/SD40/CORR NR 3052
7:5-41,HFP-11,L5,E,E/L5/WC/3F/SD41/CORR NR EW S/17
7:5-42,HTRI-R,L5,E,E/L5/WC/4F/CM42/FIRE SHAFT 
7:5-43,HMS-S/D/M/SA,L5,E,E/L5/WC/4F/MCP43/FIRE STR
7:5-44,HTRI-R,L5,E,E/L5/WC/4F/CM44/AHU ROOM
7:5-45,HFP-11,L5,E,E/L5/WC/4F/SD45/AHU ROOM 
7:5-46,HTRI-R,L5,E,E/L5/WC/3F/CM46/FIRE STR.
7:5-47,HMS-S/D/M/SA,L5,E,E/L5/WC/3F/MCP47/FIRE STR
7:5-48,HTRI-R,L5,E,E/L5/WC/3F/CM48/AHU ROOM
7:5-49,HFP-11,L5,E,E/L5/WC/3F/SD49/AHU ROOM
7:5-50,HTRI-S,L5,E,E/L5/4F/MM50/EW4080
7:5-52,HTRI-S,L5,E,E/L5/4F/MM52/EW4070
7:5-53,HTRI-S,L5,E,E/L5/4F/MM53/EW4060
7:5-54,HTRI-S,L5,E,E/L5/4F/MM54/EW4180
7:5-55,HTRI-S,L5,E,E/L5/4F/MM55/EW4050
7:5-57,HTRI-S,W,E,E/W/4F/MM57/EW4010
7:5-58,HTRI-S,L5,E,E/L5/4F/MM58/EW4020
7:5-59,HFP-11,L5,E,E/L5/DW4210/SD59/Account Cab
7:5-60,HFP-11,L5,E,E/L5/DW4210/SD60/Assortor Cab
7:5-61,HFP-11,L5,E,E/L5/DW4210/SD61/Main Cab 1
7:5-62,HFP-11,L5,E,E/L5/DW4210/SD62/Store RM
7:5-63,HFP-11,L5,E,E/L5/DW4210/SD63/Main Cab2
7:5-64,HTRI-S,L5,E,E/L5/4F/MM64/DW4170
7:5-65,HFP-11,L5,E,E/L5/DW4210/SD65/PSG NR Pantry
7:5-66,HFP-11,L5,E,E/L5/DW4210/SD66/Pantry
7:5-67,HTRI-S,L5,E,E/L5/4F/MM67/DW4150
7:5-68,HTRI-S,L5,E,E/L5/4F/MM68/DW4240
7:5-69,HTRI-S,L5,E,E/L5/4F/MM69/DW4140
7:5-70,HTRI-R,L5,E,E/L5/DW4210/CM70/Entry Psg
7:5-71,HTRI-S,L5,E,E/L5/4F/MM71/DW4250
7:5-72,HTRI-S,L5,E,E/L5/4F/MM72/DW4120
7:5-73,HMS-S/D/M/SA,L5,E,E/L5/DW4210/MCP73/Entry Psg
7:5-74,HTRI-S,L5,E,E/L5/3F/MM74/DW3330
7:5-75,HTRI-S,L5,E,E/L5/3F/MM75/DW3220
7:5-76,HFP-11,L5,E,E/L5/EW3060/SD76/Assoter cabin
7:5-77,HFP-11,L5,E,E/L5/EW3060/SD77/Assoter cabin
7:5-78,HTRI-S,L5,E,E/L5/3F/MM78/DW3320
7:5-79,HTRI-S,L5,E,E/L5/3F/MM79/DW3250
7:5-80,HFP-11,L5,E,E/L5/EW3060/SD80/Account cabin
7:5-81,HTRI-S,L5,E,E/L5/3F/MM81/DW3260
7:5-82,HFP-11,L5,E,E/L5/EW3060/SD82/main cabin
7:5-83,HFP-11,L5,E,E/L5/EW3060/SD83/Assoter cabin
7:5-84,HFP-11,L5,E,E/L5/EW3060/SD84/pantry
7:5-85,HTRI-R,L5,E,E/L5/EW3060/CM85/Entry dr Psg
7:5-86,HTRI-S,L5,E,E/L5/3F/MM86/DW3290
7:5-87,HMS-S/D/M/SA,L5,E,E/L5/EW3060/MCP87/Entry dr Psg
7:5-90,HTRI-S,L5,E,E/L5/3F/MM90/EW3040
7:5-91,HTRI-S,L5,E,E/L5/W/3F/MM91/EW3051/52
7:5-92,HTRI-S,L5,E,E/L5/3F/MM92/EW3170
7:5-94,HMS-S/D/M/SA,L5,E,E/L5/DW3270/MCP94/Psg nr Entry
7:5-95,HFP-11,L5,E,E/L5/DW4160/SD95/Main cab
7:5-96,HFP-11,L5,E,E/L5/DW4160/SD96/Assorter cab
7:5-97,HFP-11,L5,E,E/L5/DW4160/SD97/Accounts cab
7:5-98,HFP-11,L5,E,E/L5/DW4160/SD98/Psg nr MC
7:5-99,HFP-11,L5,E,E/L5/DW4160/SD99/Pantry
7:5-100,HTRI-R,L5,E,E/L5/DW4160/CM100/AFC Entry Psg
7:5-101,HMS-S/D/M/SA,L5,E,E/L5/DW4160/MCP101/Entry Psg
7:5-102,HFP-11,L5,E,E/L5/DW4130/SD102/Assorter cab
7:5-103,HFP-11,L5,E,E/L5/DW4130/SD103/Main Cab
7:5-104,HFP-11,L5,E,E/L5/DW4130/SD104/Account cab
7:5-105,HFPT-11,L5,E,E/L5/DW4130/HD105/Pantry
7:5-106,HTRI-R,L5,E,E/L5/DW4130/CM106/Psg nr Entry d
7:5-107,HMS-S/D/M/SA,L5,E,E/L5/DW4130/MCP107/Psg nr Entry 
7:5-108,HFP-11,L5,E,E/L5/DW4230/SD108/Main cab
7:5-109,HFP-11,L5,E,E/L5/DW4230/SD109/Main cab
7:5-110,HFPT-11,L5,E,E/L5/DW4230/HD110/Pantry
7:5-111,HTRI-R,L5,E,E/L5/DW4230/CM111/Psg nr Entry
7:5-112,HMS-S/D/M/SA,L5,E,E/L5/DW4230/MCP112/Psg nr Entry
7:5-113,HFPT-11,L5,E,E/L5/DW4180/HD113/Pantry
7:5-114,HFP-11,L5,E,E/L5/DW4180/SD114/Accounts cab
7:5-115,HFP-11,L5,E,E/L5/DW4180/SD115/Assorter cab
7:5-116,HFP-11,L5,E,E/L5/DW4180/SD116/Main cab
7:5-117,HFP-11,L5,E,E/L5/DW4180/SD117/Psg nr Account
7:5-118,HTRI-R,L5,E,E/L5/DW4180/CM118/Psg nr Entry d
7:5-119,HMS-S/D/M/SA,L5,E,E/L5/DW4180/MCP119/Psg nr Entry 
7:5-120,HFP-11,L5,E,E/L5/DW4190/SD120/Main cab
7:5-121,HFP-11,L5,E,E/L5/DW4190/SD121/Assorter cab
7:5-122,HFP-11,L5,E,E/L5/DW4190/SD122/Account cab
7:5-123,HFP-11,L5,E,E/L5/DW4190/SD123/Psg nr Entry
7:5-124,HFP-11,L5,E,E/L5/DW4190/SD124/Pantry
7:5-125,HTRI-R,L5,E,E/L5/DW4190/CM125/Psg nr Entry d
7:5-126,HMS-S/D/M/SA,L5,E,E/L5/DW4190/MCP126/Psg nr Entry 
7:5-127,HFPT-11,L5,E,E/L5/DW4220/HD127/Pantry
7:5-128,HFP-11,L5,E,E/L5/DW4220/SD128/Psg nr Pantry
7:5-129,HFP-11,L5,E,E/L5/DW4220/SD129/Accounts cab
7:5-130,HFP-11,L5,E,E/L5/DW4220/SD130/Psg nr buyer c
7:5-131,HFP-11,L5,E,E/L5/DW4220/SD131/Buyer cab 1
7:5-132,HFP-11,L5,E,E/L5/DW4220/SD132/Buyer cab 2
7:5-133,HFP-11,L5,E,E/L5/DW4220/SD133/Sales Cab
7:5-134,HFP-11,L5,E,E/L5/DW4220/SD134/Main cab
7:5-135,HFP-11,L5,E,E/L5/DW4220/SD135/GIA Cab
7:5-136,HFP-11,L5,E,E/L5/DW4220/SD136/Buyer Cab 3
7:5-137,HFP-11,L5,E,E/L5/DW4220/SD137/Buyer Cab 3
7:5-138,HFP-11,L5,E,E/L5/DW4220/SD138/Reception
7:5-139,HTRI-R,L5,E,E/L5/DW4220/CM139/AFC Entry Psg
7:5-140,HMS-S/D/M/SA,L5,E,E/L5/DW4220/MCP140/Psg nr Entry
7:5-142,HFP-11,L5,E,E/L5/EW4030/SD142/Main cab
7:5-143,HFP-11,L5,E,E/L5/EW4030/SD143/Assorter cab
7:5-144,HFP-11,L5,E,E/L5/EW4030/SD144/Psg nr Assorte
7:5-145,HFPT-11,L5,E,E/L5/EW4030/HD145/Pantry
7:5-146,HTRI-R,L5,E,E/L5/EW4030/CM146/Entry dr PSg
7:5-147,HMS-S/D/M/SA,L5,E,E/L5/EW4030/MCP147/Entry dr PSg
7:5-148,HFP-11,L5,E,E/L5/EW3020/SD148/Main cab
7:5-149,HFP-11,L5,E,E/L5/EW3020/SD149/Account cab
7:5-150,HFP-11,L5,E,E/L5/EW3020/SD150/Assorter cab
7:5-151,HFP-11,L5,E,E/L5/EW3020/SD151/Pantry
7:5-152,HTRI-R,L5,E,E/L5/EW3020/CM152/Entry dr Psg
7:5-153,HMS-S/D/M/SA,L5,E,E/L5/EW3020/MCP153/Entry dr Psg
7:5-154,HFP-11,L5,E,E/L5/EW3160/SD154/Main cab
7:5-155,HFP-11,L5,E,E/L5/EW3160/SD155/Account cab
7:5-156,HFP-11,L5,E,E/L5/EW3160/SD156/Assorter cab
7:5-157,HFPT-11,L5,E,E/L5/EW3160/HD157/Entry dr Psg
7:5-158,HTRI-R,L5,E,E/L5/EW3160/CM158/Entry dr Psg
7:5-159,HMS-S/D/M/SA,L5,E,E/L5/EW3160/MCP159/Entry dr Psg
7:5-160,HFP-11,L5,E,E/L5/EW4040/SD160/Main cab
7:5-161,HFP-11,L5,E,E/L5/EW4040/SD161/Account cab
7:5-162,HFP-11,L5,E,E/L5/EW4040/SD162/Psg nr Cab2
7:5-163,HFP-11,L5,E,E/L5/EW4040/SD163/Cab 2
7:5-164,HFP-11,L5,E,E/L5/EW4040/SD164/Pantry
7:5-165,HTRI-R,L5,E,E/L5/EW4040/CM165/Entry psg
7:5-166,HMS-S/D/M/SA,L5,E,E/L5/EW4040/MCP166/Entry psg
7:5-168,HFP-11,L5,E,E/L5/DW3210/SD168/Pantry 
7:5-169,HFP-11,L5,E,E/L5/DW3210/SD169/Accounts cab
7:5-170,HFP-11,L5,E,E/L5/DW3210/SD170/Assorter cab
7:5-171,HFP-11,L5,E,E/L5/DW3210/SD171/Main cab
7:5-172,HFP-11,L5,E,E/L5/DW3210/SD172/Psg nr Account
7:5-173,HTRI-R,L5,E,E/L5/DW3210/CM173/Psg nr Entry
7:5-174,HMS-S/D/M/SA,L5,E,E/L5/DW3210/MCP174/Psg nr Entry
7:5-175,HFP-11,L5,E,E/L5/DW3230/SD175/Pantry 
7:5-176,HFP-11,L5,E,E/L5/DW3230/SD176/Psg nr Account
7:5-177,HFP-11,L5,E,E/L5/DW3230/SD177/Accounts cab
7:5-178,HFP-11,L5,E,E/L5/DW3230/SD178/Assorter cab
7:5-179,HFP-11,L5,E,E/L5/DW3230/SD179/Executive cab
7:5-180,HTRI-R,L5,E,E/L5/DW3230/CM180/Psg nr Entry
7:5-181,HMS-S/D/M/SA,L5,E,E/L5/DW3230/MCP181/Psg nr Entry
7:5-182,HFP-11,L5,E,E/L5/DW3240/SD182/Pantry 
7:5-183,HFP-11,L5,E,E/L5/DW3240/SD183/Cab 1
7:5-184,HFP-11,L5,E,E/L5/DW3240/SD184/Cab 2
7:5-185,HFP-11,L5,E,E/L5/DW3240/SD185/Main cab
7:5-186,HFP-11,L5,E,E/L5/DW3240/SD186/Psg nr Cab 2
7:5-188,HTRI-R,L5,E,E/L5/DW3240/CM188/Psg nr Entry
7:5-189,HMS-S/D/M/SA,L5,E,E/L5/DW3240/MCP189/Psg nr Entry
7:5-190,HFP-11,L5,E,E/L5/DW3310/SD190/Pantry 
7:5-191,HFP-11,L5,E,E/L5/DW3310/SD191/Main cab
7:5-192,HTRI-R,L5,E,E/L5/DW3310/CM192/Psg nr Entry
7:5-193,HMS-S/D/M/SA,L5,E,E/L5/DW3310/MCP193/Psg nr Entry
7:5-194,HFP-11,L5,E,E/L5/DW3270/SD194/Main cab
7:5-195,HFP-11,L5,E,E/L5/DW3270/SD195/Assorter cab
7:5-196,HFP-11,L5,E,E/L5/DW3270/SD196/Entry Psg 
7:5-197,HFP-11,L5,E,E/L5/DW3270/SD197/Account cab
7:5-198,HFP-11,L5,E,E/L5/DW3270/SD198/Pantry
7:5-199,HTRI-R,L5,E,E/L5/DW3270/CM199/Psg nr Entry
7:5-200,HFP-11,L5,E,E/L5/DW3280/SD200/Pantry 
7:5-201,HFP-11,L5,E,E/L5/DW3280/SD201/Entry Psg
7:5-202,HFP-11,L5,E,E/L5/DW3280/SD202/Accounts cab
7:5-203,HFP-11,L5,E,E/L5/DW3280/SD203/Main cab
7:5-204,HFP-11,L5,E,E/L5/DW3280/SD204/Assorter cab
7:5-205,HTRI-R,L5,E,E/L5/DW3280/CM205/Psg nr Assorte
7:5-206,HMS-S/D/M/SA,L5,E,E/L5/DW3280/MCP206/Psg nr Assort
7:5-207,HFP-11,L5,E,E/L5/DW4200/SD207/Reception psg
7:5-208,HFP-11,L5,E,E/L5/DW4200/SD208/Buyer cab3
7:5-209,HFP-11,L5,E,E/L5/DW4200/SD209/Buyer cab4
7:5-210,HFP-11,L5,E,E/L5/DW4200/SD210/Acc cab
7:5-211,HFP-11,L5,E,E/L5/DW4200/SD211/Acc cab
7:5-212,HFP-11,L5,E,E/L5/DW4200/SD212/Account cab
7:5-213,HFP-11,L5,E,E/L5/DW4200/SD213/Marketing cab
7:5-214,HFP-11,L5,E,E/L5/DW4200/SD214/Kiran Shah cab
7:5-215,HFP-11,L5,E,E/L5/DW4200/SD215/Stock cab
7:5-216,HFP-11,L5,E,E/L5/DW4200/SD216/Buyer cab1
7:5-217,HFP-11,L5,E,E/L5/DW4200/SD217/Psgnr buyerC1
7:5-218,HFP-11,L5,E,E/L5/DW4200/SD218/Buyer cab2
7:5-219,HFP-11,L5,E,E/L5/DW4200/SD219/Psgnr buyer C2
7:5-220,HFP-11,L5,E,E/L5/DW4200/SD220/Pantry
7:5-221,HMS-S/D/M/SA,L5,E,E/L5/DW4200/MCP221/Psg nr Entry
7:5-222,HTRI-R,L5,E,E/L5/DW4200/CM222/Psg nr Entry
7:5-223,HFP-11,L5,E,E/L5/EW3030/SD223/MAIN CAB
7:5-224,HFP-11,L5,E,E/L5/EW3030/SD224/Cab 1
7:5-225,HFP-11,L5,E,E/L5/EW3030/SD225/Cab 2
7:5-226,HFP-11,L5,E,E/L5/EW3030/SD226/account cab
7:5-227,HFP-11,L5,E,E/L5/EW3030/SD227/assoter cab
7:5-228,HFP-11,L5,E,E/L5/EW3030/SD/228/pantry
7:5-229,HMS-S/D/M/SA,L5,E,E/L5/EW3030/MCP229/Entry dr Psg
7:5-230,HTRI-R,L5,E,E/L5/EW3030/CM230/Entry dr Psg
7:5-231,HFP-11,L5,E,E/L5/EW4170/SD231/Cab 1
7:5-232,HFP-11,L5,E,E/L5/EW4170/SD232/Cab 2
7:5-233,HFP-11,L5,E,E/L5/EW4170/SD233/Cab 3
7:5-234,HFP-11,L5,E,E/L5/EW4170/SD234/Psg nr Cab 3
7:5-235,HFP-11,L5,E,E/L5/EW4170/SD235/AFC Entry dr P
7:5-236,HTRI-R,L5,E,E/L5/EW4170/CM236/Entry dr Psg
7:5-237,HMS-S/D/M/SA,L5,E,E/L5/EW4170/MCP237/Entry dr Psg
7:5-238,HFP-11,L5,E,E/L5/EW4090/SD238/Main cab
7:5-239,HFP-11,L5,E,E/L5/EW4090/SD239/Assorter Cab
7:5-240,HFP-11,L5,E,E/L5/EW4090/SD240/Assorter Cab p
7:5-241,HFP-11,L5,E,E/L5/EW4090/SD241/Pantry 
7:5-242,HTRI-R,L5,E,E/L5/EW4090/CM242/Entry dr Psg
7:5-243,HMS-S/D/M/SA,L5,E,E/L5/EW4090/MCP243/Entry dr Psg
7:5-244,HFP-11,L5,E,E/L5/EW3010/SD244/Main cab
7:5-245,HFP-11,L5,E,E/L5/EW3010/SD245/account cab
7:5-246,HFP-11,L5,E,E/L5/EW3010/SD246/Entry Psg
7:5-247,HFPT-11,L5,E,E/L5/EW3010/HD247/Pantry
7:5-248,HTRI-R,L5,E,E/L5/EW3010/CM248/Entry dr Psg
7:5-249,HMS-S/D/M/SA,L5,E,E/L5/EW3010/MCP249/Entry dr Psg
7:5-250,HFP-11,L5,E,E/L5/EW4090/SD250/Pantry
7:5-251,HFP-11,L5,E,E/L5/DW4130/SD251/Psg. Nr Accoun
7:6-1,HTRI-R,L6,E,E/L6/7F/CM1/EC door release
7:6-2,HFP-11,L6,E,E/L6/7F/SD2/Corr. Nr EC plumbing
7:6-3,HFP-11,L6,E,E/L6/7F/SD3/Corr. Nr EC plumbing
7:6-4,HFP-11,L6,E,E/L6/7F/SD4/EC Small Corridoor
7:6-5,HFP-11,L6,E,E/L6/7F/SD5/EC Small Corridoor
7:6-6,HFP-11,L6,E,E/L6/7F/SD6/Corr. Nr EC7050
7:6-7,HFP-11,L6,E,E/L6/7F/SD7/Corr. Nr EC7060
7:6-8,HFP-11,L6,E,E/L6/7F/SD8/Corr. Nr EC7060
7:6-9,HMS-S/D/M/SA,L6,E,E/L6/7F/MCP9/EC Fire Esacpe dr
7:6-10,HTRI-R,L6,E,E/L6/7F/CM10/EC Fire Esacpe str
7:6-11,HFP-11,L6,E,E/L6/7F/SD11/Corr. Nr EC7031
7:6-12,HFP-11,L6,E,E/L6/7F/SD12/Corr. Nr EC7020
7:6-13,HFP-11,L6,E,E/L6/7F/SD13/Corr. Nr EC7020
7:6-14,HFP-11,E,L6,L6/E/7F/SD14/CORR NR EC 7081
7:6-15,HFP-11,E,L6,L6/E/7F/SD15/CORR NR EC 7081
7:6-16,HFP-11,L6,E,E/L6/7F/SD16/EC Electric rm
7:6-17,HFP-11,L6,E,E/L6/7F/SD17/EC Lift Lobby
7:6-18,HFP-11,L6,E,E/L6/7F/SD18/EC Lift Lobby
7:6-19,HMS-S/D/M/SA,L6,E,E/L6/7F/MCP19/EC Lift Lobby
7:6-20,HTRI-R,L6,E,E/L6/7F/CM20/EC Fire shaft dr
7:6-21,HTRI-S,L6,E,E/L6/7F/MM21/EC Fire shaft dr
7:6-22,HFP-11,L6,E,E/L6/7F/SD22/EC AHU Rm
7:6-23,HTRI-R,L6,E,E/L6/7F/CM23/EC AHU Rm
7:6-23,HTRI-R,L6,E,E/L6/7F/CM23/EC AHU Rm
7:6-26,HFP-11,L6,E,E/L6/7F/SD26/EE Electric Rm
7:6-27,HFP-11,L6,E,E/L6/7F/SD27/EE AHU Rm
7:6-28,HTRI-R,L6,E,E/L6/7F/CM28/EE AHU Rm
7:6-29,HMS-S/D/M/SA,L6,E,E/L6/7F/MCP29/EE Fire shaft Lift
7:6-30,HTRI-R,L6,E,E/L6/7F/CM30/EE Fire shaft Lift 
7:6-31,HTRI-S,L6,E,E/L6/7F/MM31/EE Fire shaft Lift 
7:6-32,HFP-11,L6,E,E/L6/7F/SD32/EE Lift Lobby
7:6-33,HTRI-R,L6,E,E/L6/6F/CM33/EE Fire Shaft
7:6-34,HTRI-S,L6,E,E/L6/6F/MM34/EE Fire Shaft
7:6-35,HMS-S/D/M/SA,L6,E,E/L6/6F/MCP35/EE Fire Shaft
7:6-36,HFP-11,L6,E,E/L6/6F/SD36/EE Lift Lobby
7:6-37,HTRI-R,L6,E,E/L6/6F/CM37/EE AHU Rm
7:6-38,HFP-11,L6,E,E/L6/6F/SD38/EE AHU Rm
7:6-39,HFP-11,L6,E,E/L6/6F/SD39/EE Electric Rm
7:6-40,HTRI-R,L6,E,E/L6/6F/CM40/Near EW Electric rm
7:6-41,HFP-11,L6,E,E/L6/6F/SD41/Near EW Electric rm
7:6-42,HFP-11,L6,E,E/L6/6F/SD42/Near EC Electric rm
7:6-43,HFP-11,L6,E,E/L6/6F/SD43/Corr Nr EC6040
7:6-44,HFP-11,L6,E,E/L6/6F/SD44/Corr Nr EC6032
7:6-45,HTRI-R,L6,E,E/L6/6F/CM45/EC Fire shaft
7:6-46,HMS-S/D/M/SA,L6,E,E/L6/6F/MCP46/EC Fire shaft
7:6-47,HFP-11,L6,E,E/L6/6F/SD47/EC Fire shaft
7:6-48,HFP-11,L6,E,E/L6/6F/SD48/Corr Nr EC6060
7:6-49,HFP-11,L6,E,E/L6/6F/SD49/Corr Nr EC6070
7:6-50,HFP-11,L6,E,E/L6/6F/SD50/Corr Nr EC6070
7:6-51,HFP-11,L6,E,E/L6/6F/SD51/Corr Nr EC6090
7:6-52,HFP-11,L6,E,E/L6/6F/SD52/Corr Nr EC6010
7:6-53,HFP-11,L6,E,E/L6/6F/SD53/EC Electric rm
7:6-54,HTRI-R,L6,E,E/L6/6F/CM54/EC Fire escape dr
7:6-55,HTRI-R,L6,E,E/L6/6F/CM55/EC Fire shaft Lift 
7:6-56,HTRI-S,L6,E,E/L6/6F/MM56/EC Fire shaft Lift 
7:6-57,HMS-S/D/M/SA,L6,E,E/L6/6F/MCP57/EC Fire shaft Lift
7:6-58,HFP-11,L6,E,E/L6/6F/SD58/EC Lift lobby
7:6-59,HFP-11,L6,E,E/L6/6F/SD59/EC Lift lobby
7:6-60,HTRI-R,L6,E,E/L6/6F/CM60/EC AHU RM
7:6-61,HFP-11,L6,E,E/L6/6F/SD61/EC AHU RM
7:6-62,HFP-11,L6,E,E/L6/6F/SD62/Corr nr EC6130
7:6-63,HFP-11,L6,E,E/L6/6F/SD63/Corr nr EC6100
7:6-64,HTRI-R,L6,E,E/L6/6F/CM64/EC Fire Escape dr
7:6-68,HTRI-R,L6,E,E/L6/7F/CM68/nr EC door release
7:6-69,HTRI-S,L6,E,E/L6/C/7F/MM69/EC7091
7:6-81,HTRI-S,L6,E,E/L6/7F/MM81/EC7092
7:6-82,HTRI-S,L6,E,E/L6/7F/MM82/EC7082
7:6-83,HTRI-S,L6,E,E/L6/7F/MM83/EC7081
7:6-84,HTRI-S,L6,E,E/L6/7F/MM84/EC7010
7:6-85,HTRI-S,L6,E,E/L6/7F/MM85/EC7020
7:6-87,HTRI-S,L6,E,E/L6/7F/MM87/EC7032
7:6-88,HTRI-S,L6,E,E/L6/7F/MM88/EC7070
7:6-89,HTRI-S,L6,E,E/L6/7F/MM89/EC7060
7:6-90,HTRI-S,L6,E,E/L6/7F/MM90/EC7050
7:6-91,HTRI-S,L6,E,E/L6/7F/MM91/EC7041
7:6-92,HTRI-S,L6,E,E/L6/6F/MM92/EC6040
7:6-95,HTRI-S,L6,E,E/L6/6F/MM95/EC6031
7:6-96,HTRI-S,L6,E,E/L6/6F/MM96/EC6060
7:6-98,HTRI-S,L6,E,E/L6/6F/MM98/EC6070
7:6-100,HTRI-S,L6,E,E/L6/6F/MM100/EC6010
7:6-101,HTRI-S,L6,E,E/L6/6F/MM101/EC6090
7:6-102,HTRI-S,L6,E,E/L6/6F/MM102/EC6130
7:6-103,HTRI-S,L6,E,E/L6/6F/MM103/EC6100
7:6-105,HTRI-S,L6,E,E/L6/7F/MM105/EE7010
7:6-106,HFP-11,L6,E,E/L6/EC6080/SD106/Main cab
7:6-107,HFP-11,L6,E,E/L6/EC6080/SD107/Assorter cab
7:6-108,HFP-11,L6,E,E/L6/EC6080/SD108/Account cab
7:6-109,HFP-11,L6,E,E/L6/EC6080/SD109/Account cab
7:6-110,HFP-11,L6,E,E/L6/EC6080/SD110/Psg nr Account
7:6-111,HFPT-11,L6,E,E/L6/EC6080/HD111/Psg nr Account
7:6-112,HFP-11,L6,E,E/L6/EC6080/SD112/Entry dr Psg
7:6-113,HTRI-R,L6,E,E/L6/EC6080/CM113/Entry dr Psg
7:6-114,HMS-S/D/M/SA,L6,E,E/L6/EC6080/MCP114/Entry dr Psg
7:6-115,HFP-11,L6,E,E/L6/EC6032/SD115/Assorter cab
7:6-116,HFP-11,L6,E,E/L6/EC6032/SD116/Psg nr Assorte
7:6-117,HFP-11,L6,E,E/L6/EC6032/SD117/Jewellery cab
7:6-118,HFP-11,L6,E,E/L6/EC6032/SD118/Buyer cab
7:6-119,HFP-11,L6,E,E/L6/EC6032/SD119/Lunch cab
7:6-120,HFP-11,L6,E,E/L6/EC6032/SD120/Accounts cab
7:6-121,HFP-11,L6,E,E/L6/EC6032/SD121/Psg nr pantry
7:6-122,HFP-11,L6,E,E/L6/EC6032/SD122/Reception
7:6-123,HFP-11,L6,E,E/L6/EC6032/SD123/Entry psg
7:6-124,HFP-11,L6,E,E/L6/EC6032/HD124/Pantry
7:6-125,HFP-11,L6,E,E/L6/EC6032/SD125/Main cab 1
7:6-126,HFP-11,L6,E,E/L6/EC6032/SD126/Main cab 2
7:6-127,HFP-11,L6,E,E/L6/EC6032/SD127/Main cab 3
7:6-128,HTRI-R,L6,E,E/L6/EC6032/CM128/AFC Entry Psg
7:6-129,HMS-S/D/M/SA,L6,E,E/L6/EC6032/MCP129/Entry Psg
7:8-9,HFP-11,L8,E,E/L8/9F/SD9/EC Electricct rm
7:8-10,HFP-11,L8,E,E/L8/9F/SD10/EC LiftLobby
7:8-11,HFP-11,L8,E,E/L8/9F/SD11/EC LiftLobby
7:8-12,HMS-S/D/M/SA,L8,E,E/L8/9F/MCP12/EC LiftLobby
7:8-13,HTRI-R,L8,E,E/L8/9F/CM13/EC Fire Shaft LiftL
7:8-14,HTRI-S,L8,E,E/L8/9F/MM14/EC Fire Shaft LiftL
7:8-15,HFP-11,L8,E,E/L8/9F/SD15/EC AHU Rm
7:8-16,HTRI-R,L8,E,E/L8/9F/CM16/EC AHU Rm
7:8-17,HFP-11,L8,E,E/L8/9F/SD17/EC corr nr AHU Rm
7:8-18,HFP-11,L8,E,E/L8/9F/SD18/EC corr nr AHU Rm
7:8-19,HTRI-R,L8,E,E/L8/9F/CM19/nr EC Dr release
7:8-23,HFP-11,L8,E,E/L8/9F/SD23/EE Corr nr S0/2
7:8-24,HFP-11,L8,E,E/L8/9F/SD24/EE Corr nr S0/2
7:8-25,HFP-11,L8,E,E/L8/9F/SD25/EE Electric Rm
7:8-26,HFP-11,L8,E,E/L8/9F/SD26/EE AHU Rm
7:8-27,HTRI-R,L8,E,E/L8/9F/CM27/EE AHU Rm
7:8-28,HFP-11,L8,E,E/L8/9F/SD28/EE LiftLobby
7:8-29,HMS-S/D/M/SA,L8,E,E/L8/9F/MCP29/EE Fire Shaft Lift
7:8-30,HTRI-R,L8,E,E/L8/9F/CM30/EE Fire Shaft LiftL
7:8-31,HTRI-S,L8,E,E/L8/9F/MM31/EE Fire Shaft LiftL
7:8-40,HFP-11,L8,E,E/L8/8F/SD40/EC Electric RM
7:8-41,HFP-11,L8,E,E/L8/8F/SD41/EC LiftLobby
7:8-42,HFP-11,L8,E,E/L8/8F/SD42/EC LiftLobby
7:8-43,HMS-S/D/M/SA,L8,E,E/L8/8F/MCP43/EC Fire shaft Lift
7:8-44,HTRI-R,L8,E,E/L8/8F/CM44/EC Fire shaft LiftL
7:8-45,HTRI-S,L8,E,E/L8/8F/MM45/EC Fire shaft LiftL
7:8-46,HFP-11,L8,E,E/L8/8F/SD46/EC AHU Rm
7:8-47,HTRI-R,L8,E,E/L8/8F/CM47/EC AHU Rm
7:8-48,HTRI-R,L8,E,E/L8/8F/CM48/EC Nr AHU Rm
7:8-49,HFP-11,L8,E,E/L8/8F/SD49/Corr nr EE8070
7:8-50,HFP-11,L8,E,E/L8/8F/SD50/Corr nr EE8090
7:8-51,HFP-11,L8,E,E/L8/8F/SD51/Corr nr EE8060
7:8-52,HFP-11,L8,E,E/L8/8F/SD52/Corr nr EE8040
7:8-53,HFP-11,L8,E,E/L8/8F/SD53/Corr nr EE8040
7:8-54,HMS-S/D/M/SA,L8,E,E/L8/8F/MCP54/EE Fr Esc dr
7:8-55,HTRI-R,L8,E,E/L8/8F/CM55/EE Fr Esc dr
7:8-56,HFP-11,L8,E,E/L8/8F/SD56/Corr nr EE8112
7:8-57,HFP-11,L8,E,E/L8/8F/SD57/Corr nr EE8114
7:8-58,HFP-11,L8,E,E/L8/8F/SD58/Corr nr EE8114
7:8-59,HFP-11,L8,E,E/L8/8F/SD59/EE nr Electric Rm
7:8-60,HFP-11,L8,E,E/L8/8F/SD60/EE Esc Door
7:8-61,HFP-11,L8,E,E/L8/8F/SD61/EE Electric Rm
7:8-62,HFP-11,L8,E,E/L8/8F/SD62/EE AHU Rm
7:8-63,HTRI-R,L8,E,E/L8/8F/CM63/EE AHU Rm
7:8-64,HFP-11,L8,E,E/L8/8F/SD64/EE LiftLobby
7:8-65,HMS-S/D/M/SA,L8,E,E/L8/8F/MCP65/EE LiftLobby
7:8-66,HTRI-R,L8,E,E/L8/8F/CM66/EE Fire shaft LiftL
7:8-67,HTRI-S,L8,E,E/L8/8F/MM67/EE Fire shaft LiftL
7:8-69,HFP-11,L8,E,E/L8/9F/SD69/EC TERACE LIFT RM
7:8-70,HFP-11,L8,E,E/L8/9F/SD70/EC TERACE LIFT RM
7:8-71,HFP-11,L8,E,E/L8/9F/SD71/EC TERACE LIFT RM
7:8-72,HFP-11,L8,E,E/L8/9F/SD72/EC TERACE LIFT RM
7:8-73,HFP-11,L8,E,E/L8/9F/SD73/EC TERACE LIFT RM
7:8-74,HTRI-R,L8,E,E/L8/9F/CM74/EC TERACE LIFT RM
7:8-77,HTRI-S,L8,E,E/L8/9F/MM77/EC9012
7:8-79,HTRI-S,L8,E,E/L8/9F/MM79/EC8010
7:8-80,HTRI-S,L8,E,E/L8/9F/MM80/EE9011
7:8-88,HTRI-S,L8,E,E/L8/8F/MM88/EE8050
7:8-90,HTRI-S,L8,E,E/L8/8F/MM90/EE8100
7:8-91,HFP-11,L8,E,E/L8/EE8090/SD91/AFC Assorter ca
7:8-92,HFP-11,L8,E,E/L8/EE8090/SD92/AFC Lunch room
7:8-93,HFP-11,L8,E,E/L8/EE8090/SD93/AFC Accounts ca
7:8-94,HFP-11,L8,E,E/L8/EE8090/SD94/AFC Reception c
7:8-95,HFP-11,L8,E,E/L8/EE8090/SD95/AFC Entry dr Ps
7:8-96,HFP-11,L8,E,E/L8/EE8090/SD96/AFC Entry Psg
7:8-99,HTRI-S,L8,E,E/L8/8F/MM99/EE8020
7:8-101,HFP-11,L8,E,E/L8/EE8120/SD101/Main cab
7:8-102,HFP-11,L8,E,E/L8/EE8120/SD102/Account cab
7:8-103,HFP-11,L8,E,E/L8/EE8120/SD103/Psg nr Account
7:8-104,HFP-11,L8,E,E/L8/EE8120/SD104/Pantry
7:8-105,HTRI-R,L8,E,E/L8/EE8120/CM105/Entry dr Psg
7:8-106,HMS-S/D/M/SA,L8,E,E/L8/EE8120/MCP106/Entry dr Psg
7:8-107,HFP-11,L8,E,E/L8/EE8111/SD107/Main cab
7:8-108,HFP-11,L8,E,E/L8/EE8111/SD108/Assorter cab
7:8-109,HFP-11,L8,E,E/L8/EE8111/SD109/Psg nr Assorte
7:8-110,HFP-11,L8,E,E/L8/EE8111/SD110/Accounts cab
7:8-111,HFP-11,L8,E,E/L8/EE8111/SD111/Pantry
7:8-112,HTRI-R,L8,E,E/L8/EE8111/CM112/Entry dr psg
7:8-113,HMS-S/D/M/SA,L8,E,E/L8/EE8111/MCP113/Entry dr psg
7:8-114,HFP-11,L8,E,E/L8/EE8112/SD114/Main cab
7:8-115,HFP-11,L8,E,E/L8/EE8112/SD115/Accounts cab
7:8-116,HFP-11,L8,E,E/L8/EE8112/SD116/Psg nr Account
7:8-117,HFP-11,L8,E,E/L8/EE8112/SD117/Assorter cab
7:8-118,HFP-11,L8,E,E/L8/EE8112/SD118/Pantry Psg
7:8-119,HTRI-R,L8,E,E/L8/EE8112/CM119/Entry dr Psg
7:8-120,HMS-S/D/M/SA,L8,E,E/L8/EE8112/MCP120/Entry dr Psg
7:8-121,HFP-11,L8,E,E/L8/EE8080/SD121/Buyer cab
7:8-122,HFP-11,L8,E,E/L8/EE8080/SD122/Cabin 2
7:8-123,HFP-11,L8,E,E/L8/EE8080/SD123/Account cab1
7:8-124,HFP-11,L8,E,E/L8/EE8080/SD124/Main cab
7:8-125,HFP-11,L8,E,E/L8/EE8080/SD125/Account cab2
7:8-126,HFP-11,L8,E,E/L8/EE8080/SD126/Psg nr Buyer c
7:8-127,HFP-11,L8,E,E/L8/EE8080/SD127/Pantry
7:8-128,HFP-11,L8,E,E/L8/EE8080/SD128/Entry dr Psg
7:8-129,HTRI-R,L8,E,E/L8/EE8080/CM129/Entry dr Psg
7:8-130,HMS-S/D/M/SA,L8,E,E/L8/EE8080/MCP130/Entry dr Psg
7:8-131,HFP-11,L8,E,E/L8/EE8070/SD131/Pantry
7:8-132,HFP-11,L8,E,E/L8/EE8070/SD132/Lunch room
7:8-133,HFP-11,L8,E,E/L8/EE8070/SD133/Accounts cab
7:8-134,HFP-11,L8,E,E/L8/EE8070/SD134/Assorter cab
7:8-135,HFP-11,L8,E,E/L8/EE8070/SD135/Assorter cab
7:8-136,HFP-11,L8,E,E/L8/EE8070/SD136/Main cab
7:8-137,FDOT421,L8,E,E/L8/EE8070/SD137/Main cab
7:8-138,HFP-11,L8,E,E/L8/EE8070/SD138/Entry dr Psg
7:8-139,HTRI-R,L8,E,E/L8/EE8070/CM139/Entry dr Psg
7:8-139,HTRI-R,L8,E,E/L8/EE8070/CM139/Entry dr Psg
7:8-140,HMS-S/D/M/SA,L8,E,E/L8/EE8070/MCP140/Entry dr Psg
7:8-141,HFP-11,L8,E,E/L8/EE8114/SD141/Main cab
7:8-142,HFP-11,L8,E,E/L8/EE8114/SD142/Cab 1
7:8-143,HFP-11,L8,E,E/L8/EE8114/SD143/Cab 2
7:8-144,HFP-11,L8,E,E/L8/EE8114/SD144/Psg nr MC
7:8-145,HFP-11,L8,E,E/L8/EE8114/SD145/Pantry Psg
7:8-146,HTRI-R,L8,E,E/L8/EE8114/CM146/AFC Entry dr P
7:8-147,HMS-S/D/M/SA,L8,E,E/L8/EE8114/MCP147/Entry dr Psg
7:8-148,HFP-11,L8,E,E/L8/EE8130/SD148/Assorter cab
7:8-149,HFP-11,L8,E,E/L8/EE8130/SD149/Psg nr MC
7:8-150,HFP-11,L8,E,E/L8/EE8130/SD150/Entry Psg
7:8-151,HFP-11,L8,E,E/L8/EE8130/SD151/Main cab
7:8-152,HTRI-R,L8,E,E/L8/EE8130/CM152/Entry Psg
7:8-153,HMS-S/D/M/SA,L8,E,E/L8/EE8130/MCP153/Entry Psg
7:8-154,HFP-11,L8,E,E/L8/EE8113/SD154/Main cab
7:8-155,HFP-11,L8,E,E/L8/EE8113/SD155/Assorter cab
7:8-156,HFP-11,L8,E,E/L8/EE8113/SD156/Account cab
7:8-157,HFP-11,L8,E,E/L8/EE8113/SD157/Psg nr Accout 
7:8-158,HFP-11,L8,E,E/L8/EE8113/SD158/Pantry
7:8-159,HTRI-R,L8,E,E/L8/EE8113/CM159/Entry Psg
7:8-160,HMS-S/D/M/SA,L8,E,E/L8/EE8113/MCP160/Entry Psg
7:8-161,HFP-11,L8,E,E/L8/EE8090/SD161/Storage cab
7:8-162,HFP-11,L8,E,E/L8/EE8090/SD162/Pantry
7:8-163,HFP-11,L8,E,E/L8/EE8090/SD163/Main cab
7:8-164,HFP-11,L8,E,E/L8/EE8090/SD164/Rajbhai cab
7:8-165,HFP-11,L8,E,E/L8/EE8090/SD165/Assorter cab
7:8-166,HFP-11,L8,E,E/L8/EE8090/SD166/Psg nr Assorte
7:8-167,HFP-11,L8,E,E/L8/EE8090/SD167/Lunch room
7:8-168,HFP-11,L8,E,E/L8/EE8090/SD168/Accounts cab
7:8-169,HFP-11,L8,E,E/L8/EE8090/SD169/Reception cab
7:8-171,HMS-S/D/M/SA,L8,E,E/L8/EE8090/MCP171/Entry dr Psg
7:8-172,HFP-11,L8,E,E/L8/EE8090/SD172/AFC storage ro
7:8-173,HFP-11,L8,E,E/L8/EE8090/SD173/AFC Main cab
7:8-174,HFPT-11,L8,E,E/L8/EE8130/HD174/Pantry
7:8-195,HTRI-S,L8,E,E/L8/8F/MM195/EE8030
7:8-196,HTRI-S,L8,E,E/L8/8F/MM196/EE8010B2
7:8-238,HTRI-R,L8,E,E/L8/EE8090/CM238/Entry dr Psg
7:8-240,HFP-11,L8,E,E/L8/EE8090/SD240/AFC
7:9-1,HTRI-R,L9,E,E/L9/9F/CM1/EW LiftLobby
7:9-1,HTRI-R,L9,E,E/L9/9F/CM1/EW LiftLobby
7:9-2,HTRI-S,L9,E,E/L9/9F/MM2/EW LiftLobby
7:9-3,HMS-S/D/M/SA,L9,E,E/L9/9F/MCP3/EW LiftLobby
7:9-4,HFP-11,L9,E,E/L9/9F/SD4/EW AHU Rm
7:9-5,HTRI-R,L9,E,E/L9/9F/CM5/EW AHU Rm
7:9-6,HFP-11,L9,E,E/L9/9F/SD6/EW Lift Lobby
7:9-7,HFP-11,L9,E,E/L9/9F/SD7/EW Lift Lobby
7:9-8,HFP-11,L9,E,E/L9/9F/SD8/EW Electric rm
7:9-9,HTRI-R,L9,E,E/L9/9F/CM9/nr EW door release
7:9-10,HFP-11,L9,E,E/L9/9F/SD10/Corr.nr EW9010
7:9-11,HFP-11,L9,E,E/L9/9F/SD11/CORR NR 9021
7:9-12,HFP-11,L9,E,E/L9/9F/SD12/Corr.nr EW9020
7:9-13,HFP-11,L9,E,E/L9/9F/SD13/Corr.nr EW9051
7:9-14,HFP-11,L9,E,E/L9/9F/SD14/Corr.nr EW9032
7:9-15,HTRI-R,L9,E,E/L9/9F/CM15/EW Escape dr
7:9-16,HMS-S/D/M/SA,L9,E,E/L9/9F/MCP16/EW Esc str
7:9-17,HTRI-R,L9,E,E/L9/9F/CM17/EW Shaft LiftLobby
7:9-18,HMS-S/D/M/SA,L9,E,E/L9/8F/MCP18/EW Shaft LiftLobby
7:9-19,HTRI-S,L9,E,E/L9/8F/MM19/EW Shaft LiftLobby
7:9-20,HFP-11,L9,E,E/L9/8F/SD20/EW LiftLobby
7:9-21,HFP-11,L9,E,E/L9/8F/SD21/EW LiftLobby
7:9-22,HFP-11,L9,E,E/L9/8F/SD22/EW AHU Rm
7:9-23,HTRI-R,L9,E,E/L9/8F/CM23/EW AHU Rm
7:9-24,HFP-11,L9,E,E/L9/8F/SD24/EW Electricct Rm
7:9-25,HFP-11,L9,E,E/L9/8F/SD25/EW nr Electric rm
7:9-26,HFP-11,L9,E,E/L9/8F/SD26/AFC EW
7:9-27,HFP-11,L9,E,E/L9/8F/SD27/AFC EW
7:9-28,HFP-11,L9,E,E/L9/8F/SD28/Corr nr EW8021
7:9-29,HTRI-R,L9,E,E/L9/7F/CM29/EW Shaft LiftLobby
7:9-30,HMS-S/D/M/SA,L9,E,E/L9/7F/MCP30/EW shaft LiftLobby
7:9-31,HTRI-S,L9,E,E/L9/7F/MM31/EW shaft LiftLobby
7:9-32,HFP-11,L9,E,E/L9/7F/SD32/EW LiftLobby
7:9-33,HFP-11,L9,E,E/L9/7F/SD33/EW LiftLobby 
7:9-34,HFP-11,L9,E,E/L9/7F/SD34/EW AHU Rm
7:9-35,HFP-11,L9,E,E/L9/7F/SD35/EW AHU Rm
7:9-36,HTRI-R,L9,E,E/L9/7F/CM36/EW AHU Rm
7:9-37,HFP-11,L9,E,E/L9/7F/SD37/EW Electric rm
7:9-38,HFP-11,L9,E,E/L9/SD38/EW Terace Lift Mch RM
7:9-39,HFP-11,L9,E,E/L9/SD39/EW Terace Lift Mch RM
7:9-40,HFP-11,L9,E,E/L9/SD40/EW Terace Lift Mch RM
7:9-41,HFP-11,L9,E,E/L9/SD41/EW Terace Lift Mch RM
7:9-42,HFP-11,L9,E,E/L9/SD42/EW Terace Lift Mch RM
7:9-43,HTRI-R,L9,E,E/L9/CM43/EW Terace Lift Mch RM
7:9-44,HTRI-S,L9,E,E/L9/8F/MM44/EW8012
7:9-50,HTRI-S,L9,E,E/L9/9F/MM50/EW9010
7:9-51,HTRI-S,L9,E,E/L9/9F/MM51/EW9020
7:9-54,HTRI-S,L9,E,E/L9/9F/MM54/EW9051
7:9-55,HTRI-S,L9,E,E/L9/9F/MM55/EW9031
7:9-58,HTRI-S,L9,E,E/L9/9F/MM58/EW9040B
7:9-59,HTRI-S,L9,E,E/L9/8F/MM59/EW8010
7:9-60,HTRI-S,L9,E,E/L9/8F/MM60/EW8011
7:9-62,HTRI-S,L9,E,E/L9/7F/MM62/EW 7010
7:9-63,HTRI-S,L9,E,E/L9/9F/MM63/EW 9060
7:7-1,HFP-11,L7,E,E/L7/6F/SD1/CORR NR 6280
7:7-2,HFP-11,L7,E,E/L7/6F/SD2/CORR NR 6280
7:7-3,HTRI-R,L7,E,E/L7/6F/CM3/FIRE ESC STR
7:7-4,HMS-S/D/M/SA,L7,E,E/L7/6F/MCP4/FIRE ESC STR
7:7-5,HFP-11,L7,E,E/L7/6F/SD5/CORR NR DW 6270
7:7-6,HFP-11,L7,E,E/L7/6F/SD6/CORR NR 6260
7:7-7,HFP-11,L7,E,E/L7/6F/SD7/CORR NR 6260
7:7-8,HFP-11,L7,E,E/L7/6F/SD8/CORR NR 6260
7:7-9,HFP-11,L7,E,E/L7/6F/SD9/CORR NR 6251
7:7-10,HFP-11,L7,E,E/L7/6F/SD10/CORR NR 6251
7:7-11,HFP-11,L7,E,E/L7/6F/SD11/AHU RM SD
7:7-12,HTRI-R,L7,E,E/L7/6F/CM12/AHU RM CM
7:7-13,HTRI-R,L7,E,E/L7/6F/CM13/DR RELESE CM
7:7-14,HMS-S/D/M/SA,L7,E,E/L7/6F/MCP14/FIRE SHAFT L.L.
7:7-15,HTRI-R,L7,E,E/L7/6F/CM15/FIRE SHAFT L.L.
7:7-15,HTRI-R,L7,E,E/L7/6F/CM15/FIRE SHAFT L.L.
7:7-16,HTRI-S,L7,E,E/L7/6F/MM16/FIRE SHAFT L.L.
7:7-17,HFP-11,L7,E,E/L7/6F/SD17/LIFT LOBBY SD
7:7-18,HFP-11,L7,E,E/L7/6F/SD18/LIFT LOBBY SD
7:7-19,HFP-11,L7,E,E/L7/6F/SD19/ELECT RM SD
7:7-20,HTRI-R,L7,E,E/L7/6F/CM20/DR RELESE  CM 
7:7-21,HFP-11,L7,E,E/L7/6F/SD21/CORR NR DR
7:7-22,HFP-11,L7,E,E/L7/6F/SD22/CORR NR EW 6050
7:7-23,HFP-11,L7,E,E/L7/6F/SD23/CORR NR 6060
7:7-24,HFP-11,L7,E,E/L7/6F/SD24/CORR NR EW 6070
7:7-25,HFP-11,L7,E,E/L7/5F/SD25/CORR NR DW 5280
7:7-26,HFP-11,L7,E,E/L7/5F/SD26/CORR NR 5280
7:7-27,HTRI-R,L7,E,E/L7/5F/CM27/FIRE ESC STR
7:7-28,HMS-S/D/M/SA,L7,E,E/L7/5F/MCP28/FIRE ESC STR
7:7-29,HFP-11,L7,E,E/L7/5F/SD29/CORR NR DW 5210
7:7-30,HFP-11,L7,E,E/L7/5F/SD30/CORR NR 5210
7:7-31,HFP-11,L7,E,E/L7/5F/SD31/CORR NR 5263
7:7-32,HFP-11,L7,E,E/L7/5F/SD32/CORR NR 5261
7:7-33,HTRI-R,L7,E,E/L7/5F/CM33/AHU  RM CM
7:7-34,HFP-11,L7,E,E/L7/5F/SD34/AHU RM SD
7:7-35,HFP-11,L7,E,E/L7/5F/SD35/CORR NR DR
7:7-36,HTRI-R,L7,E,E/L7/5F/CM36/DR RELESE CM
7:7-37,HTRI-R,L7,E,E/L7/5F/CM37/FIRE SHAFT L.L.
7:7-38,HMS-S/D/M/SA,L7,E,E/L7/5F/MCP38/FIRE SHAFT L.L.
7:7-39,HTRI-S,L7,E,E/L7/5F/MM39/FIRE SHAFT L.L.
7:7-40,HFP-11,L7,E,E/L7/5F/SD40/LIFT LOBBY SD
7:7-41,HFP-11,L7,E,E/L7/5F/SD41/LIFT LOBBY SD
7:7-42,HFP-11,L7,E,E/L7/5F/SD42/ELECT RM SD
7:7-43,HTRI-R,L7,E,E/L7/5F/CM43/DR RELESE 5 TO 6
7:7-44,HFP-11,L7,E,E/L7/5F/SD44/CORR NR 5010
7:7-45,HFP-11,L7,E,E/L7/5F/SD45/CORR NR 5020
7:7-46,HFP-11,L7,E,E/L7/5F/SD46/CORR NR 5181
7:7-47,HFP-11,L7,E,E/L7/5F/SD47/CORR NR 5170
7:7-48,HFP-11,L7,E,E/L7/5F/SD48/CORR NR EW 5/S17
7:7-49,HTRI-R,L7,E,E/L7/EW/5F/CM49/DR RELESE CM
7:7-50,HFP-11,L7,E,E/L7/EW/5F/SD50/CORR NR EW5050
7:7-51,HFP-11,L7,E,E/L7/EW/5F/SD51/CORR NR EW5030
7:7-52,HFP-11,L7,E,E/L7/EW/5F/SD52/CORR NR EW5020
7:7-53,HFP-11,L7,E,E/L7/EW/5F/SD53/CORR NR EW5010
7:7-54,HFP-11,L7,E,E/L7/EW/5F/SD54/CORR NR LL
7:7-55,HTRI-R,L7,E,E/L7/EW/5F/CM55/FIRE ESC DR
7:7-56,HMS-S/D/M/SA,L7,E,E/L7/EW/5F/MCP56/FIRE ESC DR
7:7-57,FDOT421,L7,E,E/L7/EW5201/SD57/Assorter cab
7:7-59,HTRI-S,L7,E,E/L7/6F/MM59/DW6251
7:7-60,HTRI-S,L7,E,E/L7/6F/MM60/EW6070
7:7-62,HTRI-S,L7,E,E/L7/6F/MM62/EW6090
7:7-63,HTRI-S,L7,E,E/L7/6F/MM63/EW6060
7:7-64,HTRI-S,L7,E,E/L7/6F/MM64/EW6050
7:7-66,HTRI-S,L7,E,E/L7/6F/MM66/EW6040
7:7-67,HTRI-S,L7,E,E/L7/6F/MM67/EW6030
7:7-68,HTRI-S,L7,E,E/L7/6F/MM68/EW6020
7:7-71,HFP-11,L7,E,E/L7/DW6240/SD71/AFC Entry Psg
7:7-72,HFP-11,L7,E,E/L7/DW6240/SD72/Entry Psg
7:7-73,HTRI-S,W,E,E/W/6F/MM73/DW6220
7:7-74,HTRI-S,L7,E,E/L7/W/6F/MM74/DW6210
7:7-75,HTRI-S,L7,E,E/L7/6F/MM75/DW6260
7:7-77,HTRI-S,L7,E,E/L7/6F/MM77/DW6270
7:7-78,HTRI-S,L7,E,E/L7/6F/MM78/DW6200
7:7-79,HTRI-S,L7,E,E/L7/6F/MM79/DW6190
7:7-80,HTRI-S,L7,E,E/L7/6F/MM80/DW6180
7:7-81,HTRI-S,L7,E,E/L7/6F/MM81/DW6280
7:7-82,HTRI-S,L7,E,E/L7/6F/MM82/DW6170
7:7-84,HTRI-S,L7,E,E/L7/5F/MM84/DW5280
7:7-90,HTRI-S,L7,E,E/L7/5F/MM90/DW5230
7:7-91,HTRI-S,L7,E,E/L7/5F/MM91/DW5240/50
7:7-93,HTRI-S,L7,E,E/L7/5F/MM93/DW5262/63
7:7-94,HTRI-S,L7,E,E/L7/5F/MM94/DW5261
7:7-97,HTRI-S,L7,E,E/L7/5F/MM97/EW5190
7:7-98,HTRI-S,L7,E,E/L7/5F/MM98/EW5010
7:7-99,FDOT421,L7,E,E/L7/EW5071/SD99/Reception
7:7-100,HTRI-R,L7,E,E/L7/EW5071/CM100/Entry Psg
7:7-101,HMS-S/D/M/SA,L7,E,E/L7/EW5071/MCP101/Entry Psg
7:7-102,HFP-11,L7,E,E/L7/EW5071/SD102/Executive cab
7:7-103,HFP-11,L7,E,E/L7/EW5071/SD103/Display rm
7:7-104,HFP-11,L7,E,E/L7/EW5071/SD104/Pantry
7:7-105,HFP-11,L7,E,E/L7/EW5071/SD105/Assorter cab
7:7-106,HFP-11,L7,E,E/L7/EW5071/SD106/Accounts cab
7:7-107,HFP-11,L7,E,E/L7/EW5270/SD107/assoter cab
7:7-108,HFP-11,L7,E,E/L7/EW5270/SD108/Main cab
7:7-109,HFP-11,L7,E,E/L7/EW5270/SD109/psg nr pantry
7:7-110,HFP-11,L7,E,E/L7/DW5270/SD110/Account cab
7:7-111,HFP-11,L7,E,E/L7/DW5270/SD111/Pantry
7:7-112,HTRI-R,L7,E,E/L7/DW5270/CM112/Psg nr Entry
7:7-113,HMS-S/D/M/SA,L7,E,E/L7/DW5270/MCP113/Psg nr Entry
7:7-114,HFP-11,L7,E,E/L7/DW5220/SD114/Main cab
7:7-115,HFP-11,L7,E,E/L7/DW5220/SD115/Buyers cab
7:7-116,HFP-11,L7,E,E/L7/DW5220/SD116/Psg nr Buyers 
7:7-117,HFP-11,L7,E,E/L7/DW5220/SD117/Accounts cab
7:7-118,HFP-11,L7,E,E/L7/DW5220/SD118/Psg nr Entry
7:7-119,HTRI-R,L7,E,E/L7/DW5220/CM119/Psg nr Entry
7:7-120,HMS-S/D/M/SA,L7,E,E/L7/DW5220/MCP120/Psg nr Entry
7:7-121,HFP-11,L7,E,E/L7/DW5210/SD121/Pantry
7:7-122,HFP-11,L7,E,E/L7/DW5210/SD122/Accounts cab
7:7-123,HFP-11,L7,E,E/L7/DW5210/SD123/Assorter cab
7:7-124,HFP-11,L7,E,E/L7/DW5210/SD124/Main cab
7:7-125,HFP-11,L7,E,E/L7/DW5210/SD125/Psg nr Entry D
7:7-126,HTRI-R,L7,E,E/L7/DW5210/CM126/Psg nr Entry D
7:7-127,HMS-S/D/M/SA,L7,E,E/L7/DW5210/MCP127/Psg nr Entry 
7:7-128,HFP-11,L7,E,E/L7/DW5190/SD128/Psg nr Pantry
7:7-129,HFP-11,L7,E,E/L7/DW5190/SD129/Reception
7:7-130,HFP-11,L7,E,E/L7/DW5190/SD130/Cab 1
7:7-131,HFP-11,L7,E,E/L7/DW5190/SD131/Main Cab
7:7-132,HFP-11,L7,E,E/L7/DW5190/SD132/Account Cab
7:7-133,HFP-11,L7,E,E/L7/DW5190/SD133/Cab 2
7:7-134,HTRI-R,L7,E,E/L7/DW5190/CM134/Entry Psg AFC
7:7-135,HMS-S/D/M/SA,L7,E,E/L7/DW5190/MCP135/Entry Psg
7:7-142,HFP-11,L7,E,E/L7/EW5060/SD142/Psg Nr Sales C
7:7-143,HFP-11,L7,E,E/L7/EW5060/SD143/Pantry
7:7-161,HFP-11,L7,E,E/L7/DW6240/SD161/Buyers cab 1
7:7-162,HFP-11,L7,E,E/L7/DW6240/SD162/Buyers cab 2
7:7-163,HFP-11,L7,E,E/L7/DW6240/SD163/Main cab
7:7-164,HFP-11,L7,E,E/L7/DW6240/SD164/Psg nr Main ca
7:7-165,HTRI-R,L7,E,E/L7/DW6240/CM165/Psg nr Entry d
7:7-166,HMS-S/D/M/SA,L7,E,E/L7/DW6240/MCP166/Psg nr Entry 
7:7-167,HFP-11,L7,E,E/L7/EW5181/SD167/Cab 13
7:7-168,HFP-11,L7,E,E/L7/EW5181/SD168/Cab 14
7:7-169,HFP-11,L7,E,E/L7/EW5181/SD169/Cab 15
7:7-170,HFP-11,L7,E,E/L7/EW5181/SD170/Cab 11
7:7-171,HFP-11,L7,E,E/L7/EW5181/SD171/Cab 11
7:7-172,HFP-11,L7,E,E/L7/EW5181/SD172/Reception Psg
7:7-173,HMS-S/D/M/SA,L7,E,E/L7/EW5181/MCP173/Psg nr cab 9
7:7-174,HMS-S/D/M/SA,L7,E,E/L7/EW5181/MCP174/Psg nr cab 14
7:7-175,HTRI-R,L7,E,E/L7/EW5181/CM175/Entry dr Psg
7:7-176,HFP-11,L7,E,E/L7/DW6230/SD176/Main Cabin
7:7-177,HFP-11,L7,E,E/L7/DW6230/SD177/Psg nr Account
7:7-178,HFP-11,L7,E,E/L7/DW6230/SD178/Account cab
7:7-179,HFP-11,L7,E,E/L7/DW6230/SD179/Assorter cab
7:7-180,HFPT-11,L7,E,E/L7/DW6230/HD180/Pantry
7:7-181,HTRI-R,L7,E,E/L7/DW6230/CM181/Entry dr psg
7:7-182,HMS-S/D/M/SA,L7,E,E/L7/DW6230/MCP182/Entry dr psg
7:7-183,HFP-11,L7,E,E/L7/DW6230/SD183/Main cab
7:7-190,HFP-11,L7,E,E/L7/EW6010/SD190/Main cab
7:7-191,HFP-11,L7,E,E/L7/EW6010/SD191/Assorter cab
7:7-192,HFP-11,L7,E,E/L7/EW6010/SD192/Assorter cab
7:7-193,HFP-11,L7,E,E/L7/EW6010/SD193/Psg nr Assorte
7:7-194,HFP-11,L7,E,E/L7/EW6010/SD194/Pantry
7:7-195,HTRI-R,L7,E,E/L7/EW6010/CM195/Entry dr Psg
7:7-196,HMS-S/D/M/SA,L7,E,E/L7/EW6010/MCP196/Entry dr Psg
7:7-197,HFP-11,L7,E,E/L7/EW5030/SD197/Main cab
7:7-198,HFP-11,L7,E,E/L7/EW5030/SD198/Assorter cab
7:7-199,HFP-11,L7,E,E/L7/EW5030/SD199/Account cab
7:7-200,HFP-11,L7,E,E/L7/EW5030/SD200/Entry dr Psg
7:7-201,HTRI-R,L7,E,E/L7/EW5030/CM201/Entry dr Psg
7:7-202,HMS-S/D/M/SA,L7,E,E/L7/EW5030/MCP202/Entry dr Psg
7:7-203,HFP-11,L7,E,E/L7/EW5060/SD203/Staff rm
7:7-204,HFP-11,L7,E,E/L7/EW5060/SD204/Staff dinning 
7:7-205,HFP-11,L7,E,E/L7/EW5060/SD205/Staff dinning 
7:7-206,HTRI-R,L7,E,E/L7/EW5060/CM206/Entry dr Psg
7:7-207,HMS-S/D/M/SA,L7,E,E/L7/EW5060/MCP207/Entry dr Psg
7:7-208,HFP-11,L7,E,E/L7/EW5040/SD208/Assorter cab
7:7-209,HFP-11,L7,E,E/L7/EW5040/SD209/Account cab
7:7-210,HFP-11,L7,E,E/L7/EW5040/SD210/Psg nr Main ca
7:7-211,HFP-11,L7,E,E/L7/EW5040/SD211/Main cab
7:7-212,HFP-11,L7,E,E/L7/EW5040/SD212/Pantry
7:7-213,HTRI-R,L7,E,E/L7/EW5040/CM213/Entry dr Psg
7:7-214,HMS-S/D/M/SA,L7,E,E/L7/EW5040/MCP214/Entry dr Psg
7:7-215,HFP-11,L7,E,E/L7/EW5201/SD215/Big cab
7:7-216,HFP-11,L7,E,E/L7/EW5201/SD216/Manager cab
7:7-217,HFP-11,L7,E,E/L7/EW5201/SD217/Psg nr Manager
7:7-218,HFP-11,L7,E,E/L7/EW5201/SD218/lunch rm
7:7-219,HFP-11,L7,E,E/L7/EW5201/SD219/Pantry
7:7-220,HFP-11,L7,E,E/L7/EW5201/SD220/Assorter cab
7:7-221,HFP-11,L7,E,E/L7/EW5201/SD221/Psg nr Assorte
7:7-222,HFP-11,L7,E,E/L7/EW5201/SD222/Reception cab
7:7-223,HFP-11,L7,E,E/L7/EW5201/SD223/Accounts cab
7:7-224,HFP-11,L7,E,E/L7/EW5201/SD224/Assorter cab
7:7-225,HFP-11,L7,E,E/L7/EW5201/SD225/Main cab
7:7-226,HFP-11,L7,E,E/L7/EW5201/SD226/Main cab
7:7-227,HFP-11,L7,E,E/L7/EW5201/SD227/Stock cab
7:7-228,HFP-11,L7,E,E/L7/EW5201/SD228/Assorter cab
7:7-229,HTRI-R,L7,E,E/L7/EW5201/CM229/Entry Psg
7:7-230,HMS-S/D/M/SA,L7,E,E/L7/EW5201/MCP230/Entry Psg
7:7-231,HFP-11,L7,E,E/L7/EW5201/SD231/Big cab
7:7-232,HFP-11,L7,E,E/L7/EW5020/SD232/Main cab
7:7-233,HFP-11,L7,E,E/L7/EW5020/SD233/Assorter cab
7:7-234,HFP-11,L7,E,E/L7/EW5020/SD234/Psg nr Assorte
7:7-235,HFP-11,L7,E,E/L7/EW5020/SD235/Accounts cab
7:7-236,HFPT-11,L7,E,E/L7/EW5020/HD236/Pantry
7:7-237,HTRI-R,L7,E,E/L7/EW5020/CM237/Entry dr Psg
7:7-238,HMS-S/D/M/SA,L7,E,E/L7/EW5020/MCP238/Entry dr Psg
7:7-239,HFP-11,L7,E,E/L7/EW5181/SD239/Cab 2
7:7-240,HFP-11,L7,E,E/L7/EW5181/SD240/Cab 3
7:7-241,HFP-11,L7,E,E/L7/EW5181/SD241/Cab 4
7:7-242,HFP-11,L7,E,E/L7/EW5181/SD242/Cab 5
7:7-243,HFP-11,L7,E,E/L7/EW5181/SD243/Psg nr Cab 5
7:7-244,HFP-11,L7,E,E/L7/EW5181/SD244/Cab 6
7:7-245,HFP-11,L7,E,E/L7/EW5181/SD245/Cab 7
7:7-246,HFP-11,L7,E,E/L7/EW5181/SD246/Psg nr Cab 7
7:7-247,HFP-11,L7,E,E/L7/EW5181/SD247/Cab 8
7:7-248,HFP-11,L7,E,E/L7/EW5181/SD248/Cab 9
7:7-249,HFP-11,L7,E,E/L7/EW5181/SD249/Cab 10
7:7-250,HFP-11,L7,E,E/L7/EW5181/SD250/Cab 10
7:7-251,HFP-11,L7,E,E/L7/EW5181/SD251/Psg nr Cab 10
7:7-252,HFP-11,L7,E,E/L7/EW5181/SD252/Cab 12
7:13-8,HFP-11,L10,E,E/L10/EE3030/SD8/Main cab
7:13-9,HFP-11,L10,E,E/L10/EE3030/SD9/Main cab
7:13-10,HFP-11,L10,E,E/L10/EE3030/SD10/Entry Psg
7:13-11,HTRI-R,L10,E,E/L10/EE3030/CM11/Entry Psg
7:13-12,HMS-S/D/M/SA,L10,E,E/L10/EE3030/MCP12/Entry Psg
7:13-13,HFP-11,L10,E,E/L10/EE3050/SD13/Main cab
7:13-14,HFP-11,L10,E,E/L10/EE3050/SD14/Assorter cab
7:13-15,HFP-11,L10,E,E/L10/EE3050/SD15/Account cab
7:13-16,HFP-11,L10,E,E/L10/EE3050/SD16/Pantry
7:13-18,HTRI-R,L10,E,E/L10/EE3050/CM18/AFC Entry dr P
7:13-19,HMS-S/D/M/SA,L10,E,E/L10/EE3050/MCP19/Entry dr Psg
7:13-26,HFP-11,L10,E,E/L10/EE3100/SD26/Main cab
7:13-27,HFP-11,L10,E,E/L10/EE3100/SD27/GIA cab1
7:13-28,HFP-11,L10,E,E/L10/EE3100/SD28/Accounts cab
7:13-29,HFP-11,L10,E,E/L10/EE3100/SD29/GIA cab2
7:13-30,HFP-11,L10,E,E/L10/EE3100/SD30/Pantry
7:13-31,HTRI-R,L10,E,E/L10/EE3100/CM31/Entry dr Psg
7:13-32,HMS-S/D/M/SA,L10,E,E/L10/EE3100/MCP32/Entry dr Psg
7:13-33,HFP-11,L10,E,E/L10/EE2030/SD33/Main cab
7:13-34,HFP-11,L10,E,E/L10/EE2030/SD34/Main cab
7:13-35,HFP-11,L10,E,E/L10/EE2030/SD35/Assorter cab
7:13-36,HFP-11,L10,E,E/L10/EE2030/SD36/Psg nr MC
7:13-37,HFP-11,L10,E,E/L10/EE2030/SD37/Pantry
7:13-38,HTRI-R,L10,E,E/L10/EE2030/CM38/Entry dr Psg
7:13-39,HMS-S/D/M/SA,L10,E,E/L10/EE2030/MCP39/Entry dr Psg
7:13-40,HFP-11,L10,E,E/L10/EE3020/SD40/Accounts cab
7:13-41,HFP-11,L10,E,E/L10/EE3020/SD41/Rishilbhai cab
7:13-42,HFP-11,L10,E,E/L10/EE3020/SD42/Main cab
7:13-43,HFP-11,L10,E,E/L10/EE3020/SD43/Assorter cab
7:13-44,HFP-11,L10,E,E/L10/EE3020/SD44/Planning cab
7:13-45,HFP-11,L10,E,E/L10/EE3020/SD45/Cab nr buyers 
7:13-46,HFP-11,L10,E,E/L10/EE3020/SD46/buyers cab
7:13-47,HFP-11,L10,E,E/L10/EE3020/SD47/Psg nr MC
7:13-48,HFP-11,L10,E,E/L10/EE3020/SD48/Pantry Psg
7:13-49,HFP-11,L10,E,E/L10/EE3020/SD49/Entry Psg
7:13-50,HFP-11,L10,E,E/L10/EE3020/SD50/Assorter cab 1
7:13-51,HFP-11,L10,E,E/L10/EE3020/SD51/Assorter cab 2
7:13-52,HFP-11,L10,E,E/L10/EE3020/SD52/Assorter cab 3
7:13-53,HMS-S/D/M/SA,L10,E,E/L10/EE3020/MCP53/Reception Psg
7:13-54,HTRI-R,L10,E,E/L10/EE3020/CM54/Reception Psg
7:13-55,HFP-11,L10,E,E/L10/EC3021/SD55/Reception Psg
7:13-56,HFP-11,L10,E,E/L10/EC3021/SD56/Psg nr Fauna c
7:13-57,HFP-11,L10,E,E/L10/EC3021/SD57/Pricing cab
7:13-58,HFP-11,L10,E,E/L10/EC3021/SD58/Sales dept
7:13-59,HFP-11,L10,E,E/L10/EC3021/SD59/Grading cab
7:13-60,HFP-11,L10,E,E/L10/EC3021/SD60/Export cab
7:13-61,HFP-11,L10,E,E/L10/EC3021/SD61/Export cab
7:13-62,HFP-11,L10,E,E/L10/EC3021/SD62/Buyers cab1
7:13-63,HFP-11,L10,E,E/L10/EC3021/SD63/Buyers cab2
7:13-64,HFP-11,L10,E,E/L10/EC3021/SD64/Fauna cab
7:13-65,HFP-11,L10,E,E/L10/EC3021/SD65/Sales dept
7:13-66,HFP-11,L10,E,E/L10/EC3021/SD66/Boss cab
7:13-67,HFP-11,L10,E,E/L10/EC3021/SD67/Boss cab
7:13-68,HFP-11,L10,E,E/L10/EC3021/SD68/Psg nr MC
7:13-69,HFP-11,L10,E,E/L10/EC3021/SD69/Sant Kabir cab
7:13-70,HFP-11,L10,E,E/L10/EC3021/SD70/Cust Relatn ca
7:13-71,HFP-11,L10,E,E/L10/EC3021/SD71/Sales direct. 
7:13-72,HFP-11,L10,E,E/L10/EC3021/SD72/Vivekanand cab
7:13-73,HFP-11,L10,E,E/L10/EC3021/SD73/Budha cab
7:13-74,FDOT421,L10,E,E/L10/EC3021/SD74/osho cab
7:13-75,HFP-11,L10,E,E/L10/EC3021/SD75/IT room
7:13-76,HFP-11,L10,E,E/L10/EC3021/SD76/stock cab
7:13-77,HFP-11,L10,E,E/L10/EC3021/SD77/Psg nr stock c
7:13-78,HFP-11,L10,E,E/L10/EC3021/SD78/Pramukh cab
7:13-79,HFPT-11,L10,E,E/L10/EC3021/HD79/Pantry
7:13-80,XTRI-R,L10,E,E/L10/EC3021/CM80/Reception Psg
7:13-81,HMS-S/D/M/SA,L10,E,E/L10/EC3021/MCP81/Reception Psg
7:13-82,HFP-11,L10,E,E/L10/EC2030/SD82/Main cab
7:13-83,HFP-11,L10,E,E/L10/EC2030/SD83/Pantry Psg
7:13-84,HFP-11,L10,E,E/L10/EC2030/SD84/Cab 1
7:13-85,HTRI-R,L10,E,E/L10/EC2030/CM85/Entry dr Psg
7:13-86,HMS-S/D/M/SA,L10,E,E/L10/EC2030/MCP86/Entry dr Psg
7:13-87,HFP-11,L10,E,E/L10/EC2050/SD87/Main cab
7:13-88,HFP-11,L10,E,E/L10/EC2050/SD88/Pantry Psg
7:13-89,HFP-11,L10,E,E/L10/EC2050/SD89/Cab 1
7:13-90,HTRI-R,L10,E,E/L10/EC2050/CM90/Entry dr Psg
7:13-91,HMS-S/D/M/SA,L10,E,E/L10/EC2050/MCP91/Entry dr Psg
7:13-92,HFP-11,L10,E,E/L10/EC2070/SD92/Main cab
7:13-93,HFP-11,L10,E,E/L10/EC2070/SD93/Cab 1
7:13-94,HFP-11,L10,E,E/L10/EC2070/SD94/Cab 2
7:13-95,HFP-11,L10,E,E/L10/EC2070/SD95/Entry Psg
7:13-96,HFPT-11,L10,E,E/L10/EC2070/HD96/Pantry
7:13-97,HTRI-R,L10,E,E/L10/EC2070/CM97/Entry Psg
7:13-98,HMS-S/D/M/SA,L10,E,E/L10/EC2070/MCP98/Entry Psg
7:13-99,HFP-11,L10,E,E/L10/EC2110/SD99/Main cab
7:13-100,HFP-11,L10,E,E/L10/EC2110/SD100/Assorter cab
7:13-101,HFP-11,L10,E,E/L10/EC2110/SD101/Psg nr Assort
7:13-102,HFP-11,L10,E,E/L10/EC2110/SD102/Pantry Psg
7:13-103,HTRI-R,L10,E,E/L10/EC2110/CM103/Entry Psg
7:13-104,HMS-S/D/M/SA,L10,E,E/L10/EC2110/MCP104/Entry Psg
7:13-105,HFP-11,L10,E,E/L10/EC1010/SD105/Main cab
7:13-106,HFP-11,L10,E,E/L10/EC1010/SD106/Assorter cab
7:13-107,HFP-11,L10,E,E/L10/EC1010/SD107/Psg nr MC
7:13-108,HFP-11,L10,E,E/L10/EC1010/SD108/Pantry
7:13-109,HTRI-R,L10,E,E/L10/EC1010/CM109/Entry dr Psg
7:13-110,HMS-S/D/M/SA,L10,E,E/L10/EC1010/MCP110/Entry dr Psg
7:13-111,HFP-11,L10,E,E/L10/EC1030/SD111/Main cab
7:13-112,HFP-11,L10,E,E/L10/EC1030/SD112/Pantry Psg
7:13-113,HTRI-R,L10,E,E/L10/EC1030/CM113/Entry dr Psg
7:13-114,HMS-S/D/M/SA,L10,E,E/L10/EC1030/MCP114/Entry dr Psg
7:13-115,HFP-11,L10,E,E/L10/EE3010/SD115/Accounts cab
7:13-116,HFP-11,L10,E,E/L10/EE3010/SD116/Jewellery cab
7:13-117,HFP-11,L10,E,E/L10/EE3010/SD117/Cab 3
7:13-118,HFP-11,L10,E,E/L10/EE3010/SD118/Cab 2
7:13-119,HFP-11,L10,E,E/L10/EE3010/SD119/Cab 1
7:13-120,HFP-11,L10,E,E/L10/EE3010/SD120/Assorter cab
7:13-121,HFP-11,L10,E,E/L10/EE3010/SD121/Entry Psg
7:13-122,HFP-11,L10,E,E/L10/EE3010/SD122/Pantry
7:13-123,HTRI-R,L10,E,E/L10/EE3010/CM123/Entry Psg
7:13-124,HMS-S/D/M/SA,L10,E,E/L10/EE3010/MCP124/Entry Psg
7:13-125,HFP-11,L10,E,E/L10/EC1140/SD125/Cab 1
7:13-126,HFP-11,L10,E,E/L10/EC1140/SD126/Cab 2
7:13-127,HFP-11,L10,E,E/L10/EC1140/SD127/Cab 3
7:13-128,HFP-11,L10,E,E/L10/EC1140/SD128/Entry Psg
7:13-129,HTRI-R,L10,E,E/L10/EC1140/CM129/Entry Psg
7:13-130,HMS-S/D/M/SA,L10,E,E/L10/EC1140/MCP130/Entry Psg
7:13-131,HFP-11,L10,E,E/L10/EC2081/SD131/Cab 1
7:13-132,HFP-11,L10,E,E/L10/EC2081/SD132/Cab 2
7:13-133,HFP-11,L10,E,E/L10/EC2081/SD133/Cab 3
7:13-134,HFP-11,L10,E,E/L10/EC2081/SD134/Cab 4
7:13-135,HFPT-11,L10,E,E/L10/EC2081/HD135/Pantry
7:13-136,HFP-11,L10,E,E/L10/EC2081/SD136/AFC Pantry
7:13-137,HTRI-R,L10,E,E/L10/EC2081/CM137/Entry dr Psg
7:13-138,HMS-S/D/M/SA,L10,E,E/L10/EC2081/MCP138/Entry dr Psg
7:13-139,HFP-11,L10,E,E/L10/EC1040/SD139/Assorter cab
7:13-140,HFP-11,L10,E,E/L10/EC1040/SD140/Main cab
7:13-141,HFP-11,L10,E,E/L10/EC1040/SD141/Accounts cab
7:13-142,HFP-11,L10,E,E/L10/EC1040/SD142/Pantry
7:13-143,HFP-11,L10,E,E/L10/EC1040/SD143/Pantry
7:13-144,HTRI-R,L10,E,E/L10/EC1040/CM144/Entry dr Psg
7:13-145,HMS-S/D/M/SA,L10,E,E/L10/EC1040/MCP145/Entry dr Psg
7:13-146,HFP-11,L10,E,E/L10/EC3040/SD146/Main cab
7:13-147,HFP-11,L10,E,E/L10/EC3040/SD147/Main cab
7:13-148,HFP-11,L10,E,E/L10/EC3040/SD148/Accounts cab
7:13-149,HFPT-11,L10,E,E/L10/EC3040/HD149/Pantry
7:13-150,HFP-11,L10,E,E/L10/EC3040/SD150/Pantry
7:13-151,HTRI-R,L10,E,E/L10/EC3040/CM151/Entry dr Psg
7:13-152,HMS-S/D/M/SA,L10,E,E/L10/EC3040/MCP152/Entry dr Psg
7:13-153,HFP-11,L10,E,E/L10/EC3040/SD153/Reception
7:13-154,HFP-11,L10,E,E/L10/EC3040/SD154/Assorter cab
7:13-155,HFP-11,L10,E,E/L10/EC2083/SD155/Entry Psg
7:13-156,HFP-11,L10,E,E/L10/EC2083/SD156/Psg nr Acct c
7:13-157,HFP-11,L10,E,E/L10/EC2083/SD157/Accounts cab
7:13-158,HFPT-11,L10,E,E/L10/EC2083/HD158/Pantry
7:13-159,HFP-11,L10,E,E/L10/EC2083/SD159/Accounts cab
7:13-160,HFP-11,L10,E,E/L10/EC2083/SD160/Main cab 1
7:13-161,HFP-11,L10,E,E/L10/EC2083/SD161/Main cab 1
7:13-162,HFP-11,L10,E,E/L10/EC2083/SD162/Main cab 2
7:13-163,HFP-11,L10,E,E/L10/EC2083/SD163/Main cab 3
7:13-164,HFP-11,L10,E,E/L10/EC2083/SD164/Main cab 3
7:13-165,HFP-11,L10,E,E/L10/EC2083/SD165/Psg nr Pantry
7:13-166,HTRI-R,L10,E,E/L10/EC2083/CM166/Entry Psg 
7:13-167,HMS-S/D/M/SA,L10,E,E/L10/EC2083/MCP167/Entry Psg 
7:13-168,HFP-11,L10,E,E/L10/EC2090/SD168/Main cab1
7:13-169,HFP-11,L10,E,E/L10/EC2090/SD169/Main cab2
7:13-170,HFP-11,L10,E,E/L10/EC2090/SD170/Entry Psg
7:13-171,HTRI-R,L10,E,E/L10/EC2090/CM171/Entry Psg
7:13-172,HMS-S/D/M/SA,L10,E,E/L10/EC2090/MCP172/Entry Psg
7:13-211,HFP-11,L10,E,E/L10/EE2020/SD211/Main cab
7:13-212,HFP-11,L10,E,E/L10/EE2020/SD212/Assorter cab
7:13-213,HFP-11,L10,E,E/L10/EE2020/SD213/Psg nr Assort
7:13-214,HFPT-11,L10,E,E/L10/EE2020/HD214/Pantry
7:13-215,HTRI-R,L10,E,E/L10/EE2020/CM215/Pantry Psg
7:13-216,HMS-S/D/M/SA,L10,E,E/L10/EE2020/MCP216/Pantry Psg
7:13-217,HFP-11,L10,E,E/L10/EC2131/SD217/Cab 4
7:13-218,HFP-11,L10,E,E/L10/EC2131/SD218/Cab 3
7:13-219,HFP-11,L10,E,E/L10/EC2131/SD219/Cab 2
7:13-220,HFP-11,L10,E,E/L10/EC2131/SD220/Cab 1
7:13-221,HFP-11,L10,E,E/L10/EC2131/SD221/Cab 5
7:13-222,HFP-11,L10,E,E/L10/EC2131/SD222/Cab 6
7:13-223,HFP-11,L10,E,E/L10/EC2131/SD223/Cab 7
7:13-224,HFP-11,L10,E,E/L10/EC2131/SD224/Psg nr Cab 3
7:13-225,HFP-11,L10,E,E/L10/EC2131/SD225/Reception
7:13-226,HFP-11,L10,E,E/L10/EC2131/SD226/Pantry
7:13-227,HTRI-R,L10,E,E/L10/EC2131/CM227/Entry dr psg
7:13-228,HMS-S/D/M/SA,L10,E,E/L10/EC2131/MCP228/Entry dr psg
7:13-229,HFP-11,L10,E,E/L10/EE3090/SD229/Cab 2
7:13-230,HFP-11,L10,E,E/L10/EE3090/SD230/Cab 3
7:13-231,HFP-11,L10,E,E/L10/EE3090/SD231/Account cab
7:13-232,HFP-11,L10,E,E/L10/EE3090/SD232/Psg nr Accoun
7:13-233,HFP-11,L10,E,E/L10/EE3090/SD233/Entry psg
7:13-234,HFP-11,L10,E,E/L10/EE3090/SD234/Main cab
7:13-235,HTRI-R,L10,E,E/L10/EE3090/CM235/Entry psg
7:13-236,HMS-S/D/M/SA,L10,E,E/L10/EE3090/MCP236/Entry psg
7:13-237,HFP-11,L10,E,E/L10/EE3090/SD237/Pantry
7:13-238,HFP-11,L10,E,E/L10/EE3080/SD238/Entry psg
7:13-239,HFP-11,L10,E,E/L10/EE3080/SD239/Psg nr sales 
7:13-240,HFP-11,L10,E,E/L10/EE3080/SD240/Psg nr Assort
7:13-241,HFP-11,L10,E,E/L10/EE3080/SD241/Sales cab
7:13-242,HFP-11,L10,E,E/L10/EE3080/SD242/Assorter cab
7:13-243,HFP-11,L10,E,E/L10/EE3080/SD243/Lunch cab
7:13-244,HFP-11,L10,E,E/L10/EE3080/SD244/Pantry
7:13-245,HFP-11,L10,E,E/L10/EE3080/SD245/Main cab 1
7:13-246,HFP-11,L10,E,E/L10/EE3080/SD246/Main cab 2
7:13-247,HFP-11,L10,E,E/L10/EE3080/SD247/Main cab 2
7:13-248,HTRI-R,L10,E,E/L10/EE3080/CM248/Entry psg
7:13-249,HMS-S/D/M/SA,L10,E,E/L10/EE3080/MCP249/Entry psg
7:13-250,HFP-11,L10,E,E/L10/EC1140/SD250/AFC
7:13-251,HFP-11,L10,E,E/L10/EC1140/SD251/AFC
8:1-1,HMS-S/D/M/SA,L1,F,F/L1/EC/GND/MCP1/LIFT LOBBY
8:1-2,HTRI-R,L1,F,F/L1/EC/GND/CM2/LIFT LOBBY
8:1-3,HTRI-S,L1,F,F/L1/EC/GND/MM3/LIFT LOBBY
8:1-4,HFP-11,L1,F,F/L1/EC/GND/SD4/ERM
8:1-5,HFP-11,L1,F,F/L1/EC/GND/SD5/LIFT LOBBY
8:1-6,HFP-11,L1,F,F/L1/EC/GND/SD6/LIFT LOBBY
8:1-7,HFP-11,L1,F,F/L1/EC/GND/SD7/LIFT LOBBY
8:1-8,HFP-11,L1,F,F/L1/EC/GND/SD8/LIFT LOBBY
8:1-9,HTRI-R,L1,F,F/L1/EC/GND/CM9/AHU RM
8:1-10,HFP-11,L1,F,F/L1/EC/GND/SD10/AHU RM
8:1-11,HMS-S/D/M/SA,L1,F,F/L1/CC/GND/MCP11/LIFT LOBBY
8:1-12,HTRI-R,L1,F,F/L1/CC/GND/CM12/LIFT LOBBY
8:1-13,HTRI-S,L1,F,F/L1/CC/GND/MM13/LIFT LOBBY
8:1-14,HFP-11,L1,F,F/L1/CC/GND/SD14/LIFT LOBBY
8:1-15,HFP-11,L1,F,F/L1/CC/GND/SD15/LIFT LOBBY
8:1-16,HFP-11,L1,F,F/L1/CC/GND/SD16/LIFT LOBBY
8:1-17,HFP-11,L1,F,F/L1/CC/GND/SD17/ELEC RM
8:1-18,HTRI-S,L1,F,F/L1/UB/MM18/Nr Fire panel AC 
8:1-20,HMS-S/D/M/SA,L1,F,F/L1/FW/GND/MCP20/LIFT LOBBY
8:1-21,HTRI-R,L1,F,F/L1/WC/GND/CM21/LIFT LOBBY
8:1-22,HTRI-S,L1,F,F/L1/WC/GND/MM22/LIFT LOBBY
8:1-23,HFP-11,L1,F,F/L1/WC/GND/SD23/ELECT RM
8:1-24,HFP-11,L1,F,F/L1/WC/GND/SD24/LIFT LOBBY
8:1-25,HFP-11,L1,F,F/L1/WC/GND/SD25/LIFT LOBBY
8:1-26,HFP-11,L1,F,F/L1/WC/GND/SD26/LIFT LOBBY
8:1-27,HTRI-R,L1,F,F/L1/WC/GND/CM27/AHU RM
8:1-28,HFP-11,L1,F,F/L1/WC/GND/SD28/AHU RM
8:1-29,HFP-11,L1,F,F/L1/WC/GND/SD29/LIFT LOBBY
8:1-30,HFP-11,L1,F,F/L1/FE2100/SD30/Main cab
8:1-31,HFP-11,L1,F,F/L1/FE2100/SD31/Assorter cab
8:1-32,HFP-11,L1,F,F/L1/FE2100/SD32/Assorter cab
8:1-33,HFP-11,L1,F,F/L1/FE2100/SD33/Pantry
8:1-34,HTRI-R,L1,F,F/L1/FE2100/CM34/Entry dr Psg
8:1-35,HMS-S/D/M/SA,L1,F,F/L1/FE2100/MCP35/Entry dr Psg
8:1-36,HFP-11,L1,F,F/L1/FE1040/SD36/Pantry
8:1-37,HFP-11,L1,F,F/L1/FE1040/SD37/Account cab
8:1-38,HFP-11,L1,F,F/L1/FE1040/SD38/Main cab
8:1-39,HFP-11,L1,F,F/L1/FE1040/SD39/Assorter cab
8:1-40,HTRI-R,L1,F,F/L1/FE1040/CM40/Entry dr Psg
8:1-41,HMS-S/D/M/SA,L1,F,F/L1/FE1040/MCP41/Entry dr Psg
8:1-42,HFP-11,L1,F,F/L1/FE2010/SD42/Main cab
8:1-43,HTRI-R,L1,F,F/L1/FE2010/CM43/Entry dr Psg
8:1-44,HMS-S/D/M/SA,L1,F,F/L1/FE2010/MCP44/Entry dr Psg
8:1-45,HFP-11,L1,F,F/L1/FE2070/SD45/Main cab
8:1-46,HFP-11,L1,F,F/L1/FE2070/SD46/Main cab
8:1-47,HFP-11,L1,F,F/L1/FE2070/SD47/Account cab
8:1-48,HFP-11,L1,F,F/L1/FE2070/SD48/Psg nr Account 
8:1-49,HFP-11,L1,F,F/L1/FE2070/SD49/Assorter cab
8:1-50,HFP-11,L1,F,F/L1/FE2070/SD50/Pantry
8:1-51,HTRI-R,L1,F,F/L1/FE2070/CM51/Entry dr Psg
8:1-52,HMS-S/D/M/SA,L1,F,F/L1/FE2070/MCP52/Entry dr Psg
8:1-58,HFP-11,L1,F,F/L1/FE2110/SD58/Main cab
8:1-59,HFP-11,L1,F,F/L1/FE2110/SD59/Cab 2 
8:1-60,HFP-11,L1,F,F/L1/FE2110/SD60/Cab 1
8:1-61,HFP-11,L1,F,F/L1/FE2110/SD61/Entry Psg
8:1-62,HTRI-R,L1,F,F/L1/FE2110/CM62/Entry dr psg
8:1-63,HMS-S/D/M/SA,L1,F,F/L1/FE2110/MCP63/Entry dr psg
8:1-64,HFP-11,L1,F,F/L1/FE2090/SD64/Main cab
8:1-65,HFP-11,L1,F,F/L1/FE2090/SD65/Assorter cab
8:1-66,HFP-11,L1,F,F/L1/FE2090/SD66/Pantry Psg
8:1-67,HFP-11,L1,F,F/L1/FE2090/SD67/Psg nr MC
8:1-68,HTRI-R,L1,F,F/L1/FE2090/CM68/Entry dr Psg
8:1-69,HMS-S/D/M/SA,L1,F,F/L1/FE2090/MCP69/Entry dr Psg
8:1-70,HFP-11,L1,F,F/L1/FE1010/SD70/Main cab
8:1-71,HFP-11,L1,F,F/L1/FE1010/SD71/Assorter cab
8:1-72,HFP-11,L1,F,F/L1/FE1010/SD72/Entry dr Psg
8:1-73,HTRI-R,L1,F,F/L1/FE1010/CM73/Entry dr Psg
8:1-74,HMS-S/D/M/SA,L1,F,F/L1/FE1010/MCP74/Entry dr Psg
8:1-102,HTRI-S,L1,F,F/L1/CC/UB/MM102/ELEC ROOM
8:1-103,HTRI-R,L1,F,F/L1/EC/UB/CM103/FD COLUMN F717
8:1-106,HTRI-R,L1,F,F/L1/WC/UB/CM106/RAMP NO. 5
8:1-107,HMS-S/D/M/SA,L1,F,F/L1/WC/UB/MCP107/RAMP NO. 5
8:1-108,HTRI-R,L1,F,F/L1/WC/UB/CM108/RAMP NO 5
8:1-109,HMS-S/D/M/SA,L1,F,F/L1/WC/UB/MCP109/RAMP NO 5
8:1-110,HTRI-R,L1,F,F/L1/WC/UB/CM110/Near Ramp 6
8:1-111,HMS-S/D/M/SA,L1,F,F/L1/WC/UB/MCP111/Near Ramp 6
8:1-112,HTRI-S,L1,F,F/L1/WC/UB/MM112/ELEC ROOM
8:1-113,HTRI-R,L1,F,F/L1/CC/UB/CM113/ST COLUMN F694
8:1-114,HMS-S/D/M/SA,L1,F,F/L1/CC/UB/MCP114/ST COLUMN F694
8:1-115,HTRI-R,L1,F,F/L1/CC/UB/CM115/ST COLUMN F650
8:1-116,HMS-S/D/M/SA,L1,F,F/L1/CC/UB/MCP116/ST COLUMN F650
8:1-117,HTRI-R,L1,F,F/L1/EC/UB/CM117/ST COLUMN F714
8:1-118,HMS-S/D/M/SA,L1,F,F/L1/EC/UB/MCP118/ST COLUMN F714
8:1-119,HTRI-R,L1,F,F/L1/EC/UB/CM119/EMG EXIT 4
8:1-120,HMS-S/D/M/SA,L1,F,F/L1/EC/UB/MCP120/EMG EXIT 4
8:1-122,HTRI-R,L1,F,F/L1/EC/UB/CM122/AC PLANT DOOR
8:1-123,HMS-S/D/M/SA,L1,F,F/L1/EC/UB/MCP123/AC PLANT DOOR
8:1-124,HTRI-S,L1,F,F/L1/EC/UB/MM124/ELEC ROOM
8:1-125,HTRI-S,L1,F,F/L1/EC/UB/MM125/LIFT ROOM
8:1-126,HFP-11,L1,F,F/L1/CC/UB/SD126/ELEC ROOM
8:1-127,HFP-11,L1,F,F/L1/WC/UB/SD127/ELEC ROOM
8:1-132,HFP-11,L1,F,F/L1/EC/UB/SD132/ELEC ROOM
8:1-133,HFP-11,L1,F,F/L1/EC/UB/SD133/FE Change Rm
8:1-134,HFP-11,L1,F,F/L1/EC/UB/SD134/LIFT MC RM
8:1-135,HTRI-S,L1,F,F/L1/UB/MM135/Air N com offfice
8:1-136,HTRI-S,L1,F,F/L1/UB/MM136/vodafone office
8:1-137,HTRI-S,L1,F,F/L1/UB/MM137/Reliance office
8:1-138,HTRI-S,L1,F,F/L1/UB/MM138/QBC office
8:1-139,HTRI-S,L1,F,F/L1/UB/MM139/Hathway office
8:1-140,HTRI-S,L1,F,F/L1/UB/MM140/Airtel office
8:1-141,HTRI-S,L1,F,F/L1/UB/MM141/Tata power office
8:1-142,HFP-11,L1,F,F/L1/UB/SD142/UPS power room
8:1-143,HFP-11,L1,F,F/L1/UB/SD143/UPS power room
8:1-144,HFP-11,L1,F,F/L1/UB/SD144/Old DC near Ac pla
8:1-145,HFP-11,L1,F,F/L1/FE1010/SD145/Assorter Cabin
8:1-146,HFP-11,L1,F,F/L1/FE2100/SD146/PSG NR PANTR
8:2-1,HFP-11,L2,F,F/L2/CC/3F/SD1/ELECT RM SD
8:2-2,HMS-S/D/M/SA,L2,F,F/L2/CC/3F/MCP2/FIRE SHAFT L.L.
8:2-3,XTRI-R,L2,F,F/L2/CC/3F/CM3/FIRE SHAFT L.L.
8:2-4,HTRI-S,L2,F,F/L2/CC/3F/MM4/FIRE SHAFT L.L.
8:2-5,HFP-11,L2,F,F/L2/CC/3F/SD5/LIFT LOBBY SD
8:2-6,HFP-11,L2,F,F/L2/CC/3F/SD6/LIFT LOBBY SD
8:2-7,HTRI-R,L2,F,F/L2/CC/3F/CM7/AHU RM CM
8:2-8,HFP-11,L2,F,F/L2/CC/3F/SD8/AHU RM SD
8:2-9,HTRI-R,L2,F,F/L2/CC/3F/CM9/ELECT RM SD
8:2-10,HFP-11,L2,F,F/L2/CC/3F/SD10/CORR NR FC 3023
8:2-11,HFP-11,L2,F,F/L2/CC/3F/SD11/CORR NR FC 3023
8:2-12,HFP-11,L2,F,F/L2/CC/3F/SD12/CORR NR FC3/S04
8:2-13,HFP-11,L2,F,F/L2/CC/3F/SD13/CORR NR FC3/S04
8:2-14,HFP-11,L2,F,F/L2/CC/3F/SD14/CORR NR FC 3014
8:2-15,HFP-11,L2,F,F/L2/CC/3F/SD15/CORR NR FC 3014
8:2-18,HFP-11,L2,F,F/L2/EC/3F/SD18/ELECT RM SD
8:2-19,HTRI-R,L2,F,F/L2/EC/3F/CM19/AHU RM CM
8:2-20,HFP-11,L2,F,F/L2/EC/3F/SD20/AHU RM SD
8:2-21,HFP-11,L2,F,F/L2/EC/3F/SD21/LIFT LOBBY SD
8:2-22,HMS-S/D/M/SA,L2,F,F/L2/EC/3F/MCP22/FIRE SHAFT L.L.
8:2-23,HTRI-R,L2,F,F/L2/EC/3F/CM23/FIRE SHAFT L.L.
8:2-24,HTRI-S,L2,F,F/L2/EC/3F/MM24/FIRE SHAFT L.L.
8:2-26,HFP-11,L2,F,F/L2/CC/2F/SD26/CORR NR ELECT R.
8:2-27,HFP-11,L2,F,F/L2/CC/2F/SD27/CORR NR FW2/S08
8:2-28,HFP-11,L2,F,F/L2/CC/2F/SD28/CORR NR FW2/S22
8:2-29,HFP-11,L2,F,F/L2/CC/2F/SD29/CORR NR FW2/S22
8:2-30,HMS-S/D/M/SA,L2,F,F/L2/2F/MCP30/FIRE ESCAPE STR
8:2-31,HTRI-R,L2,F,F/L2/CC/2F/CM31/FIRE ESC STR
8:2-32,HFP-11,L2,F,F/L2/CC/2F/SD32/NR FIRE SHAFT
8:2-33,HFP-11,L2,F,F/L2/CC/2F/SD33/NR FIRE SHAFT
8:2-34,HFP-11,L2,F,F/L2/CC/2F/SD34/CORR NR FC 2090
8:2-35,HFP-11,L2,F,F/L2/CC/2F/SD35/CORR NR FC 2090
8:2-36,HFP-11,L2,F,F/L2/CC/2F/SD36/CORR NR 2110
8:2-37,HFP-11,L2,F,F/L2/CC/2F/SD37/CORR NR FC 2110
8:2-38,HFP-11,L2,F,F/L2/CC/2F/SD38/CORR NR E.R.
8:2-39,HTRI-R,L2,F,F/L2/CC/1F/CM39/DR RELESE C TO E
8:2-40,HFP-11,L2,F,F/L2/CC/2F/SD40/ELECT RM SD
8:2-41,HTRI-R,L2,F,F/L2/CC/2F/CM41/DR RELESE CM
8:2-42,HMS-S/D/M/SA,L2,F,F/L2/2F/MCP42/FIRE SHAFT L.L.
8:2-43,HTRI-R,L2,F,F/L2/CC/2F/CM43/FIRE SHAFT L.L.
8:2-44,HTRI-S,L2,F,F/L2/CC/2F/MM44/FIRE SHAFT L.L.
8:2-45,HFP-11,L2,F,F/L2/CC/2F/SD45/LIFT LOBBY SD
8:2-46,HFP-11,L2,F,F/L2/CC/2F/SD46/LIFT LOBBY SD
8:2-47,HTRI-R,L2,F,F/L2/CC/2F/CM47/AHU RM CM
8:2-48,HFP-11,L2,F,F/L2/CC/2F/SD48/AHU RM SD
8:2-50,HFP-11,L2,F,F/L2/CC/2F/SD50/CORR NR AHU
8:2-51,HFP-11,L2,F,F/L2/CC/2F/SD51/CORR NR FC 2130
8:2-52,HFP-11,L2,F,F/L2/CC/2F/SD52/CORR NR FC 2140
8:2-55,HFP-11,L2,F,F/L2/EC/2F/SD55/CORR NR FE 2070
8:2-56,HFP-11,L2,F,F/L2/EC/2F/SD56/CORR NR FE 2090
8:2-57,HFP-11,L2,F,F/L2/EC/2F/SD57/CORR NR FE 2100
8:2-58,HFP-11,L2,F,F/L2/EC/2F/SD58/CORR NR FE 2120
8:2-59,HFP-11,L2,F,F/L2/EC/2F/SD59/CORR NR FE 2020
8:2-60,HTRI-R,L2,F,F/L2/EC/2F/CM60/DR RELESE CM
8:2-61,HFP-11,L2,F,F/L2/EC/2F/SD61/ELECT RM SD
8:2-62,HTRI-R,L2,F,F/L2/EC/2F/CM62/AHU RM CM
8:2-63,HFP-11,L2,F,F/L2/EC/2F/SD63/AHU RM SD
8:2-64,HFP-11,L2,F,F/L2/EC/2F/SD64/LIFT LOBBY SD
8:2-65,HMS-S/D/M/SA,L2,F,F/L2/EC/2F/MCP65/FIRE SHAFT L.L.
8:2-66,HTRI-R,L2,F,F/L2/EC/2F/CM66/FIRE SHAFT L.L.
8:2-67,HTRI-S,L2,F,F/L2/EC/2F/MM67/FIRE SHAFT L.L.
8:2-68,HFP-11,L2,F,F/L2/CC/1F/SD68/ELECT RM SD
8:2-69,HFP-11,L2,F,F/L2/FC2100/SD69/main cab 1
8:2-70,HFP-11,L2,F,F/L2/FC2100/SD70/Assoter cab 1
8:2-71,HFP-11,L2,F,F/L2/FC2100/SD71/psg nr Assoter 
8:2-72,HFP-11,L2,F,F/L2/FC2100/SD72/Assorter cab 2
8:2-73,HFP-11,L2,F,F/L2/FC2100/SD73/main Cab2
8:2-74,HFP-11,L2,F,F/L2/FC2100/SD74/Account cab
8:2-75,HFPT-11,L2,F,F/L2/FC2100/HD75/Pantry
8:2-76,HTRI-R,L2,F,F/L2/FC2100/CM76/AFC Entry Psg
8:2-77,HMS-S/D/M/SA,L2,F,F/L2/FC2100/MCP77/Entry Psg
8:2-78,HFP-11,L2,F,F/L2/EC/1F/SD78/CORR NR FE1/S27
8:2-79,HFP-11,L2,F,F/L2/EC/1F/SD79/CORR NR FE 1052
8:2-80,HFP-11,L2,F,F/L2/EC/1F/SD80/CORR NR FE 1060
8:2-81,HFP-11,L2,F,F/L2/EC/1F/SD81/CORR NR FE1/S28
8:2-82,HFP-11,L2,F,F/L2/EC/1F/SD82/CORR NR FE1/S28
8:2-83,HFP-11,L2,F,F/L2/EC/1F/SD83/ELECT RM SD
8:2-84,HTRI-R,L2,F,F/L2/EC/1F/CM84/AHU RM CM
8:2-85,HFP-11,L2,F,F/L2/EC/1F/SD85/AHU RM SD
8:2-86,HFP-11,L2,F,F/L2/EC/1F/SD86/LIFT LOBBY SD
8:2-87,HMS-S/D/M/SA,L2,F,F/L2/1F/MCP87/FIRE SHAFT L.L.
8:2-88,HTRI-R,L2,F,F/L2/EC/1F/CM88/FIRE SHAFT L.L.
8:2-89,HTRI-S,L2,F,F/L2/EC/1F/MM89/FIRE SHAFT L.L.
8:2-90,HFP-11,FC3015,L2,L2/FC3015/SD90/MANAGER CAB
8:2-91,HFP-11,FC3015,L2,L2/FC3015/SD91/LUNCH RM
8:2-92,HFP-11,FC3015,L2,L2/FC3015/SD92/CHARULATA MD CAB
8:2-93,HFP-11,FC3015,L2,L2/FC3015/SD93/PSG NR ASSOTER CA
8:2-94,HFP-11,FC3015,L2,L2/FC3015/SD94/ASSOTER CAB
8:2-95,HFP-11,FC3015,L2,L2/FC3015/SD95/MAIN CAB 1
8:2-96,HFP-11,FC3015,L2,L2/FC3015/SD96/MAIN CAB2
8:2-97,HFP-11,FC3015,L2,L2/FC3015/SD97/RECEPTION
8:2-98,HFP-11,FC3015,L2,L2/FC3015/SD98/PANTRY
8:2-99,HMS-S/D/M/SA,FC3015,L2,L2/FC3015/MCP99/Entry dr psg
8:2-100,HTRI-S,L2,F,F/L2/EC/3F/MM100/FE3011
8:2-101,HMS-S/D/M/SA,FC3015,L2,L2/FC3015/MCP101/Entry dr psg
8:2-102,HTRI-S,L2,F,F/L2/EC/2F/MM102/FE2050
8:2-103,HTRI-S,L2,F,F/L2/EC/2F/MM103/FE2080
8:2-104,HTRI-R,F,L2,L2/F/FC3015/CM104/ENTRY DR AFC
8:2-105,HTRI-S,L2,F,F/L2/EC/2F/MM105/FE2040
8:2-107,HTRI-S,L2,F,F/L2/EC/2F/MM107/FE2030
8:2-109,HTRI-S,L2,F,F/L2/EC/2F/MM109/FE2120
8:2-110,HTRI-S,L2,F,F/L2/EC/2F/MM110/FE2020
8:2-114,HTRI-S,L2,F,F/L2/EC/1F/MM114/FE1030
8:2-115,HTRI-S,L2,F,F/L2/EC/1F/MM115/FE1020
8:2-117,HTRI-S,L2,F,F/L2/EC/1F/MM117/FE1050A
8:2-119,HTRI-S,L2,F,F/L2/EC/1F/MM119/FE1060
8:2-121,HTRI-S,L2,F,F/L2/EC/3F/MM121/FC3011A
8:2-123,HTRI-S,L2,F,F/L2/EC/3F/MM123/FC3013
8:2-125,HTRI-S,L2,F,F/L2/CC/3F/MM125/FC3040
8:2-126,HTRI-S,L2,F,F/L2/CC/3F/MM126/FC3023
8:2-127,HTRI-S,L2,F,F/L2/CC/3F/MM127/FC3011
8:2-129,HTRI-S,L2,F,F/L2/CC/2F/MM129/FC2140
8:2-130,HTRI-S,L2,F,F/L2/CC/2F/MM130/FC2130
8:2-133,HTRI-S,L2,F,F/L2/CC/2F/MM133/FC2120
8:2-134,HTRI-S,L2,F,F/L2/CC/2F/MM134/FC2110
8:2-135,HTRI-S,L2,F,F/L2/CC/2F/MM135/FC2021
8:2-138,HTRI-S,L2,F,F/L2/CC/2F/MM138/FC2022
8:2-139,HTRI-S,L2,F,F/L2/CC/2F/MM139/FC2090
8:2-140,HTRI-S,L2,F,F/L2/CC/2F/MM140/FC2030
8:2-141,HTRI-S,L2,F,F/L2/CC/2F/MM141/FC2080
8:2-142,HTRI-S,L2,F,F/L2/CC/2F/MM142/FC2040
8:2-143,HTRI-S,L2,F,F/L2/CC/2F/MM143/FC2050
8:2-146,HTRI-S,L2,F,F/L2/CC/1F/MM146/FC1010
8:2-147,HFP-11,L2,F,F/L2/FE1051/SD147/Pantry
8:2-148,HFP-11,L2,F,F/L2/FE1051/SD148/AFC pantry
8:2-149,HFP-11,L2,F,F/L2/FE1051/SD149/AFC Accounts c
8:2-150,HFP-11,L2,F,F/L2/FE1051/SD150/Account cab
8:2-151,HFP-11,L2,F,F/L2/FE1051/SD151/Psg nr Banking
8:2-152,HFP-11,L2,F,F/L2/FE1051/SD152/Banking cab
8:2-153,HFP-11,L2,F,F/L2/FE1051/SD153/Assorter cab1
8:2-154,HFP-11,L2,F,F/L2/FE1051/SD154/AFC main cab1
8:2-155,HFP-11,L2,F,F/L2/FE1051/SD155/Main cab1
8:2-156,HFP-11,L2,F,F/L2/FE1051/SD156/AFC Main cab2
8:2-157,HFP-11,L2,F,F/L2/FE1051/SD157/Main cab2
8:2-158,HFP-11,L2,F,F/L2/FE1051/SD158/Main cab3
8:2-159,HFP-11,L2,F,F/L2/FE1051/SD159/AFC assorter c
8:2-160,HFP-11,L2,F,F/L2/FE1051/SD160/Assorter cab2
8:2-161,HFP-11,L2,F,F/L2/FE1051/SD161/Entry dr psg
8:2-162,HTRI-R,L2,F,F/L2/FE1051/CM162/Entry dr psg
8:2-163,HMS-S/D/M/SA,L2,F,F/L2/FE1051/MCP163/Entry dr psg
8:2-164,HFP-11,L2,F,F/L2/FE1052/SD164/Main cab
8:2-165,HFP-11,L2,F,F/L2/FE1052/SD165/Sales cab
8:2-166,HFP-11,L2,F,F/L2/FE1052/SD166/Account cab
8:2-167,HFP-11,L2,F,F/L2/FE1052/SD167/Pantry
8:2-168,HFP-11,L2,F,F/L2/FE1052/SD168/AFC sales cab
8:2-169,HFP-11,L2,F,F/L2/FE1052/SD169/AFC Accounts c
8:2-170,HTRI-R,L2,F,F/L2/FE1052/CM170/Pantry
8:2-171,HMS-S/D/M/SA,L2,F,F/L2/FE1052/MCP171/Entry dr Psg
8:2-172,HFP-11,L2,F,F/L2/FE1052/SD172/Psg nr Main ca
8:2-173,HFP-11,L2,F,F/L2/FC2021/SD173/Main cab
8:2-174,HFP-11,L2,F,F/L2/FC2021/SD174/Entry Psg
8:2-175,HFP-11,L2,F,F/L2/FC2021/SD175/Assorter cab
8:2-176,HTRI-R,L2,F,F/L2/FC2021/CM176/AFC Entry dr
8:2-177,HMS-S/D/M/SA,L2,F,F/L2/FC2021/MCP177/Entry dr
8:2-199,HFP-11,L2,F,F/L2/FC2011/SD199/Main Cabin1
8:2-200,HFP-11,L2,F,F/L2/FC2011/SD200/Main Cabin2
8:2-201,HFP-11,L2,F,F/L2/FC2011/SD201/Account Cab 1
8:2-202,HFP-11,L2,F,F/L2/FC2011/SD202/Account Cab 2
8:2-203,HFP-11,L2,F,F/L2/FC2011/SD203/Pantry Psg
8:2-204,HFP-11,L2,F,F/L2/FC2011/SD204/Reception  Psg
8:2-205,HTRI-R,L2,F,F/L2/FC2011/CM205/Entry dr Psg
8:2-205,HTRI-R,L2,F,F/L2/FC2011/CM205/Entry dr Psg
8:2-206,HMS-S/D/M/SA,L2,F,F/L2/FC2011/MCP206/Entry dr Psg
8:2-213,HFP-11,L2,F,F/L2/FC2150/SD213/Main Cabin
8:2-214,HFP-11,L2,F,F/L2/FC2150/SD214/Assorting Cabi
8:2-215,HFP-11,L2,F,F/L2/FC2150/SD215/Account Cabin
8:2-216,HFP-11,L2,F,F/L2/FC2150/SD216/Account Cabin1
8:2-217,HFP-11,L2,F,F/L2/FC2150/SD217/Pantry
8:2-218,HTRI-R,L2,F,F/L2/FC2150/CM218/Entry dr Psg
8:2-219,HMS-S/D/M/SA,L2,F,F/L2/FC2150/MCP219/Entry dr Psg
8:2-220,HFP-11,L2,F,F/L2/FC3030/SD220/Main Cabin1
8:2-221,HFP-11,L2,F,F/L2/FC3030/SD221/Main Cabin2
8:2-222,HFP-11,L2,F,F/L2/FC3030/SD222/Assorter cab
8:2-223,HFP-11,L2,F,F/L2/FC3030/SD223/Psg nr Assorte
8:2-224,HFP-11,L2,F,F/L2/FC3030/SD224/Pantry
8:2-225,HTRI-R,L2,F,F/L2/FC3030/CM225/Entry dr Psg
8:2-226,HMS-S/D/M/SA,L2,F,F/L2/FC3030/MCP226/Entry dr Psg
8:2-227,HFP-11,L2,F,F/L2/FC2160/SD227/Accounts cab
8:2-228,HFP-11,L2,F,F/L2/FC2160/SD228/Assorter cab1
8:2-229,HFP-11,L2,F,F/L2/FC2160/SD229/Assorter cab2
8:2-230,HFP-11,L2,F,F/L2/FC2160/SD230/Main cab
8:2-231,HFPT-11,L2,F,F/L2/FC2160/HD231/Pantry
8:2-232,HFP-11,L2,F,F/L2/FC2160/SD232/Lunch rm
8:2-233,HFP-11,L2,F,F/L2/FC2160/SD233/Entry Psg
8:2-234,HTRI-R,L2,F,F/L2/FC2160/CM234/Entry Psg
8:2-235,HMS-S/D/M/SA,L2,F,F/L2/FC2160/MCP235/Entry Psg
8:2-236,HFP-11,L2,F,F/L2/FC2060/SD236/Pantry
8:2-237,HFP-11,L2,F,F/L2/FC2060/SD237/Accounts cab
8:2-238,HFP-11,L2,F,F/L2/FC2060/SD238/Accounts cab
8:2-239,FDOT421,L2,F,F/L2/FC2060/SD239/Assorter cab
8:2-240,HFP-11,L2,F,F/L2/FC2060/SD240/Main cab
8:2-241,HFP-11,L2,F,F/L2/FC2060/SD241/Main cab
8:2-242,HFP-11,L2,F,F/L2/FC2060/SD242/Main cab
8:2-243,HFP-11,L2,F,F/L2/FC2060/SD243/Psg nr Assorte
8:2-244,HFP-11,L2,F,F/L2/FC2060/SD244/Entry dr Psg
8:2-245,HTRI-R,L2,F,F/L2/FC2060/CM245/Entry dr Psg
8:2-246,HMS-S/D/M/SA,L2,F,F/L2/FC2060/MCP246/Entry dr Psg
8:2-247,HFP-11,L2,F,F/L2/FC2160/SD247/ACCOUNT CAB
8:2-248,HFP-11,L2,F,F/L2/FC2160/SD248/PSG NR ACC CAB
8:3-1,HFP-11,L3,F,F/L3/WC/2F/SD1/CORR NR FW2/S12
8:3-2,HFP-11,L3,F,F/L3/WC/2F/SD2/CORR NR FW2/S12
8:3-3,HMS-S/D/M/SA,L3,F,F/L3/WC/2F/MCP3/FIRE ESC STR
8:3-4,HTRI-R,L3,F,F/L3/WC/2F/CM4/FIRE ESC STR
8:3-5,HFP-11,L3,F,F/L3/WC/2F/SD5/CORR NR FW 2110
8:3-6,HFP-11,L3,F,F/L3/WC/2F/SD6/CORR NR FW 2110
8:3-7,HFP-11,L3,F,F/L3/WC/2F/SD7/AHU RM
8:3-8,HTRI-R,L3,F,F/L3/WC/2F/CM8/AHU RM
8:3-9,HFP-11,L3,F,F/L3/WC/2F/SD9/ CORR EW 2130
8:3-10,HFP-11,L3,F,F/L3/WC/2F/SD10/ CORR EW 2120
8:3-11,HTRI-R,L3,F,F/L3/WC/2F/CM11/DR RELESE CM
8:3-12,HTRI-R,L3,F,F/L3/WC/2F/CM12/FIRE ESC STR
8:3-13,HTRI-S,L3,F,F/L3/WC/2F/MM13/L.L FIRE SHAFT
8:3-14,HMS-S/D/M/SA,L3,F,F/L3/WC/2F/MCP14/LIFT LOBBY MCP
8:3-15,HFP-11,L3,F,F/L3/WC/2F/SD15/LIFT LOBBY SD
8:3-16,HFP-11,L3,F,F/L3/WC/2F/SD16/LIFT LOBBY SD
8:3-17,HTRI-R,L3,F,F/L3/WC/2F/CM17/DR RELESE CM
8:3-18,HFP-11,L3,F,F/L3/WC/2F/SD18/ELECT RM SD
8:3-19,HTRI-R,L3,F,F/L3/WC/2F/CM19/DR RELESE CM
8:3-20,HFP-11,L3,F,F/L3/WC/2F/SD20/CORR NR FW 2020
8:3-21,HFP-11,L3,F,F/L3/WC/2F/SD21/CORR NR FW 2131
8:3-22,HFP-11,L3,F,F/L3/WC/2F/SD22/CORR NR FW 2040
8:3-23,HFP-11,L3,F,F/L3/WC/2F/SD23/CORR NR FW 2040
8:3-24,HFP-11,L3,F,F/L3/WC/2F/SD24/ABC CORR NR 2160
8:3-25,HFP-11,L3,F,F/L3/WC/2F/SD25/CORR NR FW2/S17
8:3-26,HFP-11,L3,F,F/L3/WC/2F/SD26/CORR FW 2090
8:3-27,HFP-11,L3,F,F/L3/WC/2F/SD27/CORR FW 2090
8:3-28,HMS-S/D/M/SA,L3,F,F/L3/WC/2F/MCP28/FIRE ESC STR
8:3-29,HTRI-R,L3,F,F/L3/WC/2F/CM29/FIRE ESC STR
8:3-30,HFP-11,L3,F,F/L3/WC/2F/SD30/CORR FW 2140 AFC
8:3-31,HFP-11,L3,F,F/L3/WC/1F/SD31/CORR NR FW 1050
8:3-32,HFP-11,L3,F,F/L3/WC/1F/SD32/CORR NR FW/S10
8:3-33,XTRI-R,L3,F,F/L3/WC/1F/CM33/FIRE STR
8:3-34,HTRI-S,L3,F,F/L3/WC/1F/MM34/FIRE ESC STR
8:3-35,HMS-S/D/M/SA,L3,F,F/L3/WC/1F/MCP35/LIFT LOBBY MCP
8:3-36,HFP-11,L3,F,F/L3/WC/1F/SD36/LIFT LOBBY SD
8:3-37,HFP-11,L3,F,F/L3/WC/1F/SD37/LIFT LOBBY SD
8:3-38,HTRI-R,L3,F,F/L3/WC/1F/CM38/DR RELESE CM 
8:3-39,HFP-11,L3,F,F/L3/WC/1F/SD39/ELECT RM CM
8:3-40,HFP-11,L3,F,F/L3/WC/1F/SD40/CORR NR E.R.
8:3-41,HFP-11,L3,F,F/L3/WC/1F/SD41/CORR NR FW1/S08
8:3-42,HFP-11,L3,F,F/L3/WC/1F/SD42/CORR NR FW 1010
8:3-43,HFP-11,L3,F,F/L3/WC/1F/SD43/CORR NR FW 1011
8:3-44,HMS-S/D/M/SA,L3,F,F/L3/WC/1F/MCP44/FIRE ESC STR
8:3-45,HTRI-R,L3,F,F/L3/WC/1F/CM45/FIRE ESC STR
8:3-46,HFP-11,L3,F,F/L3/WC/1F/SD46/CORR NR FW_S07A
8:3-47,HFP-11,L3,F,F/L3/WC/1F/SD47/CORR NR FW_S07A
8:3-48,HTRI-R,L3,F,F/L3/WC/1F/CM48/DR RELESE CM
8:3-49,HFP-11,L3,F,F/L3/WC/1F/SD49/CORR NR FW 1011
8:3-50,HFP-11,L3,F,F/L3/WC/1F/SD50/CORR NR FW 1011
8:3-51,HFP-11,L3,F,F/L3/WC/1F/SD51/CORR NR FW 1100
8:3-52,HFP-11,L3,F,F/L3/WC/1F/SD52/CORR NR FW 1160
8:3-53,HFP-11,L3,F,F/L3/WC/1F/SD53/CORR NR FW 1160
8:3-54,HFP-11,L3,F,F/L3/WC/1F/SD54/AHU RM SD
8:3-55,HTRI-R,L3,F,F/L3/WC/1F/CM55/AHU RM CM
8:3-56,HTRI-S,L3,F,F/L3/WC/1F/MM56/FW1030A
8:3-57,HTRI-S,L3,F,F/L3/WC/2F/MM57/FC2071/72
8:3-58,HTRI-S,L3,F,F/L3/WC/1F/MM58/FW1150
8:3-65,HTRI-S,L3,F,F/L3/WC/2F/MM65/FW2110
8:3-66,HTRI-S,L3,F,F/L3/WC/2F/MM66/FW2140
8:3-67,HTRI-S,L3,F,F/L3/WC/2F/MM67/FW2100
8:3-68,HTRI-S,L3,F,F/L3/WC/2F/MM68/FW2090
8:3-69,HTRI-S,L3,F,F/L3/WC/2F/MM69/FW2150
8:3-71,HTRI-S,L3,F,F/L3/WC/2F/MM71/FW2070
8:3-75,HTRI-S,L3,F,F/L3/WC/2F/MM75/FW 2050
8:3-77,HTRI-S,L3,F,F/L3/WC/2F/MM77/FW 2032
8:3-80,HTRI-S,L3,F,F/L3/WC/2F/MM80/FW2010 
8:3-81,HTRI-S,L3,F,F/L3/WC/2F/MM81/FW2120 
8:3-83,HTRI-S,L3,F,F/L3/WC/2F/MM83/EW2140
8:3-84,HTRI-S,L3,F,F/L3/WC/2F/MM84/FW2110 
8:3-85,HTRI-S,L3,F,F/L3/WC/2F/MM85/EW2150
8:3-87,HTRI-S,L3,F,F/L3/WC/2F/MM87/EW2090
8:3-90,HTRI-S,L3,F,F/L3/WC/1F/MM90/FW1060
8:3-92,HTRI-S,L3,F,F/L3/WC/1F/MM92/FW1040
8:3-94,HTRI-S,L3,F,F/L3/WC/1F/MM94/FW1020
8:3-96,HTRI-S,L3,F,F/L3/WC/1F/MM96/FW1012
8:3-97,HTRI-S,L3,F,F/L3/WC/1F/MM97/FW1030
8:3-98,HTRI-S,L3,F,F/L3/WC/1F/MM98/FW1011
8:3-99,HTRI-S,L3,F,F/L3/WC/1F/MM99/FW1070
8:3-100,HTRI-S,L3,F,F/L3/WC/1F/MM100/FW1080
8:3-105,HTRI-S,L3,F,F/L3/WC/1F/MM105/FW1120
8:3-106,HTRI-S,L3,F,F/L3/WC/1F/MM106/FW1170
8:3-107,HTRI-S,L3,F,F/L3/WC/1F/MM107/FW1160
8:3-109,HTRI-S,L3,F,F/L3/F/WC/1F/MM109/FW1140
8:3-110,HFP-11,L3,F,F/L3/FW2031/SD110/Main cab
8:3-111,HFP-11,L3,F,F/L3/FW2031/SD111/Assorter cab
8:3-112,HFP-11,L3,F,F/L3/FW2031/SD112/Reception Psg
8:3-113,HFP-11,L3,F,F/L3/FW2031/SD113/Entry Psg
8:3-114,HTRI-R,L3,F,F/L3/FW2031/CM114/Entry Psg
8:3-115,HMS-S/D/M/SA,L3,F,F/L3/FW2031/MCP115/Entry Psg
8:3-116,HFP-11,L3,F,F/L3/FW2020/SD116/Main cab
8:3-117,HFP-11,L3,F,F/L3/FW2020/SD117/Assorter cab
8:3-118,HFP-11,L3,F,F/L3/FW2020/SD118/Psg nr Assorte
8:3-119,HFP-11,L3,F,F/L3/FW2020/SD119/Entry dr Psg
8:3-120,HTRI-R,L3,F,F/L3/FW2020/CM120/Entry dr Psg
8:3-121,HMS-S/D/M/SA,L3,F,F/L3/FW2020/MCP121/Entry dr Psg
8:3-122,HFP-11,L3,F,F/L3/FW2040/SD122/Main cab
8:3-123,HFP-11,L3,F,F/L3/FW2040/SD123/Assorter cab1
8:3-124,HFP-11,L3,F,F/L3/FW2040/SD124/Assorter cab2
8:3-125,HFP-11,L3,F,F/L3/FW2040/SD125/Psg nr Ass cab
8:3-126,HFP-11,L3,F,F/L3/FW2040/SD126/Pantry
8:3-127,HTRI-R,L3,F,F/L3/FW2040/CM127/Entry dr Psg
8:3-128,HMS-S/D/M/SA,L3,F,F/L3/FW2040/MCP128/Entry dr Psg
8:3-129,HFP-11,L3,F,F/L3/FW2080/SD129/Main cab
8:3-130,HFP-11,L3,F,F/L3/FW2080/SD130/Account cab
8:3-131,HFP-11,L3,F,F/L3/FW2080/SD131/Entry dr Psg
8:3-132,HFP-11,L3,F,F/L3/FW2080/SD132/Pantry
8:3-133,HTRI-R,L3,F,F/L3/FW2080/CM133/Entry dr Psg
8:3-134,HMS-S/D/M/SA,L3,F,F/L3/FW2080/MCP134/Entry dr Psg
8:3-135,HFP-11,L3,F,F/L3/FW1090/SD135/Main cab
8:3-136,HFP-11,L3,F,F/L3/FW1090/SD136/Assorter cab1
8:3-137,HFP-11,L3,F,F/L3/FW1090/SD137/Assorter cab2
8:3-138,HFP-11,L3,F,F/L3/FW1090/SD138/Psg nr Assorte
8:3-139,HFP-11,L3,F,F/L3/FW1090/SD139/Entry dr Psg
8:3-140,HTRI-R,L3,F,F/L3/FW1090/CM140/Entry dr Psg
8:3-141,HMS-S/D/M/SA,L3,F,F/L3/FW1090/MCP141/Entry dr Psg
8:3-142,HFP-11,L3,F,F/L3/FW1050/SD142/Main cab
8:3-143,HFP-11,L3,F,F/L3/FW1050/SD143/Main cab
8:3-144,HFPT-11,L3,F,F/L3/FW1050/HD144/pantry
8:3-145,HTRI-R,L3,F,F/L3/FW1050/CM145/Entry dr Psg
8:3-146,HMS-S/D/M/SA,L3,F,F/L3/FW1050/MCP146/Entry dr Psg 
8:3-147,HFP-11,L3,F,F/L3/FW1100/SD147/Main cab 1
8:3-148,HFP-11,L3,F,F/L3/FW1100/SD148/Assorter cab
8:3-149,HFP-11,L3,F,F/L3/FW1100/SD149/Pantry
8:3-150,HTRI-R,L3,F,F/L3/FW1100/CM150/Entry dr Psg
8:3-151,HMS-S/D/M/SA,L3,F,F/L3/FW1100/MCP151/Entry dr Psg
8:3-152,HFP-11,L3,F,F/L3/FW1013/SD152/Assorter cab
8:3-153,HFP-11,L3,F,F/L3/FW1013/SD153/Cab C
8:3-154,HFP-11,L3,F,F/L3/FW1013/SD154/Cab A
8:3-155,HFP-11,L3,F,F/L3/FW1013/SD155/Cab B
8:3-156,HFP-11,L3,F,F/L3/FW1013/SD156/Pantry Psg
8:3-157,HTRI-R,L3,F,F/L3/FW1013/CM157/Entry Psg
8:3-158,HMS-S/D/M/SA,L3,F,F/L3/FW1013/MCP158/Entry Psg
8:3-159,HFP-11,L3,F,F/L3/FW2160/SD159/Main cab
8:3-160,HFP-11,L3,F,F/L3/FW2160/SD160/Main cab
8:3-161,HFP-11,L3,F,F/L3/FW2160/SD161/Entry dr Psg
8:3-162,HTRI-R,L3,F,F/L3/FW2160/CM162/Entry dr Psg
8:3-163,HMS-S/D/M/SA,L3,F,F/L3/FW2160/MCP163/Entry dr Psg
8:3-164,HFP-11,L3,F,F/L3/FW1130/SD164/Main cab
8:3-165,HFP-11,L3,F,F/L3/FW1130/SD165/Assorter cab
8:3-166,HFP-11,L3,F,F/L3/FW1130/SD166/Entry Psg
8:3-167,HFP-11,L3,F,F/L3/FW1130/SD167/Pantry
8:3-168,HTRI-R,L3,F,F/L3/FW1130/CM168/Entry Psg
8:3-169,HMS-S/D/M/SA,L3,F,F/L3/FW1130/MCP169/Entry Psg
8:3-170,HFP-11,L3,F,F/L3/FW1170/SD170/Main cab
8:3-171,HFP-11,L3,F,F/L3/FW1170/SD171/Assorter cab
8:3-172,HFP-11,L3,F,F/L3/FW1170/SD172/Entry dr psg
8:3-173,HTRI-R,L3,F,F/L3/FW1170/CM173/Entry dr psg
8:3-174,HMS-S/D/M/SA,L3,F,F/L3/FW1170/MCP174/Entry dr psg
8:3-175,HFP-11,L3,F,F/L3/FW1110/SD175/Psg nr Assorte
8:3-176,HFP-11,L3,F,F/L3/FW1110/SD176/Main cab
8:3-178,HFP-11,L3,F,F/L3/FW1110/SD178/Account cab
8:3-179,HFP-11,L3,F,F/L3/FW1110/SD179/Pantry
8:3-180,HTRI-R,L3,F,F/L3/FW1110/CM180/AFC Pantry
8:3-181,HMS-S/D/M/SA,L3,F,F/L3/FW1110/MCP181/Entry psg
8:3-182,FDOT421,L3,F,F/L3/FW2031/SD182/Entry Psg
8:3-201,HFP-11,L3,F,F/L3/EW2160/SD201/Main cab
8:3-202,HFP-11,L3,F,F/L3/EW2160/SD202/Main cab
8:3-203,HFP-11,L3,F,F/L3/EW2160/SD203/Pantry
8:3-204,HTRI-R,L3,F,F/L3/EW2160/CM204/Entry dr Psg
8:3-205,HMS-S/D/M/SA,L3,F,F/L3/EW2160/MCP205/Entry dr Psg
8:3-206,HFP-11,L3,F,F/L3/EW2100/SD206/Main cab
8:3-207,HFP-11,L3,F,F/L3/EW2100/SD207/Cab 1
8:3-208,HFP-11,L3,F,F/L3/EW2100/SD208/Cab 2
8:3-209,HFP-11,L3,F,F/L3/EW2100/SD209/Psg nr cab 2
8:3-210,HTRI-R,L3,F,F/L3/EW2100/CM210/Entry dr psg
8:3-211,HMS-S/D/M/SA,L3,F,F/L3/EW2100/MCP211/Entry dr psg
8:3-212,HFP-11,L3,F,F/L3/EW2130/SD212/Main cab
8:3-213,HFP-11,L3,F,F/L3/EW2130/SD213/Assorter cab
8:3-214,HFP-11,L3,F,F/L3/EW2130/SD214/Entry dr psg
8:3-215,HTRI-R,L3,F,F/L3/EW2130/CM215/Entry dr psg
8:3-216,HMS-S/D/M/SA,L3,F,F/L3/EW2130/MCP216/Entry dr psg
8:3-217,HFP-11,L3,F,F/L3/FW2160/SD217/pantry Psg
8:4-1,HTRI-R,L4,F,F/L4/CC/5F/CM1/DR RELEASE
8:4-2,HFP-11,L4,F,F/L4/CC/5F/SD2/FC_S08 Shaft
8:4-3,FDOT421,L4,F,F/L4/CC/5F/SD3/FC5/S08 Shaft 
8:4-4,FDOT421,L4,F,F/L4/CC/5F/SD4/FC 5021
8:4-5,HFP-11,L4,F,F/L4/CC/5F/SD5/FC 5021.
8:4-6,HMS-S/D/M/SA,L4,F,F/L4/CC/5F/MCP 6/FIRE ESC STR.
8:4-7,HTRI-R,L4,F,F/L4/CC/5F/CM7/FIRE SHAFT L.L.
8:4-8,HFP-11,L4,F,F/L4/CC/5F/SD8/FC 5041
8:4-9,HFP-11,L4,F,F/L4/CC/5F/SD9/FC 5041
8:4-10,FDOT421,L4,F,F/L4/CC/5F/SD10/FC5/S07
8:4-11,HFP-11,L4,F,F/L4/CC/5F/SD11/FC 5011
8:4-12,HFP-11,L4,F,F/L4/CC/5F/SD12/FC 5011.
8:4-13,FDOT421,L4,F,F/L4/CC/5F/SD13/CORR NR ELE RM
8:4-14,HFP-11,L4,F,F/L4/CC/5F/SD14/ELEC RM.
8:4-15,HTRI-R,L4,F,F/L4/CC/5F/CM15/DR RELEASE
8:4-16,HMS-S/D/M/SA,L4,F,F/L4/CC/5F/MCP 16/FIRE SHAFT LL.
8:4-17,HTRI-R,L4,F,F/L4/CC/5F/CM17/FIRE SHAFT L.L.
8:4-17,HTRI-R,L4,F,F/L4/CC/5F/CM17/FIRE SHAFT L.L.
8:4-18,HTRI-S,L4,F,F/L4/CC/5F/MM 18/FIRE SHAFT
8:4-19,HTRI-R,L4,F,F/L4/CC/5F/CM19/AHU RM
8:4-20,HFP-11,L4,F,F/L4/CC/5F/SD20/AHU RM
8:4-21,FDOT421,L4,F,F/L4/CC/5F/SD21/LIFT Lobby
8:4-22,FDOT421,L4,F,F/L4/CC/5F/SD22/LIFT Lobby
8:4-23,HFP-11,L4,F,F/L4/FC3011/12/SD23/Main Ent Psg
8:4-24,HFP-11,L4,F,F/L4/FC3011/12/SD24/Psg.nr Cab 6
8:4-25,HFP-11,L4,F,F/L4/EC/5F/SD25/ELECTRIC RM.
8:4-26,HTRI-R,L4,F,F/L4/EC/5F/CM26/AHU RM
8:4-27,HFP-11,L4,F,F/L4/EC/5F/SD27/AHU RM
8:4-28,HFP-11,L4,F,F/L4/EC/5F/SD28/LIFT LOBBY
8:4-29,HMS-S/D/M/SA,L4,F,F/L4/EC/5F/MCP29/FIRE SHAFT
8:4-30,HTRI-R,L4,F,F/L4/EC/5F/CM30/FIRE SHAFT L.L.
8:4-31,HTRI-S,L4,F,F/L4/EC/5F/MM 31/FIRE SHAFT
8:4-32,HFP-11,L4,F,F/L4/FC3011/12/SD32/Psg.nr Cab 7
8:4-33,HFP-11,L4,F,F/L4/CC/4F/SD33/CORR NR E.R.
8:4-34,HFP-11,L4,F,F/L4/CC/4F/SD34/CORR NR FC 4030
8:4-35,HFP-11,L4,F,F/L4/CC/4F/SD35/CORR NR FC 4030
8:4-36,HFP-11,L4,F,F/L4/CC/4F/SD36/CORR NR FC 4042
8:4-37,HMS-S/D/M/SA,L4,F,F/L4/CC/4F/MCP37/FIRE ESC STR 
8:4-38,HTRI-R,L4,F,F/L4/CC/4F/CM38/FIRE ESC STR 
8:4-39,FDOT421,L4,F,F/L4/CC/4F/SD39/CORR NR FC 4020
8:4-40,HFP-11,L4,F,F/L4/CC/4F/SD40/CORR NR FC 4020
8:4-41,HFP-11,L4,F,F/L4/CC/4F/SD41/CORR NR FC 4010
8:4-42,HFP-11,L4,F,F/L4/CC/4F/SD42/CORR NR FC 4010
8:4-43,HFP-11,L4,F,F/L4/CC/4F/SD43/CORR NR FC 4050
8:4-44,HFP-11,L4,F,F/L4/CC/4F/SD44/ CORR NR E.R.
8:4-45,HFP-11,L4,F,F/L4/CC/4F/SD45/ELECT RM SD
8:4-46,HTRI-R,L4,F,F/L4/CC/4F/CM46/DR RELESE CM
8:4-47,HMS-S/D/M/SA,L4,F,F/L4/CC/4F/MCP47/FIRE SHAFT L.L.
8:4-48,XTRI-R,L4,F,F/L4/CC/4F/CM48/FIRE SHAFT L.L.
8:4-49,HTRI-S,L4,F,F/L4/CC/4F/MM49/FIRE SHAFT L.L.
8:4-50,HFP-11,L4,F,F/L4/CC/4F/SD50/LIFT LOBBY SD
8:4-51,FDOT421,L4,F,F/L4/CC/4F/SD51/LIFT LOBBY SD
8:4-52,HTRI-R,L4,F,F/L4/CC/4F/CM52/AHU RM CM
8:4-53,HFP-11,L4,F,F/L4/CC/4F/SD53/AHU RM SD
8:4-54,HTRI-R,L4,F,F/L4/CC/4F/CM54/DR RELESE CM
8:4-55,HFP-11,L4,F,F/L4/CC/4F/SD55/CORR NR FC 4120
8:4-56,HFP-11,L4,F,F/L4/CC/4F/SD56/CORR NR FC 4110
8:4-57,HFP-11,L4,F,F/L4/CC/4F/SD57/CORR NR FC 4100
8:4-58,HFP-11,L4,F,F/L4/CC/4F/SD58/CORR NR FC 4100
8:4-59,HFP-11,L4,F,F/L4/CC/4F/SD59/CORR NR FC 4090
8:4-60,HFP-11,L4,F,F/L4/CC/4F/SD60/ CORR NR FC 4090
8:4-61,HFP-11,L4,F,F/L4/CC/4F/SD61/ CORR NR FC 4080
8:4-62,HFP-11,L4,F,F/L4/CC/4F/SD62/CORR NR FC 4080
8:4-63,HMS-S/D/M/SA,L4,F,F/L4/EC/4F/MCP63/FIRE ESC STR 
8:4-64,HTRI-R,L4,F,F/L4/EC/4F/CM64/FIRE ESC STR 
8:4-65,HFP-11,L4,F,F/L4/EC/4F/SD65/ELECT RM SD
8:4-66,HTRI-R,L4,F,F/L4/EC/4F/CM66/AHU RM SD
8:4-67,HFP-11,L4,F,F/L4/EC/4F/SD67/AHU RM CM
8:4-68,HFP-11,L4,F,F/L4/EC/4F/SD68/LIFT LOBBY SD
8:4-69,HMS-S/D/M/SA,L4,F,F/L4/EC/4F/MCP69/FIRE SHAFT L.L.
8:4-70,HTRI-R,L4,F,F/L4/EC/4F/CM70/FIRE SHAFT L.L.
8:4-71,HTRI-S,L4,F,F/L4/EC/4F/MM71/FIRE SHAFT L.L.
8:4-72,HFP-11,L4,F,F/L4/FC4100/SD72/accont cab
8:4-73,HFP-11,L4,F,F/L4/FC3011/12/SD73/PsgNrCab10
8:4-74,HFP-11,L4,F,F/L4/FC5012/SD74/RECEPTION
8:4-75,HFP-11,L4,F,F/L4/FC5012/SD75/STRONG RM
8:4-76,HFP-11,L4,F,F/L4/FC5012/SD76/ABHISHEK Cabin
8:4-77,HFP-11,L4,F,F/L4/FC3011/12/SD77/Conf. RM
8:4-78,HFP-11,L4,F,F/L4/FC3011/12/SD78/Cab NR Cab 1
8:4-79,HFP-11,L4,F,F/L4/FC3011/12/SD79/Server nr Ca
8:4-80,HFP-11,L4,F,F/L4/FC3011/12/SD80/Psg nr Vijay
8:4-81,HFP-11,L4,F,F/L4/FC3011/12/SD81/Store nr Con
8:4-82,HTRI-S,L4,F,F/L4/CC/5F/MM82/FC5043
8:4-83,HTRI-S,L4,F,F/L4/CC/5F/MM83/FC5042
8:4-84,HTRI-S,L4,F,F/L4/CC/5F/MM84/FC5011
8:4-85,HTRI-S,L4,F,F/L4/CC/5F/MM 85/FC 5041
8:4-86,HTRI-S,L4,F,F/L4/CC/5F/MM86/FC5022
8:4-87,HTRI-S,L4,F,F/L4/CC/5F/MM87/FC5021
8:4-88,HTRI-S,L4,F,F/L4/CC/5F/MM88/FC5030
8:4-89,HTRI-S,L4,F,F/L4/CC/4F/MM89/FC4030
8:4-90,HTRI-S,L4,F,F/L4/CC/4F/MM90/FC4041
8:4-91,HTRI-S,L4,F,F/L4/CC/4F/MM91/FC 4041
8:4-92,HTRI-S,L4,F,F/L4/CC/4F/MM92/FC4042
8:4-93,HTRI-S,L4,F,F/L4/CC/4F/MM93/FC 4020
8:4-94,HTRI-S,L4,F,F/L4/CC/4F/MM94/FW4/S22
8:4-95,HFP-11,L4,F,F/L4/FC3011/12/SD95/Cupboard 1 -
8:4-96,HTRI-S,L4,F,F/L4/CC/4F/MM96/FC4010
8:4-97,HTRI-S,L4,F,F/L4/CC/4F/MM97/FC4060
8:4-98,HTRI-R,L4,F,F/L4/FC3011/12/CM98/Afc Pantry A
8:4-99,HTRI-S,L4,F,F/L4/CC/4F/MM99/FC4110
8:4-100,HMS-S/D/M/SA,L4,F,F/L4/FC3011/12/MCP100/ FW Back D
8:4-102,HMS-S/D/M/SA,L4,F,F/L4/FC3011/12/MCP102/ Main Entr
8:4-103,HTRI-S,L4,F,F/L4/CC/4F/MM103/FC 4080
8:4-104,HTRI-R,L4,F,F/L4/FC3011/12/CM104/Afc Entry D
8:4-105,HFP-11,L4,F,F/L4/FC3011/12/SD105/Reception A
8:4-106,HTRI-S,L4,F,F/L4/CC/4F/MM106/FE 4013
8:4-107,HFP-11,L4,F,F/L4/FC4100/SD107/Pantry
8:4-108,HFP-11,L4,F,F/L4/FC4100/SD108/Cabin2
8:4-109,HFP-11,L4,F,F/L4/FC4100/SD109/Main cabin
8:4-110,HFP-11,L4,F,F/L4/FC4100/SD110/Assorting cab
8:4-111,HTRI-R,L4,F,F/L4/FC4100/CM111/Entry dr Psg
8:4-112,HMS-S/D/M/SA,L4,F,F/L4/FC4100/MCP112/Entry dr Psg
8:4-113,HFP-11,L4,F,F/L4/FC4012/SD113/Main Cabin1
8:4-114,HFP-11,L4,F,F/L4/FC4012/SD114/Main Cabin2
8:4-115,HFP-11,L4,F,F/L4/FC4012/SD115/Main Cabin3
8:4-116,HFP-11,L4,F,F/L4/FC4012/SD116/Main Cabin4
8:4-117,HFP-11,L4,F,F/L4/FC4012/SD117/Assorter cab
8:4-118,HFP-11,L4,F,F/L4/FC4012/SD118/Pantry
8:4-119,HFP-11,L4,F,F/L4/FC4012/SD119/Psg nr Assorte
8:4-120,HFP-11,L4,F,F/L4/FC4012/SD120/Account cab
8:4-121,HFP-11,L4,F,F/L4/FC4012/SD121/Reception
8:4-122,HTRI-R,L4,F,F/L4/FC4012/CM122/Entry dr Psg
8:4-123,HMS-S/D/M/SA,L4,F,F/L4/FC4012/MCP123/Entry dr Psg
8:4-124,HFP-11,L4,F,F/L4/FC5012/SD124/Mihir Bhai Cab
8:4-125,HFP-11,L4,F,F/L4/FC5012/SD125/Main cab
8:4-126,HFP-11,L4,F,F/L4/FC5012/SD126/Main cab
8:4-127,HFP-11,L4,F,F/L4/FC5012/SD127/Buyers cab1
8:4-128,HFP-11,L4,F,F/L4/FC5012/SD128/Pragnesh Bhai 
8:4-129,HFP-11,L4,F,F/L4/FC5012/SD129/Buyers cab2
8:4-130,HFP-11,L4,F,F/L4/FC5012/SD130/Psg nr Buyers 
8:4-131,HFP-11,L4,F,F/L4/FC5012/SD131/Psg nr Buyers 
8:4-132,HFP-11,L4,F,F/L4/FC5012/SD132/Amit Bhai cab
8:4-133,HFP-11,L4,F,F/L4/FC5012/SD133/Account cab
8:4-134,HFP-11,L4,F,F/L4/FC5012/SD134/Assorter cab
8:4-135,HFP-11,L4,F,F/L4/FC5012/SD135/Assorter cab
8:4-136,HFPT-11,L4,F,F/L4/FC5012/HD136/Pantry
8:4-137,HFP-11,L4,F,F/L4/FC5012/SD137/Entry Dr Psg
8:4-138,HTRI-R,L4,F,F/L4/FC5012/CM138/Entry Dr Psg
8:4-139,HMS-S/D/M/SA,L4,F,F/L4/FC5012/MCP139/Entry Dr Psg
8:4-140,HFP-11,L4,F,F/L4/FC4120/SD140/Account cab
8:4-141,HFP-11,L4,F,F/L4/FC4120/SD141/Assorter cab1
8:4-142,HFP-11,L4,F,F/L4/FC4120/SD142/Assorter cab2
8:4-143,HFP-11,L4,F,F/L4/FC4120/SD143/Main Cab
8:4-144,HFP-11,L4,F,F/L4/FC4120/SD144/Main Cab
8:4-145,HFP-11,L4,F,F/L4/FC4120/SD145/Assorter cab3
8:4-146,HFP-11,L4,F,F/L4/FC4120/SD146/Psg nr Account
8:4-147,HFP-11,L4,F,F/L4/FC4120/SD147/Pantry psg
8:4-148,HTRI-R,L4,F,F/L4/FC4120/CM148/Entry dr Psg
8:4-149,HMS-S/D/M/SA,L4,F,F/L4/FC4120/MCP149/Entry dr Psg
8:4-150,HFP-11,L4,F,F/L4/FE4011/SD150/Banking cab
8:4-151,HFP-11,L4,F,F/L4/FE4011/SD151/Psg nr server 
8:4-152,HFP-11,L4,F,F/L4/FE4011/SD152/Admin cab
8:4-153,HFP-11,L4,F,F/L4/FE4011/SD153/Buyers cab5
8:4-154,HFP-11,L4,F,F/L4/FE4011/SD154/Boss cab
8:4-155,HFP-11,L4,F,F/L4/FE4011/SD155/Buyers cab4
8:4-156,HFP-11,L4,F,F/L4/FE4011/SD156/Buyers cab3
8:4-157,HFP-11,L4,F,F/L4/FE4011/SD157/Buyers cab2
8:4-158,HFP-11,L4,F,F/L4/FE4011/SD158/Buyers cab1
8:4-159,HFP-11,L4,F,F/L4/FE4011/SD159/Psg nr Buyers 
8:4-160,HFP-11,L4,F,F/L4/FE4011/SD160/Ankur bhai cab
8:4-161,HFP-11,L4,F,F/L4/FE4011/SD161/Sanjay shah ca
8:4-162,HFP-11,L4,F,F/L4/FE4011/SD162/Reception Psg
8:4-163,HFP-11,L4,F,F/L4/FE4011/SD163/Reception cab
8:4-164,HFP-11,L4,F,F/L4/FE4011/SD164/Accounts cab1
8:4-165,HFP-11,L4,F,F/L4/FE4011/SD165/Sales cab
8:4-166,HFP-11,L4,F,F/L4/FE4011/SD166/Psg nr Sales c
8:4-167,HFP-11,L4,F,F/L4/FE4011/SD167/Stock control 
8:4-168,HFP-11,L4,F,F/L4/FE4011/SD168/Psg nr stock c
8:4-169,HFP-11,L4,F,F/L4/FE4011/SD169/store rm
8:4-170,HFP-11,L4,F,F/L4/FE4011/SD170/Psg nr banking
8:4-171,HFP-11,L4,F,F/L4/FE4011/SD171/Assorter cab
8:4-172,HFP-11,L4,F,F/L4/FE4011/SD172/Assorter cab
8:4-173,HFP-11,L4,F,F/L4/FE4011/SD173/Assorter cab
8:4-174,HFP-11,L4,F,F/L4/FE4011/SD174/Assorter cab
8:4-175,HFP-11,L4,F,F/L4/FE4011/SD175/Pantry Psg
8:4-176,HFPT-11,L4,F,F/L4/FE4011/HD176/Pantry
8:4-177,HMS-S/D/M/SA,L4,F,F/L4/FE4011/MCP177/Reception Psg
8:4-178,HMS-S/D/M/SA,L4,F,F/L4/FE4011/MCP178/pantry area
8:4-179,HTRI-R,L4,F,F/L4/FE4011/CM179/Reception Psg
8:4-180,HFP-11,L4,F,F/L4/FC4050/SD180/Account cab
8:4-181,HFP-11,L4,F,F/L4/FC4050/SD181/Pantry
8:4-182,HFP-11,L4,F,F/L4/FC4050/SD182/Psg nr Pantry
8:4-183,HFP-11,L4,F,F/L4/FC4050/SD183/GIG Cab
8:4-184,HFP-11,L4,F,F/L4/FC4050/SD184/Cab 1
8:4-185,HFP-11,L4,F,F/L4/FC4050/SD185/Cab 2
8:4-186,HFP-11,L4,F,F/L4/FC4050/SD186/Conference Cab
8:4-187,HFP-11,L4,F,F/L4/FC4050/SD187/Psg nr Conf. C
8:4-188,HTRI-R,L4,F,F/L4/FC4050/CM188/AFC Reception 
8:4-189,HMS-S/D/M/SA,L4,F,F/L4/FC4050/MCP189/Reception Psg
8:4-190,HFP-11,L4,F,F/L4/FC4090/SD190/Main cab 1
8:4-191,HFP-11,L4,F,F/L4/FC4090/SD191/Main cab 2
8:4-192,HFP-11,L4,F,F/L4/FC4090/SD192/Accounts cab
8:4-193,HFP-11,L4,F,F/L4/FC4090/SD193/bonded cab
8:4-194,HFP-11,L4,F,F/L4/FC4090/SD194/Pantry
8:4-195,HFP-11,L4,F,F/L4/FC4090/SD195/Accounts cab
8:4-196,HTRI-R,L4,F,F/L4/FC4090/CM196/AFC Entry Psg
8:4-197,HMS-S/D/M/SA,L4,F,F/L4/FC4090/MCP197/Entry Psg
8:4-198,HFP-11,L4,F,F/L4/FC5051/SD198/Account cab
8:4-199,HFP-11,L4,F,F/L4/FC5051/SD199/Main cab 1
8:4-200,HFP-11,L4,F,F/L4/FC5051/SD200/Main cab 2
8:4-201,HFP-11,L4,F,F/L4/FC5051/SD201/Main cab 3
8:4-202,HFP-11,L4,F,F/L4/FC5051/SD202/Main cab 4
8:4-203,HFP-11,L4,F,F/L4/FC5051/SD203/Reception Psg
8:4-204,HFPT-11,L4,F,F/L4/FC5051/HD204/Pantry
8:4-205,HTRI-R,L4,F,F/L4/FC5051/CM205/Entry dr psg
8:4-206,HMS-S/D/M/SA,L4,F,F/L4/FC5051/MCP206/Entry dr psg
8:4-207,HFP-11,L4,F,F/L4/FC3011/12/SD207/Buyer Cab 1
8:4-208,HFP-11,L4,F,F/L4/FC3011/12/SD208/Buyer Cab 2
8:4-209,HFP-11,L4,F,F/L4/FC3011/12/SD209/Buyer Cab 3
8:4-210,HFP-11,L4,F,F/L4/FC3011/12/SD210/Buyer Cab 4
8:4-211,HFP-11,L4,F,F/L4/FC3011/12/SD211/Buyer Cab 5
8:4-212,HFP-11,L4,F,F/L4/FC3011/12/SD212/Psg Nr Buye
8:4-213,HFP-11,L4,F,F/L4/FC3011/12/SD213/Psg Nr Buye
8:4-214,HFP-11,L4,F,F/L4/FC3011/12/SD214/Buyer Cab 6
8:4-215,HFP-11,L4,F,F/L4/FC3011/12/SD215/Buyer Cab 7
8:4-216,HFP-11,L4,F,F/L4/FC3011/12/SD216/Buyer Cab 8
8:4-217,HFP-11,L4,F,F/L4/FC3011/12/SD217/Buyer Cab 9
8:4-218,HFP-11,L4,F,F/L4/FC3011/12/SD218/Buyer Cab 1
8:4-219,HFP-11,L4,F,F/L4/FC3011/12/SD219/Meeting RM
8:4-220,HFP-11,L4,F,F/L4/FC3011/12/SD220/Buyer Cab 1
8:4-221,HFP-11,L4,F,F/L4/FC3011/12/SD221/Buyer Cab 1
8:4-222,HFP-11,L4,F,F/L4/FC3011/12/SD222/Buyer Cab 1
8:4-223,HFP-11,L4,F,F/L4/FC3011/12/SD223/Buyer Cab 1
8:4-224,HFP-11,L4,F,F/L4/FC3011/12/SD224/Buyer Cab 1
8:4-225,HFP-11,L4,F,F/L4/FC3011/12/SD225/Psg Nr Buye
8:4-226,HFP-11,L4,F,F/L4/FC3011/12/SD226/Visitor cab
8:4-227,HFP-11,L4,F,F/L4/FC3011/12/SD227/Marketing C
8:4-228,HFP-11,L4,F,F/L4/FC3011/12/SD228/Marketing C
8:4-229,HFP-11,L4,F,F/L4/FC3011/12/SD229/Marketing C
8:4-230,HFP-11,L4,F,F/L4/FC3011/12/SD230/Marketing C
8:4-231,HFP-11,L4,F,F/L4/FC3011/12/SD231/Pantry Area
8:4-232,HFP-11,L4,F,F/L4/FC3011/12/SD232/Pantry Area
8:4-233,HFP-11,L4,F,F/L4/FC3011/12/SD233/Pantry Area
8:4-234,HFP-11,L4,F,F/L4/FC3011/12/SD234/Goods Picku
8:4-235,HFP-11,L4,F,F/L4/FC3011/12/SD235/Goods Picku
8:4-236,HFP-11,L4,F,F/L4/FC3011/12/SD236/Goods Picku
8:4-237,HFP-11,L4,F,F/L4/FC3011/12/SD237/Goods Picku
8:4-238,HFP-11,L4,F,F/L4/FC3011/12/SD238/Goods Picku
8:4-239,HFP-11,L4,F,F/L4/FC3011/12/SD239/Psg Nr Good
8:4-240,HFP-11,L4,F,F/L4/FC3011/12/SD240/Psg Nr Mark
8:4-241,HFP-11,L4,F,F/L4/FC3011/12/SD241/Cupboard 2 
8:4-242,HFP-11,L4,F,F/L4/FC3011/12/SD242/Conference 
8:4-243,HFP-11,L4,F,F/L4/FC3011/12/SD243/Vijay Shah 
8:4-244,HFP-11,L4,F,F/L4/FC3011/12/SD244/Sanjay Shah
8:4-245,HFP-11,L4,F,F/L4/FC3011/12/SD245/Rishil Shah
8:4-246,HFP-11,L4,F,F/L4/FC3011/12/SD246/Vatsal Shah
8:4-247,HFP-11,L4,F,F/L4/FC3011/12/SD247/Psg Nr Vats
8:4-248,HFP-11,L4,F,F/L4/FC3011/12/SD248/Purvi Shah 
8:4-249,HFP-11,L4,F,F/L4/FC3011/12/SD249/Premal Shah
8:4-250,HFP-11,L4,F,F/L4/FC3011/12/SD250/Premal Shah
8:4-251,HFP-11,L4,F,F/L4/FC3011/12/SD251/Waiting Roo
8:4-252,HFP-11,L4,F,F/L4/FC3011/12/SD252/Psg Nr Wait
8:4-101,HFP-11,,HFP-11 @ address 4-101,HFP-11 @ address 4-101
8:5-1,FDOT421,L5,F,F/L5/4F/SD1/Corr.Nr EW4160
8:5-2,HMS-S/D/M/SA,L5,F,F/L5/4F/MCP2/EW Fire Esc dr
8:5-3,HTRI-R,L5,F,F/L5/4F/CM3/EW Fire Esc dr
8:5-4,FDOT421,L5,F,F/L5/4F/SD4/EW Fire Esc dr
8:5-5,FDOT421,L5,F,F/L5/4F/SD5/Corr.Nr EW4150
8:5-6,FDOT421,L5,F,F/L5/4F/SD6/FW AHU Rm
8:5-7,HTRI-R,L5,F,F/L5/4F/CM7/FW AHU Rm
8:5-8,FDOT421,L5,F,F/L5/4F/SD8/Corr.Nr EW4430
8:5-9,HTRI-R,L5,F,F/L5/4F/CM9/FW door release
8:5-10,HTRI-R,L5,F,F/L5/4F/CM10/FW Lift Lobby
8:5-11,HTRI-S,L5,F,F/L5/4F/MM11/FW Lift Lobby
8:5-12,HMS-S/D/M/SA,L5,F,F/L5/4F/MCP12/FW Lift Lobby
8:5-13,FDOT421,L5,F,F/L5/4F/SD13/FW Lift Lobby
8:5-14,FDOT421,L5,F,F/L5/4F/SD14/FW Lift Lobby
8:5-15,HTRI-R,L5,F,F/L5/4F/CM15/FW Door Release
8:5-16,FDOT421,L5,F,F/L5/4F/SD16/FW Electric Rm
8:5-17,HTRI-R,L5,F,F/L5/4F/CM17/FW door release
8:5-18,FDOT421,L5,F,F/L5/4F/SD18/Corr.Nr FW4050
8:5-19,FDOT421,L5,F,F/L5/4F/SD19/Corr.Nr FW4050
8:5-20,FDOT421,L5,F,F/L5/4F/SD20/Corr.Nr FW4050
8:5-21,FDOT421,L5,F,F/L5/4F/SD21/Corr.Nr FW4160
8:5-22,FDOT421,L5,F,F/L5/4F/SD22/Corr.Nr EW S20
8:5-23,FDOT421,L5,F,F/L5/4F/SD23/Corr.Nr FW4100
8:5-24,FDOT421,L5,F,F/L5/4F/SD24/Corr.Nr FW4100
8:5-25,HMS-S/D/M/SA,L5,F,F/L5/4F/MCP25/FW Fire Esc door
8:5-26,HTRI-R,L5,F,F/L5/4F/CM26/FW Fire Esc door
8:5-27,FDOT421,L5,F,F/L5/4F/SD27/Corr.Nr FW4120
8:5-28,FDOT421,L5,F,F/L5/3F/SD28/Corr.Nr EW3090
8:5-29,FDOT421,L5,F,F/L5/3F/SD29/Corr.Nr FW S12
8:5-30,HMS-S/D/M/SA,L5,F,F/L5/3F/MCP30/EW Fire Esc Door
8:5-31,HTRI-R,L5,F,F/L5/3F/CM31/EW Fire Esc Door
8:5-32,FDOT421,L5,F,F/L5/3F/SD32/EW Fire Esc Door
8:5-33,FDOT421,L5,F,F/L5/3F/SD33/FW AHU Rm
8:5-34,HTRI-R,L5,F,F/L5/3F/CM34/FW AHU Rm
8:5-35,FDOT421,L5,F,F/L5/3F/SD35/Corr.Nr FW/S10
8:5-36,FDOT421,L5,F,F/L5/3F/SD36/Corr.Nr FW/S10
8:5-37,HTRI-R,L5,F,F/L5/3F/CM37/FW Door Release
8:5-38,HTRI-R,L5,F,F/L5/3F/CM38/FW Lift Lobby
8:5-39,HTRI-S,L5,F,F/L5/3F/MM39/FW Lift Lobby
8:5-40,HMS-S/D/M/SA,L5,F,F/L5/3F/MCP40/FW Lift Lobby
8:5-41,FDOT421,L5,F,F/L5/3F/SD41/FW Lift Lobby
8:5-42,FDOT421,L5,F,F/L5/3F/SD42/FW Lift Lobby
8:5-43,HTRI-R,L5,F,F/L5/3F/CM43/FW Door release
8:5-44,FDOT421,L5,F,F/L5/3F/SD44/FW Electric Rm
8:5-45,FDOT421,L5,F,F/L5/3F/SD45/Corr.Nr FW3010
8:5-46,FDOT421,L5,F,F/L5/3F/SD46/Corr.Nr FW3010
8:5-47,FDOT421,L5,F,F/L5/3F/SD47/Corr.Nr FW/S22
8:5-48,FDOT421,L5,F,F/L5/3F/SD48/Corr.Nr FW/S22
8:5-49,HMS-S/D/M/SA,L5,F,F/L5/3F/MCP49/FW Fire Esc STR
8:5-50,HTRI-R,L5,F,F/L5/3F/CM50/FW Fire Esc STR
8:5-51,HTRI-R,L5,F,F/L5/3F/CM51/FW door release
8:5-52,FDOT421,L5,F,F/L5/3F/SD52/Corr.Nr FW3070
8:5-53,FDOT421,L5,F,F/L5/3F/SD53/Corr.Nr FW3090
8:5-54,FDOT421,L5,F,F/L5/3F/SD54/Corr.Nr FW3090
8:5-55,FDOT421,L5,F,F/L5/3F/SD55/Corr.Nr FW3200
8:5-56,FDOT421,L5,F,F/L5/3F/SD56/Corr.Nr FW3200
8:5-57,FDOT421,L5,F,F/L5/3F/SD57/Corr.Nr FW3140
8:5-58,FDOT421,L5,F,F/L5/3F/SD58/Corr.Nr FW3140
8:5-59,HMS-S/D/M/SA,L5,F,F/L5/3F/MCP59/FW Fire Esc dr
8:5-60,HTRI-R,L5,F,F/L5/3F/CM60/FW Fire Esc dr
8:5-61,HFP-11,L5,F,F/L5/3F/SD61/Corr.Nr FW/S18
8:5-62,HFP-11,L5,F,F/L5/EW4130/SD62/Pantry
8:5-63,HFP-11,L5,F,F/L5/EW4130/SD63/Buyers cab
8:5-64,HFP-11,L5,F,F/L5/EW4130/SD64/Buyers cab
8:5-65,HFP-11,L5,F,F/L5/EW4130/SD65/Psg nr buyers c
8:5-66,HFP-11,L5,F,F/L5/EW4130/SD66/Main cab
8:5-67,HFP-11,L5,F,F/L5/EW4130/SD67/Psg nr Main cab
8:5-68,HFP-11,L5,F,F/L5/EW4130/SD68/Assorter cab
8:5-69,HFP-11,L5,F,F/L5/EW4130/SD69/Assorter cab
8:5-70,HFP-11,L5,F,F/L5/EW4130/SD70/Assorter cab
8:5-71,HTRI-S,L5,F,F/L5/4F/MM71/FW4131
8:5-72,HFP-11,L5,F,F/L5/EW4160/SD72/Pantry
8:5-73,HTRI-S,L5,F,F/L5/4F/MM73/FW4120
8:5-74,HFP-11,L5,F,F/L5/EW4130/SD74/Reception cab
8:5-75,HTRI-S,L5,F,F/L5/FW/4F/MM75/FW 4110
8:5-76,HTRI-R,L5,F,F/L5/EW4130/CM76/Entry dr Psg
8:5-77,HMS-S/D/M/SA,L5,F,F/L5/EW4130/MCP77/Entry dr Psg
8:5-78,HTRI-S,L5,F,F/L5/4F/MM78/FW4150
8:5-79,HFP-11,L5,F,F/L5/FW3160/SD79/Main cab
8:5-80,HTRI-S,L5,F,F/L5/MM80/FW4080
8:5-81,HTRI-S,L5,F,F/L5/4F/MM81/FW4070
8:5-82,HTRI-R,L5,F,F/L5/FW3140/CM82/Entry Psg
8:5-83,HTRI-R,L5,F,F/L5/EW3120/CM83/Entry Psg
8:5-84,HMS-S/D/M/SA,L5,F,F/L5/EW3120/MCP84/Entry Psg
8:5-85,HTRI-S,L5,F,F/L5/4F/MM85/FW4050
8:5-86,HFP-11,L5,F,F/L5/EW3130/SD86/Main cab
8:5-87,HTRI-S,L5,F,F/L5/4F/MM87/FW4030
8:5-88,HTRI-S,L5,F,F/L5/4F/MM88/FW4041
8:5-89,HTRI-S,L5,F,F/L5/4F/MM89/FW 4020
8:5-90,HFP-11,L5,F,F/L5/FW3140/SD90/Account cab
8:5-91,HFP-11,L5,F,F/L5/EW3130/SD91/Assorter cab
8:5-92,HTRI-S,L5,F,F/L5/4F/MM92/FW 4041
8:5-93,HMS-S/D/M/SA,L5,F,F/L5/FW3140/MCP93/Entry Psg
8:5-94,HTRI-S,L5,F,F/L5/4F/MM94/EW4120
8:5-95,HTRI-S,L5,F,F/L5/4F/MM95/EW4110
8:5-96,HFPT-11,L5,F,F/L5/EW3130/HD96/Pantry
8:5-97,HFP-11,L5,F,F/L5/FW4170/SD97/Main cab
8:5-98,HTRI-S,L5,F,F/L5/4F/MM98/EW4090
8:5-99,HTRI-R,L5,F,F/L5/FW3160/CM99/AFC Pantry
8:5-100,HTRI-S,L5,F,F/L5/3F/MM100/FW 3011
8:5-101,FDOT421,L5,F,F/L5/EW4100/SD101/Ent Psg AFC
8:5-102,HMS-S/D/M/SA,L5,F,F/L5/FW3160/MCP102/Pantry Psg
8:5-103,HTRI-S,L5,F,F/L5/3F/MM103/EW3100
8:5-104,HTRI-S,L5,F,F/L5/3F/MM104/EW3140
8:5-105,HTRI-S,L5,F,F/L5/3F/MM105/EW 3080
8:5-106,HFP-11,L5,F,F/L5/FW4170/SD106/Pantry
8:5-107,HFP-11,L5,F,F/L5/FW4090/SD107/Pantry
8:5-110,HTRI-S,L5,F,F/L5/3F/MM110/FW3020
8:5-111,HTRI-S,L5,F,F/L5/3F/MM111/FW3030
8:5-112,HTRI-S,L5,F,F/L5/MM112/FW3030A
8:5-113,HTRI-R,L5,F,F/L5/EW3130/CM113/Entry dr psg
8:5-114,HFP-11,L5,F,F/L5/FW3140/SD114/Assorter cab
8:5-115,HTRI-S,L5,F,F/L5/3F/MM115/FW3050
8:5-116,HMS-S/D/M/SA,L5,F,F/L5/EW3130/MCP116/Entry dr psg
8:5-117,HFP-11,L5,F,F/L5/FW3060/SD117/Pantry
8:5-118,HTRI-S,L5,F,F/L5/3F/MM118/FW3080
8:5-119,HTRI-S,L5,F,F/L5/3F/MM119/FW3090
8:5-120,HTRI-S,L5,F,F/L5/3F/MM120/FW3100
8:5-121,HTRI-S,L5,F,F/L5/3F/MM121/FW 3110
8:5-122,HTRI-S,L5,F,F/L5/3F/MM122/FW3120
8:5-123,HTRI-S,L5,F,F/L5/WC/3F/MM123/FW3200
8:5-124,HFP-11,L5,F,F/L5/FW3160/SD124/Accounts cab
8:5-125,HTRI-R,L5,F,F/L5/FW4170/CM125/Entry Psg
8:5-126,HFP-11,L5,F,F/L5/FW3160/SD126/Accounts cab
8:5-127,HTRI-S,L5,F,F/L5/WC/3F/MM127/FW3190
8:5-128,HMS-S/D/M/SA,L5,F,F/L5/FW4170/MCP128/Entry Psg
8:5-129,HFP-11,L5,F,F/L5/FW3160/SD129/Entry Psg
8:5-130,HFP-11,L5,F,F/L5/FW4040/SD130/Main Cab 1
8:5-131,HFP-11,L5,F,F/L5/FW4040/SD131/Main Cab 2
8:5-132,HFP-11,L5,F,F/L5/FW4040/SD132/Psg nr Main Ca
8:5-133,HFP-11,L5,F,F/L5/FW4040/SD133/Pantry
8:5-134,HTRI-R,L5,F,F/L5/FW4040/CM134/Entry dr Psg
8:5-135,HMS-S/D/M/SA,L5,F,F/L5/FW4040/MCP135/Entry dr Psg
8:5-136,HFP-11,L5,F,F/L5/FW4060/SD136/Main Cab 
8:5-137,HFP-11,L5,F,F/L5/FW4060/SD137/Main Cab 
8:5-138,HFP-11,L5,F,F/L5/FW4060/SD138/Accounts cab
8:5-139,HFP-11,L5,F,F/L5/FW4060/SD139/Pantry
8:5-140,HTRI-R,L5,F,F/L5/FW4060/CM140/Entry dr Psg
8:5-141,HMS-S/D/M/SA,L5,F,F/L5/FW4060/MCP141/Entry dr Psg
8:5-142,HFP-11,L5,F,F/L5/FW4100/SD142/Main Cab 
8:5-143,HFP-11,L5,F,F/L5/FW4100/SD143/Cab 1
8:5-144,HFP-11,L5,F,F/L5/FW4100/SD144/Assorter cab
8:5-145,HFP-11,L5,F,F/L5/FW4100/SD145/Cab 2
8:5-146,HTRI-R,L5,F,F/L5/FW4100/CM146/Entry dr Psg
8:5-147,HMS-S/D/M/SA,L5,F,F/L5/FW4100/MCP147/Entry dr Psg
8:5-148,HFP-11,L5,F,F/L5/FW4160/SD148/Main Cab 
8:5-149,HTRI-R,L5,F,F/L5/FW4160/CM149/Entry dr Psg
8:5-150,HMS-S/D/M/SA,L5,F,F/L5/FW4160/MCP150/Entry dr Psg
8:5-151,HFP-11,L5,F,F/L5/FW4180/SD151/Main Cab 
8:5-152,HFP-11,L5,F,F/L5/FW4180/SD152/Pantry
8:5-153,HTRI-R,L5,F,F/L5/FW4180/CM153/Entry dr Psg
8:5-154,HMS-S/D/M/SA,L5,F,F/L5/FW4180/MCP154/Entry dr Psg
8:5-155,HFP-11,L5,F,F/L5/FW3140/SD155/Main cab
8:5-156,HFP-11,L5,F,F/L5/FW3140/SD156/Entry Psg
8:5-157,HFP-11,L5,F,F/L5/FW4170/SD157/Entry Psg
8:5-158,HFP-11,L5,F,F/L5/FW3160/SD158/Pantry
8:5-159,HFPT-11,L5,F,F/L5/FW4100/HD159/Pantry
8:5-160,HFP-11,L5,F,F/L5/FW4140/SD160/AFC PANTRY
8:5-161,HFPT-11,L5,F,F/L5/FW4140/HD161/PANTRY
8:5-162,HFP-11,L5,F,F/L5/FW3070/SD162/Accounts cab
8:5-163,HFP-11,L5,F,F/L5/FW3070/SD163/Main cab
8:5-164,HFP-11,L5,F,F/L5/FW3070/SD164/Assorter cab
8:5-165,HFP-11,L5,F,F/L5/FW3070/SD165/Psg nr Assorte
8:5-166,HFP-11,L5,F,F/L5/FW3070/SD166/Entry dr Psg
8:5-167,HTRI-R,L5,F,F/L5/FW3070/CM167/Entry dr Psg
8:5-168,HMS-S/D/M/SA,L5,F,F/L5/FW3070/MCP168/Entry dr Psg
8:5-169,HFP-11,L5,F,F/L5/FW3130/SD169/Main cab
8:5-170,HFP-11,L5,F,F/L5/FW3130/SD170/Assorter C
8:5-171,HFP-11,L5,F,F/L5/FW3130/SD171/Psg Nr Assorte
8:5-172,HFP-11,L5,F,F/L5/FW3130/SD172/Pantry
8:5-173,HTRI-R,L5,F,F/L5/FW3130/CM173/Entry dr Psg
8:5-174,HMS-S/D/M/SA,L5,F,F/L5/FW3130/MCP174/Pantry
8:5-175,HFP-11,L5,F,F/L5/FW3150/SD175/Main cab1
8:5-176,HFP-11,L5,F,F/L5/FW3150/SD176/Main cab2
8:5-177,HFP-11,L5,F,F/L5/FW3150/SD177/Main cab3
8:5-178,HFP-11,L5,F,F/L5/FW3150/SD178/Pantry
8:5-179,HTRI-R,L5,F,F/L5/FW3150/CM179/Entry dr Psg
8:5-180,HMS-S/D/M/SA,L5,F,F/L5/FW3150/MCP180/Entry dr Psg
8:5-181,HFP-11,L5,F,F/L5/FW3040/SD181/Assorter cab
8:5-182,HFP-11,L5,F,F/L5/FW3040/SD182/Pantry
8:5-183,HFP-11,L5,F,F/L5/FW3040/SD183/Pantry
8:5-184,HFP-11,L5,F,F/L5/FW3040/SD184/Conference rm
8:5-185,HFP-11,L5,F,F/L5/FW3040/SD185/Psg ne conf. r
8:5-186,HFP-11,L5FW3040,F,F/L5FW3040/SD186/Main cab
8:5-187,HFP-11,L5,F,F/L5/FW3040/SD187/Entry dr Psg
8:5-188,HTRI-R,L5,F,F/L5/FW3040/CM188/Entry dr Psg
8:5-189,HMS-S/D/M/SA,L5,F,F/L5/FW3040/MCP189/Entry dr Psg
8:5-190,HFP-11,L5,F,F/L5/FW4140/SD190/Account cab
8:5-191,HFP-11,L5,F,F/L5/FW4140/SD191/Main cab
8:5-192,HFP-11,L5,F,F/L5/FW4140/SD192/Psg nr MC
8:5-193,HTRI-R,L5,F,F/L5/FW4140/CM193/Entry dr Psg
8:5-194,HMS-S/D/M/SA,L5,F,F/L5/FW4140/MCP194/Entry dr Psg
8:5-195,HFP-11,L5,F,F/L5/FW4090/SD195/Lunch cab
8:5-196,HFP-11,L5,F,F/L5/FW4090/SD196/Main cab
8:5-197,HFP-11,L5,F,F/L5/FW4090/SD197/Pantry
8:5-198,HTRI-R,L5,F,F/L5/FW4090/CM198/Entry dr Psg
8:5-199,HMS-S/D/M/SA,L5,F,F/L5/FW4090/MCP199/Entry dr Psg
8:5-200,HFP-11,L5,F,F/L5/FW3060/SD200/Main cab
8:5-201,HFP-11,L5,F,F/L5/FW3060/SD201/Assorter cab
8:5-202,HFP-11,L5,F,F/L5/FW3060/SD202/Pantry
8:5-203,HTRI-R,L5,F,F/L5/FW3060/CM203/Entry dr Psg
8:5-204,HMS-S/D/M/SA,L5,F,F/L5/FW3060/MCP204/Entry dr Psg
8:5-205,HFP-11,L5,F,F/L5/FW4010/SD205/Main cab
8:5-206,HFP-11,L5,F,F/L5/FW4010/SD206/Psg nr Main ca
8:5-207,HFP-11,L5,F,F/L5/FW4010/SD207/Assorter cab
8:5-208,HFP-11,L5,F,F/L5/FW4010/SD208/Pantry Psg
8:5-209,HTRI-R,L5,F,F/L5/FW4010/CM209/AFC Pantry Psg
8:5-210,HMS-S/D/M/SA,L5,F,F/L5/FW4010/MCP210/Entry Psg
8:5-211,HFP-11,L5,F,F/L5/EW4100/SD211/Main cab
8:5-212,HFP-11,L5,F,F/L5/EW4100/SD212/Accounts cab
8:5-213,HFP-11,L5,F,F/L5/EW4100/SD213/Psg nr Account
8:5-214,HFP-11,L5,F,F/L5/EW4100/SD214/Pantry
8:5-215,HTRI-R,L5,F,F/L5/EW4100/CM215/Entry dr Psg
8:5-216,HMS-S/D/M/SA,L5,F,F/L5/EW4100/MCP216/Entry dr Psg
8:5-217,HFP-11,L5,F,F/L5/EW3090/SD217/Main cab
8:5-218,HFP-11,L5,F,F/L5/EW3090/SD218/Assorter cab
8:5-219,HFP-11,L5,F,F/L5/EW3090/SD219/Pantry
8:5-220,HTRI-R,L5,F,F/L5/EW3090/CM220/AFC Entry dr
8:5-221,HMS-S/D/M/SA,L5,F,F/L5/EW3090/MCP221/Entry dr Psg
8:5-222,HFP-11,L5,F,F/L5/EW4150/SD222/Rajveer gems c
8:5-223,HFP-11,L5,F,F/L5/EW4150/SD223/Main cab
8:5-224,HFP-11,L5,F,F/L5/EW4150/SD224/Jigar Impex ca
8:5-225,HFP-11,L5,F,F/L5/EW4150/SD225/Pantry Psg
8:5-226,HTRI-R,L5,F,F/L5/EW4150/CM226/AFC Entry Psg
8:5-227,HMS-S/D/M/SA,L5,F,F/L5/EW4150/MCP227/Entry Psg
8:5-229,HFP-11,L5,F,F/L5/EW4160/SD229/Cab 1
8:5-230,HFP-11,L5,F,F/L5/EW4160/SD230/Cab 2
8:5-231,HFP-11,L5,F,F/L5/EW4160/SD231/Cab 3
8:5-232,HFP-11,L5,F,F/L5/EW4160/SD232/Entry Psg
8:5-233,HTRI-R,L5,F,F/L5/EW4160/CM233/Entry Psg
8:5-234,HMS-S/D/M/SA,L5,F,F/L5/EW4160/MCP234/Entry Psg
8:5-235,HFP-11,L5,F,F/L5/EW3070/SD235/Main cab
8:5-236,HFP-11,L5,F,F/L5/EW3070/SD236/Assorter cab1
8:5-237,HFP-11,L5,F,F/L5/EW3070/SD237/Assorter cab2
8:5-238,HFP-11,L5,F,F/L5/EW3070/SD238/Psg nr Assorte
8:5-239,HFP-11,L5,F,F/L5/EW3070/SD239/Pantry Psg
8:5-240,HTRI-R,L5,F,F/L5/EW3070/CM240/AFC Entry dr P
8:5-241,HMS-S/D/M/SA,L5,F,F/L5/EW3070/MCP241/Entry dr Psg
8:5-242,HFP-11,L5,F,F/L5/FW4160/SD242/Psg Nr Assorte
8:5-243,HFP-11,L5,F,F/L5/EW3110/SD243/Main Cab
8:5-244,HFP-11,L5,F,F/L5/EW3110/SD244/Main Cab 2
8:5-245,HFP-11,L5,F,F/L5/EW3110/SD245/Psg Nr Cab 2
8:5-246,HFPT-11,L5,F,F/L5/EW3110/HD246/Pantry
8:5-247,XTRI-R,L5,F,F/L5/EW3110/CM247/Entry psg AFC
8:5-248,HMS-S/D/M/SA,L5,F,F/L5/EW3110/MCP248/Entry dr psg
8:5-250,HFP-11,L5,F,F/L5/EW3120/SD250/Assorter cab
8:5-251,HFP-11,L5,F,F/L5/EW3120/SD251/Pantry Psg
8:5-252,HFP-11,L5,F,F/L5/EW3120/SD252/Pantry Psg
8:6-6,HMS-S/D/M/SA,L6,F,F/L6/CC/7F/MCP6/FIRE ESC STR MCP
8:6-7,HTRI-R,L6,F,F/L6/CC/7F/CM7/FIRE ESC STR CM
8:6-8,HFP-11,L6,F,F/L6/CC/7F/SD8/CORR NR FC 7010
8:6-9,HFP-11,L6,F,F/L6/CC/7F/SD9/CORR NR FC 7010
8:6-10,HFP-11,L6,F,F/L6/CC/7F/SD10/CORR NR FC7/S07
8:6-11,HFP-11,L6,F,F/L6/CC/7F/SD11/CORR NR FC7/S07
8:6-12,HFP-11,L6,F,F/L6/CC/7F/SD12/CORR NR FC 7010
8:6-13,HFP-11,L6,F,F/L6/CC/7F/SD13/CORR NR FC 7010
8:6-14,HFP-11,L6,F,F/L6/CC/7F/SD14/CORR NR FC 7060
8:6-15,HFP-11,L6,F,F/L6/CC/7F/SD15/CORR NR FC 7060
8:6-16,HFP-11,L6,F,F/L6/CC/7F/SD16/ELECT RM SD
8:6-17,HTRI-R,L6,F,F/L6/CC/7F/CM17/DR RELESE CM
8:6-18,HMS-S/D/M/SA,L6,F,F/L6/CC/7F/MCP18/FIRE SHAFT L.L.
8:6-19,HTRI-R,L6,F,F/L6/CC/7F/CM19/FIRE SHAFT L.L.
8:6-20,HTRI-S,L6,F,F/L6/CC/7F/MM20/FIRE SHAFT L.L.
8:6-21,HFP-11,L6,F,F/L6/CC/7F/SD21/LIFT LOBBY SD
8:6-22,HFP-11,L6,F,F/L6/CC/7F/SD22/LIFT LOBBY SD
8:6-23,HTRI-R,L6,F,F/L6/EC/7F/CM23/AHU RM CM
8:6-24,HFP-11,L6,F,F/L6/EC/7F/SD24/AHU RM SD
8:6-25,HTRI-R,L6,F,F/L6/EC/7F/CM25/DR RELESE CM
8:6-26,HFP-11,L6,F,F/L6/EC/7F/SD26/CORR NR AHU RM
8:6-27,HFP-11,L6,F,F/L6/EC/7F/SD27/CORR NR FC 7091
8:6-28,HFP-11,L6,F,F/L6/EC/7F/SD28/CORR NR FC7/S04
8:6-29,HFP-11,L6,F,F/L6/EC/7F/SD29/CORR NR FC 7081
8:6-30,HFP-11,L6,F,F/L6/EC/7F/SD30/CORR NR FC7/S03
8:6-31,HFP-11,L6,F,F/L6/EC/7F/SD31/CORR NR FC7/S03
8:6-32,HFP-11,L6,F,F/L6/EC/7F/SD32/CORR NR FC 7082
8:6-33,HFP-11,L6,F,F/L6/EC/7F/SD33/CORR NR FC 7082
8:6-34,HMS-S/D/M/SA,L6,F,F/L6/EC/7F/MCP34/FIRE ESC STR 
8:6-35,HTRI-R,L6,F,F/L6/EC/7F/CM35/FIRE ESC STR 
8:6-35,HTRI-R,L6,F,F/L6/EC/7F/CM35/FIRE ESC STR 
8:6-36,HFP-11,L6,F,F/L6/EC/7F/SD36/ELECT RM SD
8:6-37,HTRI-R,L6,F,F/L6/EC/7F/CM37/AHU RM CM
8:6-38,HFP-11,L6,F,F/L6/EC/7F/SD38/AHU RM SD
8:6-39,HFP-11,L6,F,F/L6/EC/7F/SD39/LIFT LOBBY SD
8:6-40,HMS-S/D/M/SA,L6,F,F/L6/EC/7F/MCP40/FIRE SHAFT L.L.
8:6-41,HTRI-R,L6,F,F/L6/EC/7F/CM41/FIRE SHAFT L.L.
8:6-42,HTRI-S,L6,F,F/L6/EC/7F/MM42/FIRE SHAFT L.L.
8:6-43,HFP-11,L6,F,F/L6/CC/6F/SD43/CORR NR E.R.
8:6-44,HFP-11,L6,F,F/L6/CC/6F/SD44/CORR NR E.R.
8:6-45,HFP-11,L6,F,F/L6/CC/6F/SD45/ELECT RM SD
8:6-46,HMS-S/D/M/SA,L6,F,F/L6/CC/6F/MCP46/FIRE ESC STR
8:6-47,HTRI-R,L6,F,F/L6/CC/6F/CM47/FIRE ESC STR
8:6-48,HTRI-S,L6,F,F/L6/CC/6F/MM48/FIRE ESC STR
8:6-49,HTRI-R,L6,F,F/L6/CC/6F/CM49/AHU RM CM
8:6-50,HFP-11,L6,F,F/L6/CC/6F/SD50/AHU RM SD
8:6-51,HFP-11,L6,F,F/L6/CC/6F/SD51/LIFT LOBBY SD
8:6-52,HFP-11,L6,F,F/L6/CC/6F/SD52/LIFT LOBBY SD
8:6-55,HFP-11,L6,F,F/L6/EC/6F/SD55/ELECT RM SD
8:6-56,HTRI-R,L6,F,F/L6/EC/6F/CM56/AHU RM CM
8:6-57,HFP-11,L6,F,F/L6/EC/6F/SD57/AHU RM SD
8:6-58,HFP-11,L6,F,F/L6/EC/6F/SD58/LIFT LOBBY SD
8:6-59,HMS-S/D/M/SA,L6,F,F/L6/EC/6F/MCP59/FIRE SHAFT L.L.
8:6-60,HTRI-R,L6,F,F/L6/EC/6F/CM60/FIRE SHAFT L.L.
8:6-61,HTRI-S,L6,F,F/L6/EC/6F/MM61/FIRE SHAFT L.L.
8:6-71,HTRI-S,L6,F,F/L6/7F/MM71/FE7011
8:6-72,HTRI-S,L6,F,F/L6/7F/MM72/FE6017
8:6-73,HTRI-S,L6,F,F/L6/CC/7F/MM73/FC7042
8:6-74,HTRI-S,L6,F,F/L6/CC/7F/MM74/FC7011
8:6-75,HTRI-S,L6,F,F/L6/CC/7F/MM75/FC7041
8:6-76,HTRI-S,L6,F,F/L6/7F/MM76/FC7050
8:6-81,HTRI-S,L6,F,F/L6/CC/7F/MM81/FC7071
8:6-83,HTRI-S,L6,F,F/L6/CC/7F/MM83/FC7081
8:6-84,HTRI-S,L6,F,F/L6/CC/7F/MM84/FC7092B
8:6-85,HTRI-S,L6,F,F/L6/CC/7F/MM85/FC7082
8:6-86,HTRI-S,L6,F,F/L6/CC/7F/MM86/FC7192A
8:6-88,HTRI-S,L6,F,F/L6/CC/6F/MM88/FC6041
8:6-89,HFP-11,L6,F,F/L6/FC6017/SD89/Big conf Rm
8:6-90,HFP-11,L6,F,F/L6/FC6017/SD90/Dining Rm
8:6-91,HFP-11,L6,F,F/L6/FC6017/SD91/Big Kitchen Rm
8:6-92,HFP-11,L6,F,F/L6/FC6017/SD92/Lab Rm
8:6-93,HFP-11,L6,F,F/L6/FC6017/SD93/Psg nr Entrance
8:6-94,HFP-11,L6,F,F/L6/FC6017/SD94/Server Rm
8:6-95,HFP-11,L6,F,F/L6/FC6017/SD95/Waiting Area
8:6-96,HFP-11,L6,F,F/L6/FC6017/SD96/Reception
8:6-97,HFP-11,L6,F,F/L6/FC6017/SD97/Conference Rm
8:6-98,HFP-11,L6,F,F/L6/FC6017/SD98/Nehal bhai cab
8:6-99,HFP-11,L6,F,F/L6/FC6017/SD99/Psg nr Pantry
8:6-100,HFPT-11,L6,F,F/L6/FC6017/HD100/Pantry
8:6-101,HFP-11,L6,F,F/L6/FC6017/SD101/Ashishbhai cab
8:6-102,HFP-11,L6,F,F/L6/FC6017/SD102/Hemant bhai ca
8:6-103,HFP-11,L6,F,F/L6/FC6017/SD103/Psg nr hemantb
8:6-104,HFP-11,L6,F,F/L6/FC6017/SD104/Anshubhai cab
8:6-105,HFP-11,L6,F,F/L6/FC6017/SD105/Parag bhai cab
8:6-106,HFP-11,L6,F,F/L6/FC6017/SD106/Premal bhai ca
8:6-107,HFP-11,L6,F,F/L6/FC6017/SD107/darshan bhai c
8:6-108,HFP-11,L6,F,F/L6/FC6017/SD108/Anuj bhai cab
8:6-109,HFP-11,L6,F,F/L6/FC6017/SD109/Rahul bhai cab
8:6-110,HFP-11,L6,F,F/L6/FC6017/SD110/vikram bhai ca
8:6-111,HFP-11,L6,F,F/L6/FC6017/SD111/chirag shah ca
8:6-112,HFP-11,L6,F,F/L6/FC6017/SD112/Chirag shah ca
8:6-113,HFP-11,L6,F,F/L6/FC6017/SD113/buyers cab
8:6-114,HFP-11,L6,F,F/L6/FC6017/SD114/Client Rm 1
8:6-115,HFP-11,L6,F,F/L6/FC6017/SD115/Vinayak bhai c
8:6-116,HFP-11,L6,F,F/L6/FC6017/SD116/psg nr client 
8:6-117,HFP-11,L6,F,F/L6/FC6017/SD117/client rm 2
8:6-118,HFP-11,L6,F,F/L6/FC6017/SD118/psg nr client 
8:6-119,HFP-11,L6,F,F/L6/FC6017/SD119/laxmi madam ca
8:6-120,HFP-11,L6,F,F/L6/FC6017/SD120/Psg nr keyur b
8:6-121,HFP-11,L6,F,F/L6/FC6017/SD121/Keyur bhai cab
8:6-122,HFP-11,L6,F,F/L6/FC6017/SD122/Vijaya madam c
8:6-123,HFP-11,L6,F,F/L6/FC6017/SD123/Launge area ps
8:6-124,FDOT421,L6,F,F/L6/FC6017/SD124/launge area ps
8:6-125,HFP-11,L6,F,F/L6/FC6017/SD125/Russel bhai ca
8:6-126,HFP-11,L6,F,F/L6/FC6017/SD126/Arun bhai cab
8:6-127,HFP-11,L6,F,F/L6/FC6017/SD127/Arun bhai cab 
8:6-128,HFP-11,L6,F,F/L6/FC6017/SD128/Shanay bhai ca
8:6-129,HFP-11,L6,F,F/L6/FC6017/SD129/Client rm 3
8:6-130,HFP-11,L6,F,F/L6/FC6017/SD130/client rm 4
8:6-131,HFP-11,L6,F,F/L6/FC6017/SD131/Admin cab
8:6-132,HMS-S/D/M/SA,L6,F,F/L6/FC6017/MCP132/Psg nr FC Ent
8:6-133,HMS-S/D/M/SA,L6,F,F/L6/FC6017/MCP133/Launge Area
8:6-134,HMS-S/D/M/SA,L6,F,F/L6/FC6017/MCP134/Psg nr FE Ent
8:6-135,HTRI-R,L6,F,F/L6/FC6017/CM135/Admin cab
8:6-136,HTRI-R,L6,F,F/L6/FC6017/CM136/Passage Nr Fir
8:6-136,HTRI-R,L6,F,F/L6/FC6017/CM136/Passage Nr Fir
8:6-137,HTRI-R,L6,F,F/L6/FC6017/CM137/Passage Nr FC 
8:6-138,HFP-11,L6,F,F/L6/FC7010/SD138/Account cab
8:6-139,HFP-11,L6,F,F/L6/FC7010/SD139/Main cab
8:6-140,HFP-11,L6,F,F/L6/FC7010/SD140/Cab 1
8:6-141,HFP-11,L6,F,F/L6/FC7010/SD141/Cab 2
8:6-142,HFP-11,L6,F,F/L6/FC7010/SD142/Cab 3
8:6-143,HFP-11,L6,F,F/L6/FC7010/SD143/Pantry
8:6-144,HFP-11,L6,F,F/L6/FC7010/SD144/Cab 4
8:6-145,HFP-11,L6,F,F/L6/FC7010/SD145/Cab 5
8:6-146,HFP-11,L6,F,F/L6/FC7010/SD146/Cab 6
8:6-147,HFP-11,L6,F,F/L6/FC7010/SD147/Psg nr Pantry
8:6-148,HFP-11,L6,F,F/L6/FC7010/SD148/Psg nr Cab 4
8:6-149,HFP-11,L6,F,F/L6/FC7010/SD149/Reception
8:6-150,HTRI-R,L6,F,F/L6/FC7010/CM150/Entry Psg
8:6-151,HMS-S/D/M/SA,L6,F,F/L6/FC7010/MCP151/Entry Psg
8:6-152,HFP-11,L6,F,F/L6/FC7100/SD152/Assorter cab
8:6-153,HFP-11,L6,F,F/L6/FC7100/SD153/Main cab
8:6-154,HFP-11,L6,F,F/L6/FC7100/SD154/Psg nr Main ca
8:6-155,HFP-11,L6,F,F/L6/FC7100/SD155/Assorter Psg
8:6-156,HFP-11,L6,F,F/L6/FC7100/SD156/Entry dr Psg
8:6-157,HTRI-R,L6,F,F/L6/FC7100/CM157/Entry dr Psg
8:6-158,HMS-S/D/M/SA,L6,F,F/L6/FC7100/MCP158/Entry dr Psg
8:6-159,HFP-11,L6,F,F/L6/FC7091/SD159/Cab 1
8:6-160,HFP-11,L6,F,F/L6/FC7091/SD160/Main cab1
8:6-161,HFP-11,L6,F,F/L6/FC7091/SD161/Lunch cab
8:6-162,HFP-11,L6,F,F/L6/FC7091/SD162/Psg nr Lunch c
8:6-163,HFP-11,L6,F,F/L6/FC7091/SD163/Pantry
8:6-164,HFP-11,L6,F,F/L6/FC7091/SD164/Account cab
8:6-165,HTRI-R,L6,F,F/L6/FC7091/CM165/Entry Psg
8:6-166,HMS-S/D/M/SA,L6,F,F/L6/FC7091/MCP166/Entry Psg
8:6-167,HFP-11,L6,F,F/L6/FC7060/SD167/Assorter cab
8:6-168,HFP-11,L6,F,F/L6/FC7060/SD168/Assorter cab
8:6-169,HFP-11,L6,F,F/L6/FC7060/SD169/Main cab
8:6-170,HFP-11,L6,F,F/L6/FC7060/SD170/Main cab
8:6-171,HFP-11,L6,F,F/L6/FC7060/SD171/Psg nr Pantry
8:6-172,HFP-11,L6,F,F/L6/FC7060/SD172/Reception Psg
8:6-173,HFP-11,L6,F,F/L6/FC7060/SD173/Pantry
8:6-174,HTRI-R,L6,F,F/L6/FC7060/CM174/Entry dr Psg
8:6-175,HMS-S/D/M/SA,L6,F,F/L6/FC7060/MCP175/Entry dr Psg
8:6-176,HFP-11,L6,F,F/L6/FC7060/SD176/Psg nr entry
8:6-177,HFP-11,L6,F,F/L6/FC7060/SD177/ psg nr assote
8:6-178,HFP-11,L6,F,F/L6/FC7060/SD178/assoter cab 4
8:6-179,HFP-11,L6,F,F/L6/FC7060/SD179/assoter cab 3
8:7-1,FDOT421,L7,F,F/L7/WC/6F/SD1/CORR NR 6070
8:7-2,HMS-S/D/M/SA,L7,F,F/L7/WC/6F/MCP2/FIRE STR STR
8:7-3,HTRI-R,L7,F,F/L7/WC/6F/CM3/FIRE STR STR
8:7-4,FDOT421,L7,F,F/L7/WC/6F/SD4/CORR NR FW6/S13
8:7-5,FDOT421,L7,F,F/L7/WC/6F/SD5/AHU RM SD
8:7-6,HTRI-R,L7,F,F/L7/WC/6F/CM6/AHU RM CM
8:7-7,FDOT421,L7,F,F/L7/WC/6F/SD7/CORR NR FW6/S10
8:7-8,HTRI-R,L7,F,F/L7/WC/6F/CM8/DR RELESE CM
8:7-9,HTRI-R,L7,F,F/L7/WC/6F/CM9/L.L. FIRE SHAFT 
8:7-10,HTRI-S,L7,F,F/L7/WC/6F/MM10/L.L. FIRE SHAFT 
8:7-11,HMS-S/D/M/SA,L7,F,F/L7/WC/6F/MCP11/L.L. MCP
8:7-12,FDOT421,L7,F,F/L7/WC/6F/SD12/LIFT LOBBY
8:7-13,FDOT421,L7,F,F/L7/WC/6F/SD13/LIFT LOBBY
8:7-14,FDOT421,L7,F,F/L7/WC/6F/SD14/ELECTRICAL RM
8:7-15,FDOT421,L7,F,F/L7/WC/6F/SD15/CORR NR FW6/S08
8:7-16,HTRI-R,L7,F,F/L7/WC/6F/CM16/DR RELESE CM
8:7-17,FDOT421,L7,F,F/L7/WC/6F/SD17/CORR NR FW 6032
8:7-18,FDOT421,L7,F,F/L7/WC/6F/SD18/CORR NR FW 6032
8:7-19,FDOT421,L7,F,F/L7/WC/6F/SD19/CORR NR FW6/S21
8:7-20,FDOT421,L7,F,F/L7/WC/6F/SD20/CORR NR FW6/S21
8:7-21,FDOT421,L7,F,F/L7/WC/6F/SD21/CORR NR FW 6022
8:7-22,FDOT421,L7,F,F/L7/WC/6F/SD22/CORR NR FW 6022
8:7-23,FDOT421,L7,F,F/L7/WC/5F/SD23/CORR NR EW 5150
8:7-24,HMS-S/D/M/SA,L7,F,F/L7/WC/5F/MCP24/FIRE ESC STR
8:7-25,HTRI-R,L7,F,F/L7/5F/CM25/EW fire esc dr
8:7-26,FDOT421,L7,F,F/L7/WC/5F/SD26/CORR NR EW 5110
8:7-27,FDOT421,L7,F,F/L7/WC/5F/SD27/CORR NR EW 5110
8:7-28,FDOT421,L7,F,F/L7/WC/5F/SD28/AHU RM SD
8:7-29,HTRI-R,L7,F,F/L7/WC/5F/CM29/AHU RM CM
8:7-30,FDOT421,L7,F,F/L7/WC/5F/SD30/CORR NR FW5/S10
8:7-31,HTRI-R,L7,F,F/L7/WC/5F/CM31/DR RELESE CM
8:7-31,HTRI-R,L7,F,F/L7/WC/5F/CM31/DR RELESE CM
8:7-32,HTRI-R,L7,F,F/L7/WC/5F/CM32/L.L. FIRE SHAFT
8:7-33,HTRI-S,L7,F,F/L7/WC/5F/MM33/L.L. FIRE SHAFT
8:7-34,HMS-S/D/M/SA,L7,F,F/L7/WC/5F/MCP34/L.L MCP
8:7-35,FDOT421,L7,F,F/L7/WC/5F/SD35/LIFT LOBBY SD
8:7-36,FDOT421,L7,F,F/L7/WC/5F/SD36/LIFT LOBBY SD
8:7-37,FDOT421,L7,F,F/L7/WC/5F/SD37/ELECTRICAL RM SD
8:7-38,HTRI-R,L7,F,F/L7/WC/5F/CM38/DR RELESE CM
8:7-39,FDOT421,L7,F,F/L7/WC/5F/SD39/CORR NR FW 5030
8:7-40,FDOT421,L7,F,F/L7/WC/5F/SD40/CORR NR FW 5020
8:7-41,FDOT421,L7,F,F/L7/WC/5F/SD41/CORR NR FW5/S16
8:7-42,FDOT421,L7,F,F/L7/WC/5F/SD42/CORR NR FW 5050
8:7-43,FDOT421,L7,F,F/L7/WC/5F/SD43/CORR NR FW 5160
8:7-44,FDOT421,L7,F,F/L7/WC/5F/SD44/CORR NR FW 5160
8:7-45,FDOT421,L7,F,F/L7/WC/5F/SD45/CORR NR FW 5100
8:7-46,HMS-S/D/M/SA,L7,F,F/L7/WC/5F/MCP46/FIRE ESC STR
8:7-47,HTRI-R,L7,F,F/L7/WC/5F/CM47/FIRE ESC STR
8:7-48,FDOT421,L7,F,F/L7/WC/5F/SD48/CORR NR FW 5110
8:7-49,FDOT421,L7,F,F/L7/WC/5F/SD49/CORR NR FW 5120
8:7-65,HTRI-S,L7,F,F/L7/6F/MM65/FW6031
8:7-66,HTRI-S,L7,F,F/L7/6F/MM66/FW6010B
8:7-67,HTRI-S,L7,F,F/L7/6F/MM67/FW6032A
8:7-68,HTRI-S,L7,F,F/L7/6F/MM68/FW6010A
8:7-69,HTRI-S,L7,F,F/L7/6F/MM69/FW6041
8:7-70,HTRI-S,L7,F,F/L7/5F/MM70/EW5110
8:7-71,HTRI-S,L7,F,F/L7/6F/MM71/FW6051
8:7-72,HTRI-S,L7,F,F/L7/6F/MM72/FW6060
8:7-74,HTRI-S,L7,F,F/L7/MM74/FW6070
8:7-75,HTRI-S,L7,F,F/L7/MM75/EW5080
8:7-76,HTRI-S,L7,F,F/L7/MM76/EW5150
8:7-77,HTRI-S,L7,F,F/L7/MM77/EW5090
8:7-78,XTRI-S,L7,F,F/L7/5F/MM78/FW5050
8:7-79,HTRI-S,L7,F,F/L7/5F/MM79/EW5140
8:7-81,HTRI-S,L7,F,F/L7/5F/MM81/EW5130
8:7-85,HTRI-S,L7,F,F/L7/5F/MM85/FW5020
8:7-87,HTRI-S,L7,F,F/L7/5F/MM87/FW5140
8:7-89,HTRI-S,L7,F,F/L7/5F/MM89/FW5170
8:7-90,HTRI-S,L7,F,F/L7/5F/MM90/FW5060
8:7-96,HTRI-S,L7,F,F/L7/5F/MM96/FW5100
8:7-97,HTRI-S,L7,F,F/L7/5F/MM97/FW5110
8:7-99,HTRI-S,L7,F,F/L7/5F/MM99/FW5120
8:7-100,HTRI-S,L7,F,F/L7/6F/MM100/FW6032B
8:7-110,HFP-11,L7,F,F/L7/FW6021/SD110/Main cab1
8:7-111,HFP-11,L7,F,F/L7/FW6021/SD111/Main Cab 2
8:7-112,HFP-11,L7,F,F/L7/FW6021/SD112/Cab 1
8:7-113,HFP-11,L7,F,F/L7/FW6021/SD113/Cab 2
8:7-114,HFP-11,L7,F,F/L7/FW6021/SD114/Entry Psg
8:7-115,HFP-11,L7,F,F/L7/FW6021/SD115/Pantry
8:7-116,HTRI-R,L7,F,F/L7/FW6021/CM116/Entry dr Psg
8:7-117,HMS-S/D/M/SA,L7,F,F/L7/FW6021/MCP117/Entry dr Psg
8:7-118,HFP-11,L7,F,F/L7/FW6080/SD118/Smolensk cab
8:7-119,HFP-11,L7,F,F/L7/FW6080/SD119/bernaul cab
8:7-120,HFP-11,L7,F,F/L7/FW6080/SD120/Pantry
8:7-121,HFP-11,L7,F,F/L7/FW6080/SD121/Gokhran cab
8:7-122,HFP-11,L7,F,F/L7/FW6080/SD122/Gokhran cab
8:7-123,HFP-11,L7,F,F/L7/FW6080/SD123/Gokhran cab
8:7-124,HFP-11,L7,F,F/L7/FW6080/SD124/Psg nr Mimny c
8:7-125,HFP-11,L7,F,F/L7/FW6080/SD125/Mimny cab
8:7-126,HFP-11,L7,F,F/L7/FW6080/SD126/Yacutsk cab
8:7-127,HFP-11,L7,F,F/L7/FW6080/SD127/Moscow cab
8:7-128,HFP-11,L7,F,F/L7/FW6080/SD128/Reception Psg
8:7-129,HTRI-R,L7,F,F/L7/FW6080/CM129/Entry dr Psg
8:7-130,HMS-S/D/M/SA,L7,F,F/L7/FW6080/MCP130/Entry dr Psg
8:7-131,HFP-11,L7,F,F/L7/FW6022/SD131/Accounts cab
8:7-132,HFP-11,L7,F,F/L7/FW6022/SD132/Cab 1
8:7-133,HFP-11,L7,F,F/L7/FW6022/SD133/Cab 2
8:7-134,HFP-11,L7,F,F/L7/FW6022/SD134/Cab 3
8:7-135,HFP-11,L7,F,F/L7/FW6022/SD135/Cab 4
8:7-136,HFP-11,L7,F,F/L7/FW6022/SD136/Reception desk
8:7-137,HFP-11,L7,F,F/L7/FW6022/SD137/Entry dr Psg
8:7-138,HTRI-R,L7,F,F/L7/FW6022/CM138/Entry dr Psg
8:7-139,HMS-S/D/M/SA,L7,F,F/L7/FW6022/MCP139/Entry dr Psg
8:7-140,HFP-11,L7,F,F/L7/GW6140/SD140/Nurba cab
8:7-141,HFP-11,L7,F,F/L7/GW6140/SD141/Anabar cab
8:7-142,HFP-11,L7,F,F/L7/GW6140/SD142/Orel cab
8:7-143,HFP-11,L7,F,F/L7/GW6140/SD143/Alrosa cab
8:7-144,HFP-11,L7,F,F/L7/GW6140/SD144/Mihir cab
8:7-145,HFPT-11,L7,F,F/L7/GW6140/HD145/Pantry
8:7-146,HFP-11,L7,F,F/L7/GW6140/SD146/Psg nr Anabar 
8:7-147,HFP-11,L7,F,F/L7/GW6140/SD147/Udanchan cab
8:7-148,HFP-11,L7,F,F/L7/GW6140/SD148/Entry dr Psg
8:7-149,HTRI-R,L7,F,F/L7/GW6140/CM149/Entry dr Psg
8:7-150,HMS-S/D/M/SA,L7,F,F/L7/GW6140/MCP150/Entry dr Psg
8:7-151,HFP-11,L7,F,F/L7/FW5010/SD151/Main cab
8:7-152,HFP-11,L7,F,F/L7/FW5010/SD152/Assorter cab1
8:7-153,HFP-11,L7,F,F/L7/FW5010/SD153/Assorter cab2
8:7-154,HFP-11,L7,F,F/L7/FW5010/SD154/Psg nr assorte
8:7-155,HFPT-11,L7,F,F/L7/FW5010/HD155/Pantry
8:7-156,HTRI-R,L7,F,F/L7/FW5010/CM156/Entry dr Psg
8:7-157,HMS-S/D/M/SA,L7,F,F/L7/FW5010/MCP157/Entry dr Psg
8:7-159,HFP-11,L7,F,F/L7/GW6130/SD159/Main cab
8:7-160,HFP-11,L7,F,F/L7/GW6130/SD160/Account cab
8:7-161,HFP-11,L7,F,F/L7/GW6130/SD161/Entry Psg
8:7-162,HFP-11,L7,F,F/L7/GW6130/SD162/AFC Entry Psg
8:7-163,HTRI-R,L7,F,F/L7/GW6130/CM163/Entry Psg
8:7-164,HMS-S/D/M/SA,L5,F,F/L5/GW6130/MCP164/Entry Psg
8:7-165,HFP-11,L7,F,F/L7/FW5030/SD165/Main cab 1
8:7-166,HFP-11,L7,F,F/L7/FW5030/SD166/Main cab 2
8:7-167,HFP-11,L7,F,F/L7/FW5030/SD167/Entry Psg
8:7-168,HTRI-R,L7,F,F/L7/FW5030/CM168/Entry Psg
8:7-169,HMS-S/D/M/SA,L7,F,F/L7/FW5030/MCP169/Entry Psg
8:7-170,HFP-11,L7,F,F/L7/FW5040/SD170/Main cab
8:7-171,HFP-11,L7,F,F/L7/FW5040/SD171/Assorter cab
8:7-172,HFP-11,L7,F,F/L7/FW5040/SD172/Entry Psg
8:7-173,HTRI-R,L7,F,F/L7/FW5040/CM173/Entry Psg
8:7-174,HMS-S/D/M/SA,L7,F,F/L7/FW5040/MCP174/Entry Psg
8:7-175,HFP-11,L7,F,F/L7/FW5070/SD175/Main cab
8:7-176,HFP-11,L7,F,F/L7/FW5070/SD176/Assorter cab
8:7-177,HFP-11,L7,F,F/L7/FW5070/SD177/Psg nr Main ca
8:7-178,HFP-11,L7,F,F/L7/FW5070/SD178/Pantry Psg
8:7-179,HTRI-R,L7,F,F/L7/FW5070/CM179/Entry psg
8:7-180,HMS-S/D/M/SA,L7,F,F/L7/FW5070/MCP180/Entry psg
8:7-181,HFP-11,L7,F,F/L7/FW5160/SD181/Cab 3
8:7-182,HFP-11,L7,F,F/L7/FW5160/SD182/Cab 4
8:7-183,HFP-11,L7,F,F/L7/FW5160/SD183/Cab 2
8:7-184,HFP-11,L7,F,F/L7/FW5160/SD184/Cab 1
8:7-185,HFPT-11,L7,F,F/L7/FW5160/HD185/Entry Psg
8:7-186,HTRI-R,L7,F,F/L7/FW5160/CM186/Entry Psg
8:7-187,HMS-S/D/M/SA,L7,F,F/L7/FW5160/MCP187/Entry Psg
8:7-188,HFP-11,L7,F,F/L7/F/FW5080/SD188/Main cab
8:7-189,HFP-11,L7,F,F/L7/F/FW5080/SD189/Assorter cab
8:7-190,HFP-11,L7,F,F/L7/F/FW5080/SD190/Psg nr Assor
8:7-191,HFP-11,L7,F,F/L7/F/FW5080/SD191/Pantry
8:7-192,HTRI-R,L7,F,F/L7/F/FW5080/CM192/Entry dr Psg
8:7-193,HMS-S/D/M/SA,L7,F,F/L7/F/FW5080/MCP193/Entry dr Ps
8:7-194,HFP-11,L7,F,F/L7/FW5150/SD194/Cab 1
8:7-195,HFP-11,L7,F,F/L7/FW5150/SD195/Cab 2
8:7-196,HFP-11,L7,F,F/L7/FW5150/SD196/Cab 3
8:7-197,HFP-11,L7,F,F/L7/FW5150/SD197/Pantry
8:7-198,HFP-11,L7,F,F/L7/FW5150/SD198/Psg nr cab1
8:7-199,HTRI-R,L7,F,F/L7/FW5150/CM199/Entry dr Psg
8:7-200,HMS-S/D/M/SA,L7,F,F/L7/FW5150/MCP200/Entry dr Psg
8:7-214,HFP-11,L7,F,F/L7/FW5090/SD214/Main cab
8:7-215,HFP-11,L7,F,F/L7/FW5090/SD215/Assorter cab
8:7-216,HFP-11,L7,F,F/L7/FW5090/SD216/AFC Pantry
8:7-217,HTRI-R,L7,F,F/L7/FW5090/CM217/Entry dr Psg
8:7-218,HMS-S/D/M/SA,L7,F,F/L7/FW5090/MCP218/Entry dr Psg
8:7-221,HFP-11,L7,F,F/L7/GW6120/SD221/Main cab
8:7-222,HFP-11,L7,F,F/L7/GW6120/SD222/Assorter cab
8:7-223,HFP-11,L7,F,F/L7/GW6120/SD223/Pantry
8:7-224,HFP-11,L7,F,F/L7/GW6120/SD224/Entry dr Psg
8:7-225,HTRI-R,L7,F,F/L7/GW6120/CM225/Entry dr Psg
8:7-226,HMS-S/D/M/SA,L7,F,F/L7/GW6120/MCP226/Entry dr Psg
8:7-227,HFP-11,L7,F,F/L7/EW5120/SD227/Accounts cab
8:7-228,HFP-11,L7,F,F/L7/EW5120/SD228/Main cab 2
8:7-229,HFP-11,L7,F,F/L7/EW5120/SD229/Main cab 2
8:7-230,HFP-11,L7,F,F/L7/EW5120/SD230/Main cab 1
8:7-231,HFP-11,L7,F,F/L7/EW5120/SD231/Assorter cab
8:7-232,HFP-11,L7,F,F/L7/EW5120/SD232/Assorter cab
8:7-233,HFP-11,L7,F,F/L7/EW5120/SD233/Main cab 3
8:7-234,HFP-11,L7,F,F/L7/EW5120/SD234/Psg nr Acc cab
8:7-235,HFP-11,L7,F,F/L7/EW5120/SD235/Pantry
8:7-236,HFP-11,L7,F,F/L7/EW5120/SD236/Entry dr Psg
8:7-237,HTRI-R,L7,F,F/L7/EW5120/CM237/Entry dr Psg
8:7-238,HMS-S/D/M/SA,L7,F,F/L7/EW5120/MCP238/Entry dr Psg
8:7-239,HFP-11,L7,F,F/L7/EW5100/SD239/Main cab
8:7-240,HFP-11,L7,F,F/L7/EW5100/SD240/Assorter cab
8:7-241,HFP-11,L7,F,F/L7/EW5100/SD241/Account cab
8:7-242,HFP-11,L7,F,F/L7/EW5100/SD242/Entry Psg
8:7-243,HMS-S/D/M/SA,L7,F,F/L7/EW5100/MCP243/Entry Psg
8:7-244,HTRI-R,L7,F,F/L7/EW5100/CM244/Entry Psg
8:8-1,HFP-11,L8,F,F/L8/CC/9F/SD1/CORR NR FC 9020
8:8-2,HFP-11,L8,F,F/L8/CC/9F/SD2/CORR NR ELECT RM
8:8-3,HFP-11,L8,F,F/L8/CC/9F/SD3/CORR NR ELECT RM
8:8-4,HFP-11,L8,F,F/L8/CC/9F/SD4/ELECT RM SD
8:8-5,HTRI-R,L8,F,F/L8/CC/9F/CM5/DR RELESE CM
8:8-6,HMS-S/D/M/SA,L8,F,F/L8/CC/9F/MCP6/FIRE SHAFT MCP
8:8-7,HTRI-R,L8,F,F/L8/CC/9F/CM7/FIRE SHAFT CM
8:8-8,HTRI-S,L8,F,F/L8/CC/9F/MM8/FIRE SHAFT MM
8:8-9,HFP-11,L8,F,F/L8/CC/9F/SD9/LIFT LOBBY SD
8:8-10,HFP-11,L8,F,F/L8/CC/9F/SD10/LIFT LOBBY SD
8:8-11,HTRI-R,L8,F,F/L8/CC/9F/CM11/AHU RM CM
8:8-12,HFP-11,L8,F,F/L8/CC/9F/SD12/AHU RM SD
8:8-13,HTRI-R,L8,F,F/L8/EC/9F/CM13/DR RELESE CM
8:8-14,HFP-11,L8,F,F/L8/9F/SD14/FC AHU Rm
8:8-15,HFP-11,L8,F,F/L8/9F/SD15/Corr.Nr FC9030
8:8-16,HFP-11,L8,F,F/L8/9F/SD16/Corr.Nr FC9033
8:8-17,HFP-11,L8,F,F/L8/9F/SD17/Corr.Nr FC9033
8:8-20,HFP-11,L8,F,F/L8/9F/SD20/Corr.Nr FE9012
8:8-21,HFP-11,L8,F,F/L8/9F/SD21/Corr.Nr FE Electric
8:8-22,HFP-11,L8,F,F/L8/9F/SD22/FE Corridoor
8:8-23,HFP-11,L8,F,F/L8/9F/SD23/FE Electric RM
8:8-24,HTRI-R,L8,F,F/L8/9F/CM24/FE AHU Rm
8:8-25,HFP-11,L8,F,F/L8/9F/SD25/FE AHU Rm
8:8-26,HFP-11,L8,F,F/L8/9F/SD26/FE Lift Lobby
8:8-27,HMS-S/D/M/SA,L8,F,F/L8/9F/MCP27/FE Lift Lobby
8:8-28,HTRI-R,L8,F,F/L8/9F/CM28/FE Lift Lobby
8:8-29,HTRI-S,L8,F,F/L8/9F/MM29/FE Lift Lobby
8:8-31,HFP-11,L8,F,F/L8/8F/SD31/Corr.Nr FC8010
8:8-32,HFP-11,L8,F,F/L8/8F/SD32/Corr.Nr FC8010
8:8-33,HFP-11,L8,F,F/L8/8F/SD33/Corr.Nr FC8042
8:8-34,HFP-11,L8,F,F/L8/8F/SD34/Corr.Nr FC8041
8:8-35,HMS-S/D/M/SA,L8,F,F/L8/8F/MCP35/FC Fire Esc door
8:8-36,HTRI-R,L8,F,F/L8/8F/CM36/FC Fire Esc door
8:8-37,HFP-11,L8,F,F/L8/CC/8F/SD37/CORR NR FC 8061
8:8-38,HFP-11,L8,F,F/L8/CC/8F/SD38/CORR NR FC 8061
8:8-39,HFP-11,L8,F,F/L8/CC/8F/SD39/CORR NR FC 8071
8:8-40,HFP-11,L8,F,F/L8/CC/8F/SD40/CORR NR FC 8071
8:8-41,HFP-11,L8,F,F/L8/CC/8F/SD41/CORR NR FC 8012
8:8-42,HFP-11,L8,F,F/L8/CC/8F/SD42/CORR NR FC 8012
8:8-43,HFP-11,L8,F,F/L8/CC/8F/SD43/CORR NR FC 8090
8:8-44,HFP-11,L8,F,F/L8/CC/8F/SD44/CORR NR FC 8090
8:8-45,HFP-11,L8,F,F/L8/CC/8F/SD45/ELECT RM SD
8:8-46,HTRI-R,L8,F,F/L8/CC/8F/CM46/DR RELESE CM
8:8-47,HMS-S/D/M/SA,L8,F,F/L8/CC/8F/MCP47/FIRE SHAFT L.L.
8:8-48,HTRI-R,L8,F,F/L8/CC/8F/CM48/FIRE SHAFT L.L.
8:8-49,HTRI-S,L8,F,F/L8/CC/8F/MM49/FIRE SHAFT L.L.
8:8-50,HFP-11,L8,F,F/L8/CC/8F/SD50/LIFT LOBBY SD
8:8-51,HFP-11,L8,F,F/L8/CC/8F/SD51/LIFT LOBBY SD
8:8-52,HTRI-R,L8,F,F/L8/CC/8F/CM52/AHU RM CM
8:8-53,HFP-11,L8,F,F/L8/CC/8F/SD53/AHU RM SD
8:8-54,HTRI-R,L8,F,F/L8/EC/8F/CM54/DR RELESE CM
8:8-55,HFP-11,L8,F,F/L8/EC/8F/SD55/CORR NR AHU RM 
8:8-56,HFP-11,L8,F,F/L8/EC/8F/SD56/CORR NR FC 8180
8:8-57,HFP-11,L8,F,F/L8/EC/8F/SD57/CORR NR FC 8171
8:8-58,HFP-11,L8,F,F/L8/EC/8F/SD58/CORR NR FC 8172
8:8-59,HFP-11,L8,F,F/L8/EC/8F/SD59/CORR NR FC8/S03
8:8-60,HFP-11,L8,F,F/L8/8F/SD60/FC Fire Staircase
8:8-61,HMS-S/D/M/SA,L8,F,F/L8/8F/MCP61/FC Fire Staircase
8:8-62,HTRI-R,L8,F,F/L8/8F/CM62/FC Fire Staircase
8:8-63,HFP-11,L8,F,F/L8/8F/SD63/Corr.Nr FC8104
8:8-64,HFP-11,L8,F,F/L8/8F/SD64/Corr.Nr FC8104
8:8-65,HFP-11,L8,F,F/L8/8F/SD65/FE Electric Rm
8:8-66,HTRI-R,L8,F,F/L8/8F/CM66/FE AHU Rm
8:8-67,HFP-11,L8,F,F/L8/8F/SD67/FE AHU Rm
8:8-68,HFP-11,L8,F,F/L8/8F/SD68/FE Lift Lobby
8:8-69,HMS-S/D/M/SA,L8,F,F/L8/8F/MCP69/FE Lift Lobby
8:8-70,HTRI-R,L8,F,F/L8/8F/CM70/FE Lift Lobby
8:8-71,HTRI-S,L8,F,F/L8/8F/MM71/FE Lift Lobby
8:8-82,HTRI-S,L8,F,F/L8/9F/MM82/FC9020
8:8-83,HTRI-S,L8,F,F/L8/9F/MM83/FC9020A
8:8-84,HTRI-S,L8,F,F/L8/9F/MM84/FC9040
8:8-86,HTRI-S,L8,F,F/L8/9F/MM86/FC9033
8:8-88,HTRI-S,L8,F,F/L8/FC9032/MM88
8:8-89,HTRI-S,L8,F,F/L8/CC/8F/MM89/FC8010
8:8-93,HTRI-S,L8,F,F/L8/CC/8F/MM93/FC8150
8:8-96,HTRI-S,L8,F,F/L8/CC/8F/MM96/FC8162
8:8-97,HTRI-S,L8,F,F/L8/CC/8F/MM97/FC8110
8:8-98,HTRI-S,L8,F,F/L8/CC/8F/MM98/FC8110A
8:8-99,HTRI-S,L8,F,F/L8/CC/8F/MM99/FC8160
8:8-101,HTRI-S,L8,F,F/L8/CC/8F/MM101/FC8103
8:8-103,HTRI-S,L8,F,F/L8/CC/8F/MM103/FC8171
8:8-104,HTRI-S,L8,F,F/L8/CC/8F/MM104/FC8101
8:8-106,HTRI-S,L8,F,F/L8/CC/8F/MM106/FC8010A
8:8-107,HTRI-S,L8,F,F/L8/CC/8F/MM107/FC8090
8:8-108,HTRI-S,L8,F,F/L8/CC/8F/MM108/FC8011
8:8-109,HTRI-S,L8,F,F/L8/CC/8F/MM109/FC8012
8:8-110,HTRI-S,L8,F,F/L8/CC/8F/MM110/FC8080A
8:8-111,HTRI-S,L8,F,F/L8/CC/8F/MM111/FC8080
8:8-114,HTRI-S,L8,F,F/L8/CC/8F/MM114/FC 8071
8:8-118,HTRI-S,L8,F,F/L8/8F/MM118/FC8030
8:8-120,HTRI-S,L8,F,F/L8/CC/8F/MM120/FC8051
8:8-124,HTRI-S,L8,F,F/L8/9F/MM124/FE9030
8:8-125,HTRI-S,L8,F,F/L8/9F/MM125/FE9020
8:8-126,HFP-11,L8,F,F/L8/FC8052/SD126/Lunch RM
8:8-127,HFPT-11,L8,F,F/L8/FC8052/HD127/Pantry
8:8-128,HTRI-S,L8,F,F/L8/8F/MM128/FE8010
8:8-129,HFP-11,L8,F,F/L8/FC9011/SD129/Reception
8:8-130,HFP-11,L8,F,F/L8/FC9011/SD130/Accounts cab
8:8-131,HFPT-11,L8,F,F/L8/FC9011/HD131/Pantry
8:8-132,HFPT-11,L8,F,F/L8/FC9011/HD132/Mohammad bhai 
8:8-133,HFP-11,L8,F,F/L8/FC9011/SD133/Conference rm
8:8-134,HFP-11,L8,F,F/L8/FC9011/SD134/Main cab 1
8:8-135,HFP-11,L8,F,F/L8/FC9011/SD135/Main cab 1
8:8-136,HFP-11,L8,F,F/L8/FC9011/SD136/Main cab 2
8:8-137,HFP-11,L8,F,F/L8/FC9011/SD137/Client cab 2
8:8-138,HFP-11,L8,F,F/L8/FC9011/SD138/Sales cab
8:8-139,HFP-11,L8,F,F/L8/FC9011/SD139/Sales cab
8:8-140,HFP-11,L8,F,F/L8/FC9011/SD140/Psg nr sales c
8:8-141,HFP-11,L8,F,F/L8/FC9011/SD141/Client cab 1
8:8-142,HFP-11,L8,F,F/L8/FC9011/SD142/Purchase cab
8:8-143,HFP-11,L8,F,F/L8/FC9011/SD143/Cab 1
8:8-144,HFP-11,L8,F,F/L8/FC9011/SD144/Psg nr cab 1
8:8-145,HTRI-R,L8,F,F/L8/FC9011/CM145/Psg nr Entry
8:8-146,HMS-S/D/M/SA,L8,F,F/L8/FC9011/MCP146/Psg nr Entry
8:8-147,HFP-11,L8,F,F/L8/FC8061/SD147/Main cab1
8:8-148,HFP-11,L8,F,F/L8/FC8061/SD148/Main cab2
8:8-149,HFP-11,L8,F,F/L8/FC8061/SD149/Account cab
8:8-150,HFP-11,L8,F,F/L8/FC8061/SD150/Assorter cab
8:8-151,HFP-11,L8,F,F/L8/FC8061/SD151/Pantry
8:8-152,HFP-11,L8,F,F/L8/FC8061/SD152/Entry dr Psg
8:8-153,HTRI-R,L8,F,F/L8/FC8061/CM153/Entry dr Psg
8:8-154,HMS-S/D/M/SA,L8,F,F/L8/FC8061/MCP154/Entry dr Psg
8:8-155,HFP-11,L8,F,F/L8/FC8140/SD155/Main cab
8:8-156,HFP-11,L8,F,F/L8/FC8140/SD156/Meeting cab
8:8-157,HFP-11,L8,F,F/L8/FC8140/SD157/Psg nr Main ca
8:8-158,HFP-11,L8,F,F/L8/FC8140/SD158/Pantry
8:8-159,HTRI-R,L8,F,F/L8/FC8140/CM159/Entry dr Psg
8:8-160,HMS-S/D/M/SA,L8,F,F/L8/FC8140/MCP160/Entry dr Psg
8:8-161,HFP-11,L8,F,F/L8/FC8052/SD161/Account cab
8:8-162,HFP-11,L8,F,F/L8/FC8052/SD162/Main cab
8:8-163,HFP-11,L8,F,F/L8/FC8052/SD163/Entry Psg
8:8-164,HTRI-R,L8,F,F/L8/FC8052/CM164/Entry Psg
8:8-165,HMS-S/D/M/SA,L8,F,F/L8/FC8052/MCP165/Entry Psg
8:8-166,HFP-11,L8,F,F/L8/FC8041/SD166/Account cab
8:8-167,HFP-11,L8,F,F/L8/FC8041/SD167/Main cab
8:8-168,HFP-11,L8,F,F/L8/FC8041/SD168/Cab 1
8:8-169,HFP-11,L8,F,F/L8/FC8041/SD169/Cab 2
8:8-170,HFP-11,L8,F,F/L8/FC8041/SD170/Cab 3
8:8-171,HFP-11,L8,F,F/L8/FC8041/SD171/Psg nr cab 3
8:8-172,HFP-11,L8,F,F/L8/FC8041/SD172/Pantry
8:8-173,HFP-11,L8,F,F/L8/FC8041/SD173/Psg nr conf.rm
8:8-174,HFP-11,L8,F,F/L8/FC8041/SD174/Conference cab
8:8-175,HFP-11,L8,F,F/L8/FC8041/SD175/Reception Psg
8:8-176,HTRI-R,L8,F,F/L8/FC8041/CM176/Entry dr Psg
8:8-177,HMS-S/D/M/SA,L8,F,F/L8/FC8041/MCP177/Entry dr Psg
8:8-178,HFP-11,L8,F,F/L8/FC8021/SD178/Account cab
8:8-179,HFP-11,L8,F,F/L8/FC8021/SD179/Account cab
8:8-180,HFP-11,L8,F,F/L8/FC8021/SD180/Stock cab
8:8-181,HFP-11,L8,F,F/L8/FC8021/SD181/Psg nr Stock c
8:8-182,HFP-11,L8,F,F/L8/FC8021/SD182/Buyer cab1
8:8-183,HFP-11,L8,F,F/L8/FC8021/SD183/Main cab
8:8-184,HFP-11,L8,F,F/L8/FC8021/SD184/Main cab
8:8-185,HFP-11,L8,F,F/L8/FC8021/SD185/Psg nr Main ca
8:8-186,HFP-11,L8,F,F/L8/FC8021/SD186/Pantry
8:8-187,HFP-11,L8,F,F/L8/FC8021/SD187/Psg nr Pantry
8:8-188,HFP-11,L8,F,F/L8/FC8021/SD188/Reception Psg
8:8-189,HTRI-R,L8,F,F/L8/FC8021/CM189/Entry Psg
8:8-190,HMS-S/D/M/SA,L8,F,F/L8/FC8021/MCP190/Entry Psg
8:8-191,HFP-11,L8,F,F/L8/FC9030A/SD191/Main cab
8:8-192,HFP-11,L8,F,F/L8/FC9030A/SD192/Main cab
8:8-193,HFP-11,L8,F,F/L8/FC9030A/SD193/Account cab
8:8-194,HFP-11,L8,F,F/L8/FC9030A/SD194/Assorter cab
8:8-195,HFP-11,L8,F,F/L8/FC9030A/SD195/Entry dr Psg
8:8-196,HFP-11,L8,F,F/L8/FC9030A/SD196/Pantry
8:8-197,HTRI-R,L8,F,F/L8/FC9030A/CM197/Entry dr Psg
8:8-198,HMS-S/D/M/SA,L8,F,F/L8/FC9030A/MCP198/Entry dr Psg
8:8-199,HFP-11,L8,F,F/L8/FE9012/SD199/Conference cab
8:8-200,HFP-11,L8,F,F/L8/FE9012/SD200/Director cab1
8:8-201,HFP-11,L8,F,F/L8/FE9012/SD201/Director cab2
8:8-202,HFP-11,L8,F,F/L8/FE9012/SD202/Director cab3
8:8-203,HFP-11,L8,F,F/L8/FE9012/SD203/Accounts cab
8:8-204,HFP-11,L8,F,F/L8/FE9012/SD204/Accounts cab
8:8-205,HFP-11,L8,F,F/L8/FE9012/SD205/Psg nr Account
8:8-206,HFP-11,L8,F,F/L8/FE9012/SD206/Assorter cab
8:8-207,HFP-11,L8,F,F/L8/FE9012/SD207/Pantry
8:8-208,HFP-11,L8,F,F/L8/FE9012/SD208/Psg nr Washrm
8:8-209,HFP-11,L8,F,F/L8/FE9012/SD209/Entry dr Psg
8:8-210,HTRI-R,L8,F,F/L8/FE9012/CM210/Entry dr Psg
8:8-211,HMS-S/D/M/SA,L8,F,F/L8/FE9012/MCP211/Entry dr Psg
8:8-212,HFP-11,L8,F,F/L8/FC8101A/SD212/Main cab
8:8-213,HTRI-R,L8,F,F/L8/FC8101A/CM213/Entry dr psg
8:8-214,HMS-S/D/M/SA,L8,F,F/L8/FC8101A/MCP214/Entry dr psg
8:8-215,HFP-11,L8,F,F/L8/FC8120A/SD215/Main cab
8:8-216,HFP-11,L8,F,F/L8/FC8120A/SD216/Main cab
8:8-217,HFP-11,L8,F,F/L8/FC8120A/SD217/Psg nr Pantry
8:8-218,HFP-11,L8,F,F/L8/FC8120A/SD218/Account cab
8:8-219,HTRI-R,L8,F,F/L8/FC8120A/CM219/AFC account c
8:8-220,HMS-S/D/M/SA,L8,F,F/L8/FC8120A/MCP220/Entry dr Psg
8:8-226,HFPT-11,L8,F,F/L8/FC8120A/HD226/Pantry
8:8-227,HFP-11,L8,F,F/L8/FC8030A/SD227/Main cab
8:8-228,HFP-11,L8,F,F/L8/FC8030A/SD228/Assorter cab
8:8-229,HFP-11,L8,F,F/L8/FC8030A/SD229/Pantry Psg
8:8-230,HTRI-R,L8,F,F/L8/FC8030A/CM230/AFC Entry Psg
8:8-231,HMS-S/D/M/SA,L8,F,F/L8/FC8030A/MCP231/Entry Psg
8:8-232,HFP-11,L8,F,F/L8/FC8130/SD232/Main cab
8:8-233,HFP-11,L8,F,F/L8/FC8130/SD233/Assorter cab
8:8-234,HFP-11,L8,F,F/L8/FC8130/SD234/Psg nr MC
8:8-235,HFP-11,L8,F,F/L8/FC8130/SD235/Accounts cab
8:8-236,HFP-11,L8,F,F/L8/FC8130/SD236/Pantry
8:8-237,HTRI-R,L8,F,F/L8/FC8130/CM237/Entry dr psg
8:8-238,HMS-S/D/M/SA,L8,F,F/L8/FC8130/MCP238/Entry dr psg
8:8-239,HFP-11,L8,F,F/L8/FC8101/SD239/Accounts cab
8:8-240,HFP-11,L8,F,F/L8/FC8101/SD240/Assorter cab
8:8-241,HFP-11,L8,F,F/L8/FC8101/SD241/Assorter cab
8:8-242,HFP-11,L8,F,F/L8/FC8101/SD242/Main cab
8:8-243,HFP-11,L8,F,F/L8/FC8101/SD243/Main cab
8:8-244,HFP-11,L8,F,F/L8/FC8101/SD244/Lunch cab
8:8-245,HFP-11,L8,F,F/L8/FC8101/SD245/Main cab 1
8:8-246,HFP-11,L8,F,F/L8/FC8101/SD246/Pantry
8:8-247,HFP-11,L8,F,F/L8/FC8101/SD247/Psg nr pantry
8:8-248,HFP-11,L8,F,F/L8/FC8101/SD248/Psg nr account
8:8-249,HFP-11,L8,F,F/L8/FC8101/SD249/Reception psg
8:8-250,HTRI-R,L8,F,F/L8/FC8101/CM250/AFC Entry psg
8:8-251,HMS-S/D/M/SA,L8,F,F/L8/FC8101/MCP251/Nr Washroom
8:8-73,HTRI-S,L8,F,F/L8/8F/MM73/FC8180
8:9-1,HTRI-R,L9,F,F/L9/WC/9F/CM1/ STR NR FW 9030
8:9-2,HMS-S/D/M/SA,L9,F,F/L9/WC/9F/MCP2/STR NR FW 9030
8:9-3,HFP-11,L9,F,F/L9/WC/9F/SD3/CORR NR FW 9040
8:9-4,HFP-11,L9,F,F/L9/WC/9F/SD4/CORR NR FW 9040
8:9-5,HFP-11,L9,F,F/L9/WC/9F/SD5/CORR NR FW 9012
8:9-6,HFP-11,L9,F,F/L9/WC/9F/SD6/CORR NR E.R.
8:9-7,HFP-11,L9,F,F/L9/WC/9F/SD7/ELECT RM SD
8:9-8,HTRI-R,L9,F,F/L9/WC/9F/CM8/DR RELESE CM
8:9-9,HFP-11,L9,F,F/L9/WC/9F/SD9/LIFT LOBBY SD
8:9-10,HFP-11,L9,F,F/L9/WC/9F/SD10/LIFT LOBBY SD
8:9-11,HFP-11,L9,F,F/L9/WC/9F/SD11/AHU RM SD
8:9-12,HTRI-R,L9,F,F/L9/WC/9F/CM12/AHU RM CM
8:9-13,HMS-S/D/M/SA,L9,F,F/L9/WC/9F/MCP13/L.L. MCP
8:9-14,HTRI-R,L9,F,F/L9/WC/9F/CM14/L.L. FIRE SHAFT
8:9-15,HTRI-S,L9,F,F/L9/WC/9F/MM15/L.L. FIRE SHAFT
8:9-16,HFP-11,L9,F,F/L9/WC/8F/SD16/ELECT RM SD
8:9-17,HTRI-R,L9,F,F/L9/WC/8F/CM17/DR RELESE CM
8:9-18,HFP-11,L9,F,F/L9/WC/8F/SD18/L.L. SD
8:9-19,HFP-11,L9,F,F/L9/WC/8F/SD19/L.L. SD
8:9-20,HFP-11,L9,F,F/L9/WC/8F/SD20/AHU RM
8:9-21,HTRI-R,L9,F,F/L9/WC/8F/CM21/AHU RM
8:9-22,HMS-S/D/M/SA,L9,F,F/L9/WC/8F/MCP22/L.L.MCP
8:9-23,XTRI-R,WC,F,F/WC/8F/CM23/L.L. FIRE SHAFT
8:9-24,HTRI-S,L9,F,F/L9/WC/8F/MM24/L.L. FIRE SHAFT 
8:9-25,HFP-11,L9,F,F/L9/WC/7F/SD25/CORR NR FC 7021
8:9-26,HFP-11,L9,F,F/L9/WC/7F/SD26/CORR NR FC 7021
8:9-27,HFP-11,L9,F,F/L9/WC/7F/SD27/CORR NR FW 7020
8:9-28,HFP-11,L9,F,F/L9/WC/7F/SD28/CORR NR FW 7020
8:9-29,HFP-11,L9,F,F/L9/WC/7F/SD29/ELECT RM SD
8:9-30,HTRI-R,L9,F,F/L9/WC/7F/CM30/DR RELELSE NR L.
8:9-31,HFP-11,L9,F,F/L9/WC/7F/SD31/LIFT LOBBY SD
8:9-32,HFP-11,L9,F,F/L9/WC/7F/SD32/LIFT LOBBY SD
8:9-33,HFP-11,L9,F,F/L9/WC/7F/SD33/AHU RM SD L.L.
8:9-34,HTRI-R,L9,F,F/L9/WC/7F/CM34/AHU RM CM L.L.
8:9-35,HMS-S/D/M/SA,L9,F,F/L9/WC/7F/MCP35/FIRE SHAFT L.L.
8:9-36,HTRI-R,L9,F,F/L9/WC/7F/CM36/FIRE SHAFT L.L.
8:9-37,HTRI-S,L9,F,F/L9/WC/7F/MM37/FIRE SHAFT L.L.
8:9-38,XTRI-S,L9,F,F/L9/9F/MM38/FW9050
8:9-39,HTRI-S,L9,F,F/L9/9F/MM39/FW7010
8:9-51,HTRI-S,L9,F,F/L9/WC/9F/MM51/FW9010
8:9-52,HTRI-S,L9,F,F/L9/WC/9F/MM52/FW9030
8:9-54,HTRI-S,L9,F,F/L9/WC/9F/MM54/FW9020
8:9-55,HTRI-S,L9,F,F/L9/WC/9F/MM55/FW9040
8:9-58,HTRI-S,L9,F,F/L9/WC/9F/MM58/FW9011
8:9-61,HTRI-S,L9,F,F/L9/WC/7F/MM61/FW7030
8:9-62,HTRI-S,L9,F,F/L9/WC/7F/MM62/FW7021
8:9-63,HTRI-S,L9,F,F/L9/WC/7F/MM63/FW7022
8:9-64,HFP-11,L9,F,F/L9/FW9012/SD64/Main cab
8:9-65,HFP-11,L9,F,F/L9/FW9012/SD65/Account cab
8:9-66,HFP-11,L9,F,F/L9/FW9012/SD66/Assorter cab
8:9-67,HFP-11,L9,F,F/L9/FW9012/SD67/Psg nr Assorter
8:9-68,HFP-11,L9,F,F/L9/FW9012/SD68/Pantry
8:9-69,HTRI-R,L9,F,F/L9/FW9012/CM69/Entry dr Psg
8:9-70,HMS-S/D/M/SA,L9,F,F/L9/FW9012/MCP70/Entry dr Psg
8:9-71,HFP-11,L9,F,F/L9/FW8010/SD71/Manager cab
8:9-72,HFP-11,L9,F,F/L9/FW8010/SD72/Guest cab1
8:9-73,HFP-11,L9,F,F/L9/FW8010/SD73/Guest cab2
8:9-74,HFP-11,L9,F,F/L9/FW8010/SD74/Pantry
8:9-75,HFP-11,L9,F,F/L9/FW8010/SD75/Xerox rm
8:9-76,HFP-11,L9,F,F/L9/FW8010/SD76/Psg nr Xerox rm
8:9-77,HFP-11,L9,F,F/L9/FW8010/SD77/Psg nr conf. rm
8:9-78,HFP-11,L9,F,F/L9/FW8010/SD78/Conf. rm
8:9-79,HFP-11,L9,F,F/L9/FW8010/SD79/Entry Psg
8:9-80,HTRI-R,L9,F,F/L9/FW8010/CM80/Reception  Psg
8:9-81,HMS-S/D/M/SA,L9,F,F/L9/FW8010/MCP81/Reception  Psg
8:9-82,HFP-11,L9,F,F/L9/FW7020/SD82/Assorter cab
8:9-83,HFP-11,L9,F,F/L9/FW7020/SD83/Accounts cab
8:9-84,HFP-11,L9,F,F/L9/FW7020/SD84/Main cab
8:9-85,HFP-11,L9,F,F/L9/FW7020/SD85/Main cab
8:9-86,HFP-11,L9,F,F/L9/FW7020/SD86/Psg nr Account 
8:9-87,HFP-11,L9,F,F/L9/FW7020/SD87/Pantry
8:9-88,HTRI-R,L9,F,F/L9/FW7020/CM88/Entry Psg
8:9-89,HMS-S/D/M/SA,L9,F,F/L9/FW7020/MCP89/Entry Psg
8:9-90,HFP-11,L9,F,F/L9/FW7020/SD90/Psg account cab
8:9-91,HFP-11,L9,F,F/L9/FC9031/SD91/Reception Area
8:9-92,HFP-11,L9,F,F/L9/FC9031/SD92/Reception Area
8:9-93,HFP-11,L9,F,F/L9/FC9031/SD93/Assorter Cabin 
8:9-94,HFP-11,L9,F,F/L9/FC9031/SD94/Assorter Cabin 
8:9-95,HFP-11,L9,F,F/L9/FC9031/SD95/Buyer Cabin 1
8:9-96,HFP-11,L9,F,F/L9/FC9031/SD96/Buyer Cabin 2
8:9-97,HFP-11,L9,F,F/L9/FC9031/SD97/Buyer Cabin 3
8:9-98,HFP-11,L9,F,F/L9/FC9031/SD98/Sales Cabin
8:9-99,HFP-11,L9,F,F/L9/FC9031/SD99/Sales Cabin
8:9-100,HFP-11,L9,F,F/L9/FC9031/SD100/Boss Cabin
8:9-101,HFP-11,L9,F,F/L9/FC9031/SD101/Boss Cabin
8:9-102,HFP-11,L9,F,F/L9/FC9031/SD102/Boss Cabin
8:9-103,HFP-11,L9,F,F/L9/FC9031/SD103/Save Room
8:9-104,HFP-11,L9,F,F/L9/FC9031/SD104/Conference Roo
8:9-105,HFP-11,L9,F,F/L9/FC9031/SD105/Assorter Cabin
8:9-106,HFP-11,L9,F,F/L9/FC9031/SD106/Assorter Cabin
8:9-107,HFP-11,L9,F,F/L9/FC9031/SD107/FE Enterance P
8:9-108,HFP-11,L9,F,F/L9/FC9031/SD108/Psg Nr Main Ca
8:9-109,HFP-11,L9,F,F/L9/FC9031/SD109/Asst Manager C
8:9-110,HFP-11,L9,F,F/L9/FC9031/SD110/Manager Cabin
8:9-111,HFP-11,L9,F,F/L9/FC9031/SD111/Account Cabin
8:9-112,HFP-11,L9,F,F/L9/FC9031/SD112/Psg Nr Account
8:9-113,HFP-11,L9,F,F/L9/FC9031/SD113/Psg Nr Pantry
8:9-114,HFP-11,L9,F,F/L9/FC9031/SD114/FC pantry
8:9-115,HFP-11,L9,F,F/L9/FC9031/SD115/FE pantry
8:9-116,HMS-S/D/M/SA,L9,F,F/L9/FC9031/MCP116/FC Entrance
8:9-117,HMS-S/D/M/SA,L9,F,F/L9/FC9031/MCP117/FE Entrance
8:9-118,HTRI-R,L9,F,F/L9/FC9031/CM118/AFC Reception 
8:9-118,HTRI-R,L9,F,F/L9/FC9031/CM118/AFC Reception 
8:9-119,HTRI-R,L9,F,F/L9/FC9031/CM119/AFC Enterance
9:1-1,HTRI-R,L1,G,G/L1/2F/CM1/GW AHU Rm
9:1-2,HFP-11,L1,G,G/L1/2F/SD2/GW AHU Rm
9:1-3,HFP-11,L1,G,G/L1/2F/SD3/Corr. Nr HW2130
9:1-4,HTRI-R,L1,G,G/L1/2F/CM4/GW dr release
9:1-5,HTRI-R,L1,G,G/L1/2F/CM5/GW Lift Lobby
9:1-6,HMS-S/D/M/SA,L1,G,G/L1/2F/MCP6/GW Lift Lobby
9:1-7,HTRI-S,L1,G,G/L1/2F/MM7/GW Lift Lobby
9:1-8,HFP-11,L1,G,G/L1/2F/SD8/GW Lift Lobby
9:1-9,HFP-11,L1,G,G/L1/2F/SD9/GW Lift Lobby
9:1-10,HFP-11,L1,G,G/L1/2F/SD10/Corr.Nr GW2021
9:1-11,HFP-11,L1,G,G/L1/2F/SD11/Corr.Nr GW2022
9:1-12,HTRI-R,L1,G,G/L1/2F/CM12/GW dr release
9:1-13,HFP-11,L1,G,G/L1/2F/SD13/GW Electric rm
9:1-14,HFP-11,L1,G,G/L1/2F/SD14/COR NR GW2110
9:1-15,HFP-11,L1,G,G/L1/2F/SD15/COR NR GW2070
9:1-16,HFP-11,L1,G,G/L1/2F/SD16/Corr.Nr GW2071
9:1-17,HFP-11,L1,G,G/L1/2F/SD17/Corr.Nr GW2071
9:1-18,HTRI-R,L1,G,G/L1/2F/CM18/GE NR FIRE ESC
9:1-19,HMS-S/D/M/SA,L1,G,G/L1/2F/MCP19/GE NR FIRE ESC
9:1-20,HTRI-S,L1,G,G/L1/2F/MM20/GE Lift Lobby
9:1-21,HFP-11,L1,G,G/L1/2F/SD21/GE Lift Lobby
9:1-22,HFP-11,L1,G,G/L1/2F/SD22/GE Lift Lobby
9:1-23,HTRI-R,L1,G,G/L1/2F/CM23/ GE CORR NR DR REL
9:1-24,HFP-11,L1,G,G/L1/2F/SD24/Corr.Nr GE2011
9:1-25,HFP-11,L1,G,G/L1/2F/SD25/AFC Corr.Nr GE2011
9:1-26,HFP-11,L1,G,G/L1/2F/SD26/Corr.Nr GE2011
9:1-27,HFP-11,L1,G,G/L1/2F/SD27/AFC Corr.Nr GE2022
9:1-28,HFP-11,L1,G,G/L1/2F/SD28/Corr.Nr GE2022
9:1-29,HFP-11,L1,G,G/L1/2F/SD29/Corr.Nr GE2/S12
9:1-30,HFP-11,L1,G,G/L1/2F/SD30/Corr.Nr GE2041
9:1-31,HFP-11,L1,G,G/L1/2F/SD31/Corr.Nr GE2041
9:1-32,HFP-11,L1,G,G/L1/2F/SD32/Corr.Nr HW2060
9:1-33,HTRI-S,L1,G,G/L1/2F/MM33/GE2011
9:1-34,HTRI-S,L1,G,G/L1/2F/MM34/GE2012
9:1-35,HTRI-S,L1,G,G/L1/1F/MM35/GE1010A
9:1-36,HTRI-S,L1,G,G/L1/1F/MM36/GE1010
9:1-37,HTRI-S,L1,G,G/L1/1F/MM37/GE1020A
9:1-38,HTRI-S,L1,G,G/L1/1F/MM38/GE1020
9:1-39,HTRI-S,L1,G,G/L1/1F/MM39/GE1030
9:1-40,HTRI-S,L1,G,G/L1/1F/MM40/GE1050
9:1-41,HTRI-S,L1,G,G/L1/2F/MM41/GW2060
9:1-42,HTRI-R,L1,G,G/L1/2F/CM42/GE AHU Rm
9:1-43,HFP-11,L1,G,G/L1/2F/SD43/GE AHU Rm
9:1-44,HFP-11,L1,G,G/L1/2F/SD44/GE Electric rm
9:1-45,HTRI-R,L1,G,G/L1/1F/CM45/GW AHU RM
9:1-46,HFP-11,L1,G,G/L1/1F/SD46/GW AHU Rm
9:1-47,HTRI-S,L1,G,G/L1/2F/MM47/GW2070
9:1-48,HTRI-S,L1,G,G/L1/2F/MM48/GW2080
9:1-49,HTRI-R,L1,G,G/L1/1F/CM49/GW Lift Lobby
9:1-50,HMS-S/D/M/SA,L1,G,G/L1/1F/MCP50/GW Lift Lobby
9:1-51,HTRI-S,L1,G,G/L1/1F/MM51/GW Lift Lobby
9:1-52,HTRI-S,L1,G,G/L1/2F/MM52/GW2090
9:1-53,HFP-11,L1,G,G/L1/1F/SD53/GW Electric Rm
9:1-54,HFP-11,L1,G,G/L1/1F/SD54/GW Small corr.
9:1-55,HFP-11,L1,G,G/L1/1F/SD55/GW Small corr.
9:1-56,HTRI-S,L1,G,G/L1/2F/MM56/GW2010
9:1-57,HTRI-S,L1,G,G/L1/1F/MM57/GW2040
9:1-58,HTRI-R,L1,G,G/L1/1F/CM58/GE Lift Lobby
9:1-59,HMS-S/D/M/SA,L1,G,G/L1/1F/MCP59/GE Lift Lobby
9:1-60,HTRI-S,L1,G,G/L1/1F/MM60/GE Lift Lobby
9:1-61,HFP-11,L1,G,G/L1/1F/SD61/GE Lift Lobby
9:1-62,HFP-11,L1,G,G/L1/1F/SD62/GE Lift Lobby
9:1-63,HTRI-R,L1,G,G/L1/1F/CM63/GE AHU Rm
9:1-64,HFP-11,L1,G,G/L1/1F/SD64/GE AHU Rm
9:1-65,HTRI-R,L1,G,G/L1/1F/CM65/GE dr release
9:1-66,HFP-11,L1,G,G/L1/1F/SD66/GE Electric rm
9:1-67,HFP-11,L1,G,G/L1/1F/SD67/GE CORR NR ELCT RM
9:1-68,HFP-11,L1,G,G/L1/1F/SD68/GE CORR NR GE1010
9:1-69,HFP-11,L1,G,G/L1/1F/SD69/GE CORR NR GE1050AF
9:1-70,HTRI-S,L1,G,G/L1/GW/2F/MM70/GW2050
9:1-73,HMS-S/D/M/SA,L1,G,G/L1/HW/GND/MCP73/Corr Nr BVC Ca
9:1-74,HTRI-S,L1,G,G/L1/2F/MM74/HW2070
9:1-75,HTRI-S,L1,G,G/L1/2F/MM75/GE2042
9:1-76,HTRI-R,L1,G,G/L1/HW/GND/CM76/CorrNrBVCCabAFC
9:1-77,HFP-11,L1,G,G/L1/GW1010/SD77/AFC Nr Cab 2
9:1-78,HTRI-S,L1,G,G/L1/2F/MM078/GE2031
9:1-79,FDOT421,L1,G,G/L1/HW/GND/SD79/Corr Nr Habib H
9:1-80,XTRI-S,L1,G,G/L1/2F/MM080/FW2120
9:1-82,FDOT421,L1,G,G/L1/HW/GND/SD82/Corr Nr Habib H
9:1-83,FDOT421,L1,G,G/L1/HW/GND/SD83/Corr Nr B.K Fre
9:1-84,FDOT421,L1,G,G/L1/HW/GND/SD84/CorrNrB.KFreAFC
9:1-85,FDOT421,L1,G,G/L1/HW/GND/SD85/Corr Nr Sequel 
9:1-86,HFP-11,L1,G,G/L1/HW/SD86/Food court washrm
9:1-87,HFP-11,L1,G,G/L1/HW/SD87/Food court washrm
9:1-88,FDOT421,L1,G,G/L1/HW/GND/SD88/B.K Freight Mai
9:1-89,FDOT421,L1,G,G/L1/HW/GND/SD89/B.K Freight Psg
9:1-90,HFP-11,L1,G,G/L1/HW/SD90/AFC Wagh bakri tea 
9:1-91,FDOT421,L1,G,G/L1/HW/GND/SD91/B.K Freight Psg
9:1-93,HMS-S/D/M/SA,L1,G,G/L1/HW/GND/MCP93/B.K Freight En
9:1-94,HFPT-11,L1,G,G/L1/HW/HD94/HARI OM BHELPURI
9:1-95,HFPT-11,L1,G,G/L1/HW/HD95/SAINATH SNAKS
9:1-96,HFPT-11,L1,G,G/L1/HW/HD96/NIDI JUICE CANTER
9:1-97,HFPT-11,L1,G,G/L1/HW/HD97/DEEPAK SANDWITCH
9:1-98,HFPT-11,L1,G,G/L1/HW/HD98/SOLLY PAV BHAJI
9:1-99,HFPT-11,L1,G,G/L1/HW/HD99/JAIHIND SNACKS
9:1-100,HFP-11,L1,G,G/L1/HW/SD100/FOOD COURT BACK PS
9:1-101,HFP-11,L1,G,G/L1/HW/SD101/FOOD COURT BACK PS
9:1-103,HTRI-S,L1,G,G/L1/1F/MM103/GW1060
9:1-104,HTRI-S,L1,G,G/L1/1F/MM104/GW1050
9:1-105,HFP-11,L1,G,G/L1/HW/SD105/FOOD COURT FRONT P
9:1-106,HFP-11,L1,G,G/L1/HW/SD106/FOOD COURT FRONT P
9:1-108,HFP-11,L1,G,G/L1/HW/SD108/FOOD COURT FRONT P
9:1-109,HTRI-R,L1,G,G/L1/HW/GND/CM109/B.K Freight En
9:1-109,HTRI-R,L1,G,G/L1/HW/GND/CM109/B.K Freight En
9:1-110,HTRI-S,L1,G,G/L1/E/UB/MM110/ELEC RM NR G BMS
9:1-111,HFP-11,L1,G,G/L1/E/UB/SD111/ELEC RM G BMS
9:1-112,HFP-11,L1,G,G/L1/W/UB/SD112/ELE RM PILER 791
9:1-113,HFP-11,L1,G,G/L1/E/UB/SD113/LIFT MC RM G BMS
9:1-114,HFP-11,L1,G,G/L1/E/UB/SD114/G BMS ROOM
9:1-115,HTRI-S,L1,G,G/L1/E/UB/MM115/ELEC ROOM
9:1-116,HMS-S/D/M/SA,L1,G,G/L1/W/UB/MCP116/STRCAS NR P805
9:1-117,HTRI-R,L1,G,G/L1/W/UB/CM117/STRCAS NR P805
9:1-118,HMS-S/D/M/SA,L1,G,G/L1/W/UB/MCP118/RAMP 6 FIRE DR
9:1-119,XTRI-R,L1,G,G/L1/W/UB/CM119/RAMP 6 FIRE DR
9:1-120,HMS-S/D/M/SA,L1,G,G/L1/W/UB/MCP120/PSG P789 RAMP6 
9:1-121,HTRI-R,L1,G,G/L1/W/UB/CM121/PSG P789 RAMP 6
9:1-122,HMS-S/D/M/SA,L1,G,G/L1/W/UB/MCP122/STR CAS NR P766
9:1-123,XTRI-R,L1,G,G/L1/W/UB/CM123/STR CAS NR P766
9:1-124,HTRI-S,L1,G,G/L1/7/EC/UB/MM124/ELEC RM NR P7
9:1-125,XTRI-R,L1,G,G/L1/G/E/UB/CM125/STR CAS NR P84
9:1-126,HMS-S/D/M/SA,L1,G,G/L1/E/UB/MCP126/STR CAS NR P840
9:1-127,HMS-S/D/M/SA,L1,G,G/L1/E/LB/MCP127/RAMP 6 P-815
9:1-128,HTRI-R,L1,G,G/L1/E/LB/CM128/RAMP 6 P-815
9:1-129,HTRI-S,L1,G,G/L1/HW/GND/MM129/Jasraj Kalianj
9:1-130,XTRI-S,L1,G,G/L1/HW/GND/MM130/Inmovers Cargo
9:1-131,XTRI-S,L1,G,G/L1/HW/GND/MM131/Habib Haji Cab
9:1-133,XTRI-S,L1,G,G/L1/HW/GND/MM133/Adarsh Clearin
9:1-134,HMS-S/D/M/SA,L1,G,G/L1/GE/GND/MCP134/LIFT LOBBY
9:1-135,HTRI-R,L1,G,G/L1/GE/GND/CM135/LIFT LOBBY
9:1-136,HTRI-S,L1,G,G/L1/GE/GND/MM136/LIFT LOBBY
9:1-137,HFP-11,L1,G,G/L1/GE/GND/SD137/ELECT.RM
9:1-138,HFP-11,L1,G,G/L1/GE/GND/SD138/LIFT LOBBY
9:1-139,HFP-11,L1,G,G/L1/GE/GND/SD139/LIFT LOBBY
9:1-140,HFP-11,L1,G,G/L1/GE/GND/SD140/LIFT LOBBY
9:1-141,HFP-11,L1,G,G/L1/GE/GND/SD141/LIFT LOBBY
9:1-142,HTRI-R,L1,G,G/L1/GE/GND/CM142AHU RM
9:1-143,HFP-11,L1,G,G/L1/GE/GND/SD143/AHU RM
9:1-144,HMS-S/D/M/SA,L1,G,G/L1/GW/GND/MCP144/LIFT LOBBY
9:1-145,HTRI-R,L1,G,G/L1/GW/GND/CM145/LIFT LOBBY
9:1-146,HTRI-S,L1,G,G/L1/GW/GND/MM146/LIFT LOBBY
9:1-147,HFP-11,L1,G,G/L1/GW/GND/SD147/ELECT.RM
9:1-148,HFP-11,L1,G,G/L1/GW/GND/SD148/LIFT LOBBY
9:1-149,HFP-11,L1,G,G/L1/GW/GND/SD149/LIFT LOBBY
9:1-150,HFP-11,L1,G,G/L1/GW/GND/SD150/LIFT LOBBY
9:1-151,HFP-11,L1,G,G/L1/GW/GND/SD151/LIFT LOBBY
9:1-152,HFP-11,L1,G,G/L1/GW/GND/SD152/LIFT LOBBY
9:1-153,HTRI-R,L1,G,G/L1/GW/GND/CM153/AHU RM
9:1-154,HFP-11,L1,G,G/L1/GW/GND/SD154/AHU RM
9:1-156,HMS-S/D/M/SA,L1,H,H/L1/HW/GND/MCP156/LIFT LOBBY
9:1-157,HTRI-R,L1,H,H/L1/HW/GND/CM157/LIFT LOBBY
9:1-158,HTRI-S,L1,H,H/L1/HW/GND/MM158/LIFT LOBBY
9:1-159,HFP-11,L1,G,G/L1/GF/SD159/Electric Rm
9:1-160,HFP-11,L1,H,H/L1/HW/GND/SD160/LIFT LOBBY
9:1-161,HFP-11,L1,H,H/L1/HW/GND/SD161/LIFT LOBBY
9:1-162,HFP-11,L1,H,H/L1/HW/GND/SD162/LIFT LOBBY
9:1-163,HFP-11,L1,H,H/L1/HW/GND/SD163/LIFT LOBBY
9:1-164,HFP-11,L1,G,G/L1/GW2020/SD164/cab 1
9:1-165,HFP-11,L1,G,G/L1/GW2020/SD165/cab 2
9:1-166,HFP-11,L1,G,G/L1/GW2020/SD166/cab 3
9:1-167,HFP-11,L1,G,G/L1/GW2020/SD167/cab 4
9:1-168,HFP-11,L1,G,G/L1/GW2020/SD168/Entry Psg
9:1-169,HTRI-R,L1,G,G/L1/GW2020/CM169/Entry Psg
9:1-170,HMS-S/D/M/SA,L1,G,G/L1/GW2020/MCP170/Entry Psg
9:1-171,HFP-11,L1,G,G/L1/GW2110/SD171/cab 1
9:1-172,HFP-11,L1,G,G/L1/GW2110/SD172/cab 2
9:1-173,HFP-11,L1,G,G/L1/GW2110/SD173/cab 3
9:1-174,HFP-11,L1,G,G/L1/GW2110/SD174/Accounts cab
9:1-175,HFP-11,L1,G,G/L1/GW2110/SD175/Psg nr accouts
9:1-176,HTRI-R,L1,G,G/L1/GW2110/CM176/Entry dr Psg
9:1-177,HMS-S/D/M/SA,L1,G,G/L1/GW2110/MCP177/Entry dr Psg
9:1-178,HFP-11,L1,G,G/L1/GW1040/SD178/Main cab
9:1-179,HFP-11,L1,G,G/L1/GW1040/SD179/Entry Psg
9:1-180,HTRI-R,L1,G,G/L1/GW1040/CM180/Entry Psg
9:1-181,HMS-S/D/M/SA,L1,G,G/L1/GW1040/MCP181/Entry Psg
9:1-182,HFP-11,L1,G,G/L1/GW1010/SD182/Designer cab
9:1-183,HFP-11,L1,G,G/L1/GW1010/SD183/Accounts cab1
9:1-184,HFP-11,L1,G,G/L1/GW1010/SD184/Accounts cab1
9:1-185,HFP-11,L1,G,G/L1/GW1010/SD185/Accounts cab2
9:1-186,HFP-11,L1,G,G/L1/GW1010/SD186/Entry dr Psg
9:1-187,HTRI-R,L1,G,G/L1/GW1010/CM187/Entry dr Psg
9:1-188,HMS-S/D/M/SA,L1,G,G/L1/GW1010/MCP188/Entry dr Psg
9:1-189,HFP-11,L1,G,G/L1/GE/SD189/Psg MR Washrm
9:1-190,HFP-11,L1,G,G/L1/GE/SD190/MR Executive area
9:1-192,HFP-11,L1,G,G/L1/GE/SD192/MR Call centre are
9:1-193,HFP-11,L1,G,G/L1/GE/SD193/MR Security
9:1-194,HFP-11,L1,G,G/L1/GE/SD194/MR AM cab
9:1-195,HMS-S/D/M/SA,L1,G,G/L1/GE/MCP195/Psg nr MR AM cab
9:1-196,HFP-11,L1,G,G/L1/GE/SD196/Cab nr MR AM cab
9:1-197,HTRI-R,L1,G,G/L1/GE/CM197/AFC MR Exec.cab
9:1-199,HFP-11,L1,G,G/L1/G/GW1020/SD199/Main cab
9:1-200,HFP-11,L1,G,G/L1/GW1020/SD200/Assorter cab
9:1-201,HFP-11,L1,G,G/L1/GW1020/SD201/Entry Psg
9:1-202,HFP-11,L1,G,G/L1/GW1020/SD202/Entry Psg
9:1-203,HFP-11,L1,G,G/L1/GW1020/SD203/Entry Psg
9:1-204,HTRI-R,L1,G,G/L1/GW1020/CM204/Entry Psg
9:1-205,HMS-S/D/M/SA,L1,G,G/L1/GW1020/MCP205/Entry Psg
9:1-206,HFP-11,L1,G,G/L1/FW2130/SD206/Main cab
9:1-207,HFP-11,L1,G,G/L1/FW2130/SD207/Assorter cab
9:1-208,HFP-11,L1,G,G/L1/FW2130/SD208/Entry dr Psg
9:1-209,HFP-11,L1,G,G/L1/FW2130/SD209/Pantry
9:1-210,HTRI-R,L1,G,G/L1/FW2130/CM210/Entry dr Psg
9:1-211,HMS-S/D/M/SA,L1,G,G/L1/FW2130/MCP211/Entry dr Psg
9:1-212,HFP-11,L1,G,G/L1/GE2022/SD212/Main Cab
9:1-213,HFP-11,L1,G,G/L1/GE2022/SD213/PSG NR MAIN CA
9:1-214,HFPT-11,L1,G,G/L1/GE2022/HD214/PANTRY
9:1-215,HFP-11,L1,G,G/L1/GE2022/SD215/ACCOUNT CABIN
9:1-216,HFP-11,L1,G,G/L1/GE2022/SD216/BAGKAR CABIN
9:1-217,HFP-11,L1,G,G/L1/GE2022/SD217/CVD CABIN
9:1-218,HFP-11,L1,G,G/L1/GE2021/SD218/ROUGH ASSORTO
9:1-219,HFP-11,L1,G,G/L1/GE2022/SD219/MANAGER CABIN
9:1-220,HFP-11,L1,,/L1/GE2022/SD220/POLISH ASSORTOR
9:1-221,HFP-11,L1,G,G/L1/GE2021/SD221/MANAGER CABIN
9:1-222,HTRI-R,L1,G,G/L1/GE2022/CM222/ENTRY PSG AFC
9:1-223,HFP-11,L1,G,G/L1/GW2030/SD223/Main Cabin
9:1-224,HFP-11,L1,G,G/L1/GW2030/SD224/Cabin 2
9:1-225,HFP-11,L1,G,G/L1/GW2030/SD225/Cabin 3
9:1-226,HFP-11,L1,G,G/L1/GW2030/SD226/PsgNrCabin 2
9:1-227,HFP-11,L1,G,G/L1/GW2030/SD227/Pantry
9:1-228,HMS-S/D/M/SA,L1,G,G/L1/GW2030/MCP228/Entry dr Psg
9:1-229,HTRI-R,L1,G,G/L1/GW2030/CM229/Entry Psg  AFC
9:1-230,HMS-S/D/M/SA,L1,G,G/L1/GE2022/MCP230/ENTRY PSG
9:1-231,XTRI-S,L1,G,G/L1/HW/GND/MM231/Sequel Cab
9:1-232,XTRI-S,L1,G,G/L1/HW/GND/MM232/BVC Chinai Pvt
9:1-233,XTRI-S,L1,G,G/L1/HW/GND/MM233/Ferrari Cab
9:1-235,HFP-11,L1,G,G/L1/GE1080/SD235/Cab 1
9:1-236,HFP-11,L1,G,G/L1/GE1080/SD236/Cab 2
9:1-237,HFP-11,L1,G,G/L1/GE1080/SD237/Cab 3
9:1-238,HFP-11,L1,G,G/L1/GE1080/SD238/Cab 4
9:1-239,HFP-11,L1,G,G/L1/GE1080/SD239/Cab 5
9:1-240,HFP-11,L1,G,G/L1/GE1080/SD240/Cab 6
9:1-241,HFP-11,L1,G,G/L1/GE1080/SD241/Pantry
9:1-242,HFP-11,L1,G,G/L1/GE1080/SD242/Cab 7
9:1-243,HFP-11,L1,G,G/L1/GE1080/SD243/Cab 8
9:1-244,HTRI-R,L1,G,G/L1/GE1080/CM244/AFC Entry psg
9:1-245,HMS-S/D/M/SA,L1,G,G/L1/GE1080/MCP245/Entry psg
9:1-246,HFPT-11,L1,G,G/L1/FW2130/HD246/Pantry
9:2-1,HTRI-R,L2,G,G/L2/HE/2F/CM1/ HE LIFT LOBY
9:2-2,HMS-S/D/M/SA,L2,G,G/L2/HE/2F/MCP2/HE LIFT LOBY
9:2-3,HTRI-S,L2,G,G/L2/HE/2F/MM3/LIFT LOBY
9:2-4,HFP-11,L2,G,G/L2/HE/2F/SD4/LIFT LOBBY
9:2-6,HFP-11,L2,G,G/L2/HE/2F/SD6/CORR NR HW2090
9:2-7,HFP-11,L2,G,G/L2/HE/2F/SD7/CORR NR HW2090
9:2-8,HTRI-R,L2,G,G/L2/HE/2F/CM8/AHU RM
9:2-9,HFP-11,L2,G,G/L2/HE/2F/SD9/AHU RM
9:2-10,HFP-11,L2,G,G/L2/HE/2F/SD10/ELECT RM
9:2-11,HTRI-R,L2,G,G/L2/HW/2F/CM11/LIFT LOBY
9:2-12,HMS-S/D/M/SA,L2,G,G/L2/HW/2F/MCP12/LIFT LOBY
9:2-13,HTRI-S,L2,G,G/L2/HW/2F/MM13/LIFT LOBY
9:2-14,HFP-11,L2,G,G/L2/HW/2F/SD14/LIFT LOBBY
9:2-15,HTRI-R,L2,G,G/L2/HW/2F/CM15/DR RELEASE
9:2-16,HTRI-R,L2,G,G/L2/HW/2F/CM16/AHU RM
9:2-16,HTRI-R,L2,G,G/L2/HW/2F/CM16/AHU RM
9:2-17,HFP-11,L2,G,G/L2/HW/2F/SD17/AHU RM
9:2-18,HFP-11,L2,G,G/L2/HW/2F/SD18/ELECT RM
9:2-19,HFP-11,L2,G,G/L2/HW/2F/SD19/CORR NR HW 2130
9:2-20,HFP-11,L2,G,G/L2/HW/2F/SD20/CORR NR HW 2130
9:2-21,HFP-11,L2,G,G/L2/HW/2F/SD21/CORR NR HW 2110
9:2-22,HFP-11,L2,G,G/L2/HW/2F/SD22/CORR NR S/15
9:2-23,HFP-11,L2,G,G/L2/HW/2F/SD23/CORR NR S/15
9:2-24,HTRI-R,L2,G,G/L2/HE/1F/CM24/FIRE SHAFT L.L.
9:2-25,HMS-S/D/M/SA,L2,G,G/L2/HE/1F/MCP25/FIRE SHAFT L.L
9:2-26,HTRI-S,L2,G,G/L2/HE/1F/MM26/FIRE SHAFT L.L.
9:2-27,HFP-11,L2,G,G/L2/HE/1F/SD27/LIFT LOBBY SD E
9:2-28,HTRI-S,L2,G,G/L2/HW/2F/MM28/HW2010
9:2-30,HFP-11,L2,G,G/L2/HE/1F/SD30/ELECT RM SD
9:2-31,HTRI-R,L2,G,G/L2/HW/1F/CM31/FIRE SHAFT L.L.
9:2-32,HMS-S/D/M/SA,L2,G,G/L2/HW/1F/MCP32/FIRE SHAFT L.L
9:2-33,HTRI-S,L2,G,G/L2/HW/1F/MM33/FIRE SHAFT L.L.
9:2-34,HFP-11,L2,G,G/L2/HW/1F/SD34/LIFT LOBBY SD E
9:2-35,HTRI-R,L2,G,G/L2/HW/1F/CM35/AHU RM CM
9:2-36,HFP-11,L2,G,G/L2/HW/1F/SD36/AHU RM SD
9:2-37,HTRI-R,L2,G,G/L2/HW/1F/CM37/DR RELESE CM
9:2-38,HFP-11,L2,G,G/L2/HW/1F/SD38/ELECT RM SD
9:2-39,HFP-11,L2,G,G/L2/HW/1F/SD39/CORR NR E.R.
9:2-40,HFP-11,L2,G,G/L2/HW/1F/SD40/CORR NR HW 1120
9:2-41,HFP-11,L2,G,G/L2/HW/1F/SD41/CORR NR HW 1120
9:2-42,HFP-11,L2,G,G/L2/HW/1F/SD42/CORR NR MIDDLE
9:2-43,HFP-11,L2,G,G/L2/HW/1F/SD43/CORR NR MIDDLE
9:2-44,HTRI-R,L2,G,G/L2/HW/1F/CM44/FIRE ESC STR
9:2-46,HFP-11,L2,G,G/L2/HW/1F/SD46/CORR NR S/24
9:2-47,HFP-11,L2,G,G/L2/ HW/1F/SD47/CORR NR S/24
9:2-48,HFP-11,L2,G,G/L2/HW/1F/SD48/CORR NR HW1030
9:2-49,HFP-11,L2,G,G/L2/HW/1F/SD49/CORR NR HW1030
9:2-50,HFP-11,L2,G,G/L2/HW/1F/SD50/CORR NR HW1118
9:2-51,HFP-11,L2,G,G/L2/HW/1F/SD51/CORR NR HW1210
9:2-52,HFP-11,L2,G,G/L2/HW/1F/SD52/CORR NR HW1210
9:2-53,HFP-11,L2,G,G/L2/HW/1F/SD53/CORR NR HW1190
9:2-54,HFP-11,L2,G,G/L2/HW/1F/SD54/CORR NR HW1190
9:2-55,HFP-11,L2,G,G/L2/HW/1F/SD55/CORR NR HW1170
9:2-56,HFP-11,L2,G,G/L2/HW/1F/SD56/CORR NR HW1150
9:2-57,HFP-11,L2,G,G/L2/HW/1F/SD57/CORR NR HW1150
9:2-58,HFP-11,L2,G,G/L2/HW/1F/SD58/CORR NR HW 1140
9:2-59,HFP-11,L2,G,G/L2/HW/1F/SD59/CORR NR HW1130
9:2-60,HFP-11,L2,G,G/L2/HW/1F/SD60/CORR NR HW1130
9:2-61,HFP-11,L2,G,G/L2/HW/2F/SD61/ HW2091
9:2-62,HFP-11,L2,G,G/L2/HW/2F/SD62/ HW2092
9:2-63,HFP-11,L2,G,G/L2/HW/2F/SD63/CORR NR HW2040
9:2-64,HFP-11,L2,G,G/L2/HW/2F/SD64/CORR NR HW2030
9:2-65,HFP-11,L2,G,G/L2/HW/2F/SD65/CORR NR HW2030
9:2-66,HTRI-R,L2,G,G/L2/HW/2F/CM66/FIRE SHAFT
9:2-67,HMS-S/D/M/SA,L2,G,G/L2/HW/2F/MCP67/FIRE SHAFT
9:2-68,HTRI-S,L2,G,G/L2/1F/MM68/HW1150
9:2-69,HTRI-S,L2,G,G/L2/2F/MM69/HW2030
9:2-70,HTRI-S,L2,G,G/L2/2F/MM70/HW2040
9:2-71,HTRI-S,L2,G,G/L2/2F/MM71/HW2092
9:2-72,HTRI-S,L2,G,G/L2/2F/MM72/HW2091
9:2-76,HTRI-S,L2,G,G/L2/2F/MM76/HW2080
9:2-77,HTRI-S,L2,G,G/L2/1F/MM77/HW1040
9:2-80,HTRI-S,L2,G,G/L2/7/EC3/1F/MM80/HW2130A
9:2-81,HTRI-S,L2,G,G/L2/7/EC3/1F/MM81/HW2130
9:2-82,HTRI-S,L2,G,G/L2/7/EC3/1F/MM82/HW2120
9:2-83,HTRI-S,L2,G,G/L2/7/EC3/1F/MM83/HW2110
9:2-84,HTRI-S,L2,G,G/L2/7/EC3/1F/MM84/HW2100
9:2-85,HTRI-S,L2,G,G/L2/HW/1F/MM85/HW1120
9:2-90,HTRI-S,L2,G,G/L2/1F/MM90/HW1020
9:2-91,HTRI-S,L2,G,G/L2/1F/MM91/HW1030
9:2-92,HTRI-S,L2,G,G/L2/1F/MM92/HW1060
9:2-93,HTRI-S,L2,G,G/L2/1F/MM93/HW1122
9:2-94,HTRI-S,L2,G,G/L2/1F/MM94/HW1140
9:2-95,HTRI-S,L2,G,G/L2/1F/MM95/HW1200
9:2-96,HTRI-S,L2,G,G/L2/1F/MM96/HW1180
9:2-166,HMS-S/D/M/SA,L2,H,H/L2/HE/GND/MCP166/LIFT LOBBY
9:2-167,HTRI-R,L2,H,H/L2/HE/GND/CM167/LIFT LOBBY
9:2-168,HTRI-S,L2,H,H/L2/HE/GND/MM168/LIFT LOBBY
9:2-169,HFP-11,L2,H,H/L2/HE/GND/SD169/HE GND AHU RM
9:2-170,HFP-11,L2,H,H/L2/HE/GND/SD170/LIFT LOBBY
9:2-198,HFP-11,L2,G,G/L2/HW1160/SD198/Main cab1
9:2-199,HFP-11,L2,G,G/L2/HW1160/SD199/Main cab2
9:2-200,HFP-11,L2,G,G/L2/HW1160/SD200/Assorter cab
9:2-201,HFP-11,L2,G,G/L2/HW1160/SD201/Entry dr Psg
9:2-202,HTRI-R,L2,G,G/L2/HW1160/CM202/Entry dr Psg
9:2-203,HMS-S/D/M/SA,L2,G,G/L2/HW1160/MCP203/Entry dr Psg
9:2-204,HFP-11,L2,G,G/L2/HW1190/SD204/Account cab
9:2-205,HFP-11,L2,G,G/L2/HW1190/SD205/Main cab
9:2-206,HFP-11,L2,G,G/L2/HW1190/SD206/Assorter cab
9:2-207,HFP-11,L2,G,G/L2/HW1190/SD207/Entry dr Psg
9:2-208,HFP-11,L2,G,G/L2/HW1190/SD208/Pantry
9:2-209,HTRI-R,L2,G,G/L2/HW1190/CM209/Entry dr Psg
9:2-210,HMS-S/D/M/SA,L2,G,G/L2/HW1190/MCP210/Entry dr Psg
9:2-211,HFP-11,L2,G,G/L2/HW1170/SD211/Main cab
9:2-212,HFP-11,L2,G,G/L2/HW1170/SD212/Account cab
9:2-213,HFP-11,L2,G,G/L2/HW1170/SD213/Psg nr Acc cab
9:2-214,HFP-11,L2,G,G/L2/HW1170/SD214/Assorter cab
9:2-215,HFP-11,L2,G,G/L2/HW1170/SD215/Pantry
9:2-216,HTRI-R,L2,G,G/L2/HW1170/CM216/Entry dr Psg
9:2-217,HMS-S/D/M/SA,L2,G,G/L2/HW1170/MCP217/Entry dr Psg
9:2-218,HFP-11,L2,G,G/L2/HW1090/SD218/Main cab
9:2-219,HFP-11,L2,G,G/L2/HW1090/SD219/Assorter cab
9:2-220,HFP-11,L2,G,G/L2/HW1090/SD220/Pantry
9:2-221,HTRI-R,L2,G,G/L2/HW1090/CM221/Entry Psg
9:2-222,HMS-S/D/M/SA,L2,G,G/L2/HW1090/MCP222/Entry Psg
9:2-223,HFP-11,L2,G,G/L2/HW1130/SD223/Main cab1
9:2-224,HFP-11,L2,G,G/L2/HW1130/SD224/Main cab2
9:2-225,HFP-11,L2,G,G/L2/HW1130/SD225/Main cab3
9:2-226,HFP-11,L2,G,G/L2/HW1130/SD226/Pantry
9:2-227,HFP-11,L2,G,G/L2/HW1130/SD227/Psg nr Pantry
9:2-228,HTRI-R,L2,G,G/L2/HW1130/CM228/Entry dr Psg
9:2-229,HMS-S/D/M/SA,L2,G,G/L2/HW1130/MCP229/Entry dr Psg
9:2-230,HFP-11,L2,G,G/L2/HW1210/SD230/Account cab
9:2-231,HFP-11,L2,G,G/L2/HW1210/SD231/Main cab
9:2-232,HFP-11,L2,G,G/L2/HW1210/SD232/Entry Psg
9:2-233,HTRI-R,L2,G,G/L2/HW1210/CM233/Entry Psg
9:2-234,HMS-S/D/M/SA,L2,G,G/L2/HW1210/MCP234/Entry Psg
9:2-235,HFP-11,L2,H,H/L2/WC/1F/HW1050/SD235/MainCab
9:2-236,HFP-11,L2,H,H/L2/WC/1F/HW1050/SD236/AcountCa
9:2-237,HFP-11,L2,H,H/L2/WC/1F/HW1050/SD237/AcountCa
9:2-238,HFPT-11,L2,H,H/L2/WC/1F/HW1050/HD238/Pantry
9:2-239,HFP-11,L2,H,H/L2/WC/1F/HW1050/SD239/Entry Ps
9:2-240,HTRI-R,L2,H,H/L2/WC/1F/HW1050/CM240/Entry Ps
9:2-241,HMS-S/D/M/SA,L2,H,H/L2/WC/1F/HW1050/MCP241/MainEnt
9:3-1,HTRI-R,L3,G,G/L3/W/4F/CM1/AHU RM 
9:3-1,HTRI-R,L3,G,G/L3/W/4F/CM1/AHU RM 
9:3-2,HFP-11,L3,G,G/L3/W/4F/SD2/AHU RM 
9:3-3,HFP-11,G,L3,L3/G/HW/4F/SD3/COR NR AHU RM
9:3-4,XTRI-R,L3,G,G/L3/W/4F/CM4/NR LIFT LOBY
9:3-5,HMS-S/D/M/SA,L3,G,G/L3/W/4F/MCP5/LIFT LOBY
9:3-6,HTRI-S,L3,G,G/L3/W/4F/MM6/LIFT LOBY
9:3-7,HFP-11,L3,G,G/L3/W/4F/SD7/LIFT LOBBY
9:3-8,HFP-11,L3,G,G/L3/W/4F/SD8/LIFT LOBBY
9:3-9,HTRI-R,L3,G,G/L3/W/4F/CM9/DR RELEASE
9:3-10,HFP-11,L3,G,G/L3/W/4F/SD10/ELECT RM
9:3-11,HFP-11,L3,G,G/L3/W/4F/SD11/ CORR NR GW 4050
9:3-12,HFP-11,L3,G,G/L3/W/4F/SD12/ CORR NR GW 4050
9:3-13,HFP-11,L3,G,G/L3/W/4F/SD13/ CORR NR GW 4040
9:3-14,HFP-11,L3,G,G/L3/W/4F/SD14/ CORR NR GW4031
9:3-15,HFP-11,L3,G,G/L3/W/4F/SD15/CORR NR GW4031
9:3-16,HFP-11,L3,G,G/L3/W/4F/SD16/MIDDLE PASSAGE
9:3-17,HTRI-R,L3,G,G/L3/E/4F/CM17/GE LOFT LOBY
9:3-18,HMS-S/D/M/SA,L3,G,G/L3/E/4F/MCP18/NR FIRE EXIT
9:3-19,HTRI-S,L3,G,G/L3/E/4F/MM19/NR FIRE EXIT
9:3-20,HFP-11,L3,G,G/L3/E/4F/SD20/LIFT LOBBY
9:3-21,HFP-11,L3,G,G/L3/E/4F/SD21/LIFT LOBBY
9:3-22,HTRI-R,L3,G,G/L3/E/4F/CM22/DR RELEASE
9:3-23,HFP-11,L3,G,G/L3/E/4F/SD23/ELECT RM
9:3-24,HTRI-R,L3,G,G/L3/E/4F/CM24/AHU RM 
9:3-25,HFP-11,L3,G,G/L3/E/4F/SD25/AHU RM 
9:3-26,HFP-11,L3,G,G/L3/E/4F/SD26/ CORR NR 7/S02
9:3-27,HFP-11,L3,G,G/L3/E/4F/SD27/ CORR NR 7/S02
9:3-28,HFP-11,L3,G,G/L3/E/4F/SD28/MIDDLE PASSAGE
9:3-29,HFP-11,L3,G,G/L3/E/4F/SD29/CORR NR GW4/S12
9:3-30,HFP-11,L3,G,G/L3/E/4F/SD30/CORR NR GE4/S25
9:3-31,HFP-11,L3,G,G/L3/E/4F/SD31/CORR NR GE4/S13
9:3-32,HFP-11,L3,G,G/L3/E/4F/SD32/CORR NR GE4030
9:3-33,HFP-11,L3,G,G/L3/E/4F/SD33/CORR NR GE4030
9:3-34,HFP-11,L3,G,G/L3/E/4F/SD34/CORR NR S/14
9:3-35,HFP-11,L3,G,G/L3/E/4F/SD35/CORR NR HW4080
9:3-36,HTRI-R,L3,G,G/L3/E/4F/CM36/LIFT LOBY
9:3-37,HMS-S/D/M/SA,L3,G,G/L3/E/4F/MCP37/LIFT LOBY
9:3-38,XTRI-S,L3,G,G/L3/GE/3F/MM112/GE3040
9:3-39,HTRI-R,L3,G,G/L3/W/3F/CM39/AHU RM
9:3-40,HFP-11,L3,G,G/L3/W/3F/SD40/AHU RM
9:3-41,HFP-11,L3,G,G/L3/W/3F/SD41/CORR 
9:3-42,HTRI-R,L3,G,G/L3/W/3F/CM42/DR RELEASE
9:3-43,XTRI-R,L3,G,G/L3/W/3F/CM43/LIFT LOBY
9:3-44,HMS-S/D/M/SA,L3,G,G/L3/W/3F/MCP44/LIFT LOBY
9:3-45,HTRI-S,L3,G,G/L3/W/3F/MM45/LIFT LOBY
9:3-46,HFP-11,L3,G,G/L3/W/3F/SD46/LIFT LOBBY
9:3-47,HFP-11,L3,G,G/L3/W/3F/SD47/LIFT LOBBY
9:3-48,HTRI-R,L3,G,G/L3/W/3F/CM48/DR RELEASE
9:3-49,HFP-11,L3,G,G/L3/W/3F/SD49/CORR NR GW 3080
9:3-50,HFP-11,L3,G,G/L3/W/3F/SD50/CORR NR GW 3080
9:3-51,HFP-11,L3,G,G/L3/W/3F/SD51/CORR NR GW 3020
9:3-52,HFP-11,L3,G,G/L3/W/3F/SD52/CORR NR GW 3060
9:3-53,HFP-11,L3,G,G/L3/W/3F/SD53/CORR NR GW 3060
9:3-54,HTRI-R,L3,G,G/L3/E/3F/CM54/LIFT LOBY
9:3-55,HMS-S/D/M/SA,L3,G,G/L3/E/3F/MCP55/LIFT LOBY
9:3-56,HTRI-S,L3,G,G/L3/E/3F/MM56/LIFT LOBY
9:3-57,HFP-11,L3,G,G/L3/E/3F/SD57/LIFT LOBBY
9:3-58,HFP-11,L3,G,G/L3/E/3F/SD58/LIFT LOBBY
9:3-59,HTRI-R,L3,G,G/L3/E/3F/CM59/DR RELEASE
9:3-60,HTRI-R,L3,G,G/L3/E/3F/CM60/AHU RM
9:3-61,HFP-11,L3,G,G/L3/E/3F/SD61/AHU RM
9:3-62,HFP-11,L3,G,G/L3/E/3F/SD62/ELECT RM
9:3-63,HFP-11,L3,G,G/L3/E/3F/SD63/CORR NR GE 3010
9:3-64,HFP-11,L3,G,G/L3/E/3F/SD64/CORR NR GE3030
9:3-65,HFP-11,L3,G,G/L3/E/3F/SD65/CORR NR GW3031 
9:3-66,HFP-11,L3,G,G/L3/E/3F/SD66/CORR NR GE3100B
9:3-67,HFP-11,L3,G,G/L3/E/3F/SD67/CORR NR GE3100B
9:3-68,HFP-11,L3,G,G/L3/E/3F/SD68/CORR NR GE3/S25 
9:3-69,HFP-11,L3,G,G/L3/E/3F/SD69/CORR NR GW 3032
9:3-70,HFP-11,L3,G,G/L3/E/3F/SD70/CORR NR S/13
9:3-71,HFP-11,L3,G,G/L3/E/3F/SD71/CORR NR S/13
9:3-72,HFP-11,L3,G,G/L3/E/3F/SD72/CORR NR GE3090
9:3-73,HFP-11,L3,G,G/L3/E/3F/SD73/CORR NR GE3080
9:3-74,HFP-11,L3,G,G/L3/E/3F/SD74/CORR NR GE3070
9:3-75,HFP-11,L3,G,G/L3/E/3F/SD75/CORR NR GE 3051
9:3-76,XTRI-R,L3,G,G/L3/E/3F/CM76/CORR NR GE3060
9:3-77,HMS-S/D/M/SA,L3,G,G/L3/E/3F/MCP77/FIR EX NR GE3060
9:3-78,HFP-11,L3,G,G/L3/W/3F/SD78/ELECT RM
9:3-80,HTRI-S,L3,G,G/L3/W/4F/MM80/GW3050
9:3-81,HTRI-S,L3,G,G/L3/W/4F/MM081/GW4050
9:3-83,HTRI-S,L3,G,G/L3/W/4F/MM083/GW4033
9:3-86,HTRI-S,L3,G,G/L3/W/4F/MM086/GW4010
9:3-87,HTRI-S,L3,G,G/L3/W/4F/MM087/GW4021
9:3-90,HTRI-S,L3,G,G/L3/E/4F/MM090/GE4041
9:3-91,HTRI-S,L3,G,G/L3/E/4F/MM091/GE4030
9:3-92,HTRI-S,L3,G,G/L3/E/4F/MM92/HW4030
9:3-97,HTRI-S,L3,G,G/L3/W/3F/MM097/FW3170
9:3-99,HTRI-S,L3,G,G/L3/W/3F/MM099/GW3080
9:3-100,HTRI-S,L3,G,G/L3/W/3F/MM100/GW3020
9:3-102,HFP-11,L3,G,G/L3/W/SD102/CORR NR GW3060
9:3-107,HTRI-S,L3,G,G/L3/E/3F/MM107/GE3020
9:3-108,XTRI-S,L3,G,G/L3/GE/3F/MM108/GE3030
9:3-109,HTRI-S,L3,G,G/L3/E/3F/MM109/GE3100B
9:3-111,HTRI-S,L3,G,G/L3/E/3F/MM111/GE3100B
9:3-112,HTRI-S,L3,G,G/L3/E/3F/MM112/GE3040
9:3-113,HTRI-S,L3,G,G/L3/E/3F/MM113/GE3090
9:3-115,HTRI-S,L3,G,G/L3/E/3F/MM115/GE3080
9:3-116,HTRI-S,L3,G,G/L3/E/3F/MM116/GE3070
9:3-117,HTRI-S,L3,G,G/L3/E/3F/MM117/GE3051
9:3-118,HTRI-S,L3,G,G/L3/E/3F/MM118/GE3052
9:3-119,HTRI-S,L3,G,G/L3/E/3F/MM119/GE3060
9:3-123,HFP-11,L3,G,G/L3/HW4040/SD123/Main cab
9:3-124,HFP-11,L3,G,G/L3/HW4040/SD124/Assorter cab
9:3-125,HFP-11,L3,G,G/L3/HW4040/SD125/Accounts cab
9:3-126,HFP-11,L3,G,G/L3/HW4040/SD126/Pantry
9:3-127,HTRI-R,L3,G,G/L3/HW4040/CM127/Entry Psg
9:3-128,HMS-S/D/M/SA,L3,G,G/L3/HW4040/MCP128/Entry Psg
9:3-129,HFP-11,L3,G,G/L3/HW4050/SD129/MC 1
9:3-130,HFP-11,L3,G,G/L3/HW4050/SD130/MC 2
9:3-131,HFP-11,L3,G,G/L3/HW4050/SD131/Pass Nr MC2
9:3-132,HFP-11,L3,G,G/L3/HW4050/SD132/Pass Nr MC1
9:3-133,HFP-11,L3,G,G/L3/HW4050/SD133/MC3
9:3-134,HTRI-R,L3,G,G/L3/HW4050/CM134/Entry Door Pas
9:3-135,HMS-S/D/M/SA,L3,G,G/L3/HW4050/MCP135/Entry Door Pa
9:3-143,HFP-11,L3,G,G/L3/HW4020/SD143/Main cab
9:3-144,HFP-11,L3,G,G/L3/HW4020/SD144/Assorter cab
9:3-145,HFP-11,L3,G,G/L3/HW4020/SD145/Entry dr Psg
9:3-146,HTRI-R,L3,G,G/L3/HW4020/CM146/Entry dr Psg
9:3-147,HMS-S/D/M/SA,L3,G,G/L3/HW4020/MCP147/Entry dr Psg
9:3-148,HFP-11,L3,G,G/L3/GW4032/SD148/Accounts cab1
9:3-149,HFP-11,L3,G,G/L3/GW4032/SD149/Assorter cab1
9:3-150,HFP-11,L3,G,G/L3/GW4032/SD150/Main cab
9:3-151,HFP-11,L3,G,G/L3/GW4032/SD151/Accounts cab2
9:3-152,HFP-11,L3,G,G/L3/GW4032/SD152/Entry Psg
9:3-153,HTRI-R,L3,G,G/L3/GW4032/CM153/Entry Psg
9:3-154,HMS-S/D/M/SA,L3,G,G/L3/GW4032/MCP154/Entry Psg
9:3-155,HFP-11,L3,G,G/L3/GW3060/SD155/Main cab
9:3-156,HFP-11,L3,G,G/L3/GW3060/SD156/Assorter cab
9:3-157,HFP-11,L3,G,G/L3/GW3060/SD157/Entry Psg
9:3-158,HFPT-11,L3,G,G/L3/GW3060/HD158/Pantry
9:3-159,HTRI-R,L3,G,G/L3/GW3060/CM159/Entry Psg
9:3-160,HMS-S/D/M/SA,L3,G,G/L3/GW3060/MCP160/Entry Psg
9:3-161,HFP-11,L3,G,G/L3/GW3070/SD161/Main cab
9:3-162,HFP-11,L3,G,G/L3/GW3070/SD162/Accounts cab
9:3-163,HFP-11,L3,G,G/L3/GW3070/SD163/Psg nr Acct ca
9:3-164,HFP-11,L3,G,G/L3/GW3070/SD164/Psg nr Acct ca
9:3-165,HFP-11,L3,G,G/L3/GW3070/SD165/Pantry
9:3-166,HTRI-R,L3,G,G/L3/GW3070/CM166/Entry Psg
9:3-167,HMS-S/D/M/SA,L3,G,G/L3/GW3070/MCP167/Entry Psg
9:3-168,HFP-11,L3,G,G/L3/GW3040/SD168/Main cab
9:3-169,HFP-11,L3,G,G/L3/GW3040/SD169/Assorter cab 1
9:3-170,HFP-11,L3,G,G/L3/GW3040/SD170/Account cab
9:3-172,HFP-11,L3,G,G/L3/GW3040/SD172/Psg nr Assoert
9:3-173,HFP-11,L3,G,G/L3/GW3040/SD173/Pantry Psg
9:3-174,HTRI-R,L3,G,G/L3/GW3040/CM174/Entry dr PSg
9:3-175,HMS-S/D/M/SA,L3,G,G/L3/GW3040/MCP175/Entry dr PSg
9:3-176,HFP-11,L3,G,G/L3/GE3010/SD176/Main cab
9:3-177,HFP-11,L3,G,G/L3/GE3010/SD177/Assorter cab
9:3-178,HFP-11,L3,G,G/L3/GE3010/SD178/Entry Psg
9:3-179,HTRI-R,L3,G,G/L3/GE3010/CM179/Entry Psg
9:3-180,HMS-S/D/M/SA,L3,G,G/L3/GE3010/MCP180/Entry Psg
9:3-181,HFP-11,L3,G,G/L3/GW3031/SD181/Accounts cab
9:3-182,HFP-11,L3,G,G/L3/GW3031/SD182/Boiling cab
9:3-183,HFP-11,L3,G,G/L3/GW3031/SD183/Assorter cab 5
9:3-184,HFP-11,L3,G,G/L3/GW3031/SD184/Assorter cab 5
9:3-185,HFP-11,L3,G,G/L3/GW3031/SD185/cab 4
9:3-186,HFP-11,L3,G,G/L3/GW3031/SD186/Psg nr cab 4
9:3-187,HFP-11,L3,G,G/L3/GW3031/SD187/cab 3
9:3-188,HFP-11,L3,G,G/L3/GW3031/SD188/Psg nr cab 3
9:3-189,HFP-11,L3,G,G/L3/GW3031/SD189/cab 2
9:3-190,HFP-11,L3,G,G/L3/GW3031/SD190/cab 1
9:3-191,HFP-11,L3,G,G/L3/GW3031/SD191/cab 2
9:3-192,HFP-11,L3,G,G/L3/GW3031/SD192/cab 7
9:3-193,HFP-11,L3,G,G/L3/GW3031/SD193/cab 7
9:3-194,HFP-11,L3,G,G/L3/GW3031/SD194/Pantry
9:3-195,HFP-11,L3,G,G/L3/GW3031/SD195/Entry Psg
9:3-196,HMS-S/D/M/SA,L3,G,G/L3/GW3031/MCP196/Pantry Psg
9:3-197,HMS-S/D/M/SA,L3,G,G/L3/GW3031/MCP197/Psg nr cab6
9:3-198,HMS-S/D/M/SA,L3,G,G/L3/GW3031/MCP198/Entry dr Psg
9:3-200,HTRI-R,L3,G,G/L3/GW3031/CM200/PsgNr Cab6 AFC
9:3-203,HFP-11,L3,G,G/L3/GW4031/SD203/Main cab1
9:3-204,HFP-11,L3,G,G/L3/GW4031/SD204/Accounts cab1
9:3-205,HFP-11,L3,G,G/L3/GW4031/SD205/Main cab2
9:3-206,HFP-11,L3,G,G/L3/GW4031/SD206/Accounts cab2
9:3-207,HFP-11,L3,G,G/L3/GW4031/SD207/Main cab Psg
9:3-208,HFP-11,L3,G,G/L3/GW4031/SD208/Pantry
9:3-209,HFP-11,L3,G,G/L3/GW4031/SD209/Entry dr Psg
9:3-210,HTRI-R,L3,G,G/L3/GW4031/CM210/Entry dr Psg
9:3-211,HMS-S/D/M/SA,L3,G,G/L3/GW4031/MCP211/Entry dr Psg
9:3-212,HFP-11,L3,G,G/L3/GW3010/SD212/Pantry
9:3-213,HFP-11,L3,G,G/L3/GW3010/SD213/Lunch cab
9:3-214,HFP-11,L3,G,G/L3/GW3010/SD214/Account cab
9:3-215,HFP-11,L3,G,G/L3/GW3010/SD215/Assorter cab
9:3-216,HFP-11,L3,G,G/L3/GW3010/SD216/Boss cab3
9:3-217,HFP-11,L3,G,G/L3/GW3010/SD217/Boss cab3
9:3-218,HFP-11,L3,G,G/L3/GW3010/SD218/Buyer cab1
9:3-219,HFP-11,L3,G,G/L3/GW3010/SD219/Psg nr Buyer c
9:3-220,HFP-11,L3,G,G/L3/GW3010/SD220/Buyer cab2
9:3-221,HFP-11,L3,G,G/L3/GW3010/SD221/Command rm
9:3-222,HFP-11,L3,G,G/L3/GW3010/SD222/Meeting rm
9:3-223,HFP-11,L3,G,G/L3/GW3010/SD223/Boss cab2
9:3-224,HFP-11,L3,G,G/L3/GW3010/SD224/Boss cab 1
9:3-225,HFP-11,L3,G,G/L3/GW3010/SD225/Boss cab 1
9:3-226,HFP-11,L3,G,G/L3/GW3010/SD226/Entry dr Psg
9:3-227,HTRI-R,L3,G,G/L3/GW3010/CM227/Entry dr Psg
9:3-228,HMS-S/D/M/SA,L3,G,G/L3/GW3010/MCP228/Entry dr Psg
9:3-229,HFP-11,L3,G,G/L3/HW4060/SD229/Main cab
9:3-230,HFP-11,L3,G,G/L3/HW4060/SD230/Accounts cab
9:3-231,FDOT421,L3,G,G/L3/HW4060/SD231/Psg nr MC
9:3-232,HFP-11,L3,G,G/L3/HW4060/SD232/Pantry Psg
9:3-233,HTRI-R,L3,G,G/L3/HW4060/CM233/Entry Psg
9:3-234,HMS-S/D/M/SA,L3,G,G/L3/HW4060/MCP234/Entry Psg
9:3-235,HFP-11,L3,G,G/L3/FW3180/SD235/Pantry
9:3-236,HFP-11,L3,G,G/L3/FW3180/SD236/Main cab
9:3-237,HFP-11,L3,G,G/L3/FW3180/SD237/Main cab
9:3-238,HFP-11,L3,G,G/L3/FW3180/SD238/Account cab
9:3-239,HFP-11,L3,G,G/L3/FW3180/SD239/Entry dr Psg
9:3-240,HTRI-R,L3,G,G/L3/FW3180/CM240/Entry dr Psg
9:3-241,HMS-S/D/M/SA,L3,G,G/L3/FW3180/MCP241/Entry dr Psg
9:3-242,HFP-11,L3,G,G/L3/HW4060/SD242/Psg nr Main Ca
9:3-243,FDOT421,L3,G,G/L3/GW4031/SD243/Psg Nr Assort
9:4-1,HTRI-R,L4,G,G/L4/HE/4F/CM1/LIFT LOBY
9:4-2,HMS-S/D/M/SA,L4,G,G/L4/HE/4F/MCP2/LIFT LOBY
9:4-3,HTRI-S,L4,G,G/L4/HE/4F/MM3/LIFT LOBY
9:4-4,HFP-11,L4,G,G/L4/HE/4F/SD4/LIFT LOBBY
9:4-5,HTRI-R,L4,G,G/L4/HE/4F/CM5/DR RELEASE
9:4-6,HFP-11,L4,G,G/L4/HE/4F/SD6/ELECT RM
9:4-7,HTRI-R,L4,G,G/L4/HE/4F/CM7/AHU RM 
9:4-8,HFP-11,L4,G,G/L4/HE/4F/SD8/AHU RM 
9:4-9,HFP-11,L4,G,G/L4/HE/4F/SD9/CORR NR HE 4100
9:4-10,HFP-11,L4,G,G/L4/HE/4F/SD10/CORR NR HE 4100
9:4-11,HFP-11,L4,G,G/L4/HE/4F/SD11/CORR NR HE 4020
9:4-12,HFP-11,L4,G,G/L4/H/4EF/SD12/CORR NR HE 4020
9:4-13,HFP-11,L4,G,G/L4/4F/HESD13/CORR NR S/20
9:4-14,HFP-11,L4,G,G/L4/HE/4F/SD14/CORR NR HE 4040
9:4-15,HFP-11,L4,G,G/L4/HE/4F/SD15/CORR NR HE 4050
9:4-16,HFP-11,L4,G,G/L4/HE/4F/SD16/CORR NR HE 4062
9:4-17,HFP-11,L4,G,G/L4/E/4F/SD17/CORR NR HE 4070
9:4-18,HTRI-R,L4,G,G/L4/HW/4F/CM18/NR FIRE EXIT
9:4-19,HMS-S/D/M/SA,L4,G,G/L4/HW/4F/MCP19/NR FIRE EXIT
9:4-20,HTRI-S,L4,G,G/L4/HW/4F/MM20/NR FIRE EXIT
9:4-21,HFP-11,L4,G,G/L4/HW/4F/SD21/LIFT LOBBY
9:4-22,HTRI-R,L4,G,G/L4/HW/4F/CM22/DR RELEASE
9:4-23,HFP-11,L4,G,G/L4/HW/4F/SD23/ELECT RM
9:4-24,HTRI-R,L4,G,G/L4/HW/4F/CM24/AHU RM 
9:4-25,HFP-11,L4,G,G/L4/HW/4F/SD25/AHU RM 
9:4-26,HFP-11,L4,G,G/L4/HW/4F/SD26/CORR NR HW4010
9:4-27,HFP-11,L4,G,G/L4/HW/4F/SD27/CORR NR HW4010
9:4-28,HFP-11,L4,G,G/L4/HW/4F/SD28/CORR NR HW4090
9:4-29,HFP-11,L4,G,G/L4/HW/4F/SD29/CORR NR HW4090
9:4-30,HFP-11,L4,G,G/L4/HW/4F/SD30/CORR NR S/15
9:4-31,XTRI-R,L4,G,G/L4/HE/3F/CM31/NR FIRE EXIT
9:4-32,HMS-S/D/M/SA,L4,G,G/L4/HE/3F/MCP32/NR FIRE EXIT
9:4-33,HTRI-S,L4,G,G/L4/HE/3F/MM33/NR FIRE EXIT
9:4-34,HFP-11,L4,G,G/L4/HE/3F/SD34/LIFT LOBY
9:4-35,HFP-11,L4,G,G/L4/HE/3F/SD35/PSG NR ENTRY
9:4-36,HFP-11,L4,G,G/L4/HE/3F/SD36/ELECT RM
9:4-37,HTRI-R,L4,G,G/L4/HE/3F/CM37/AHU RM
9:4-38,HFP-11,L4,G,G/L4/HE/3F/SD38/AHU RM
9:4-39,HFP-11,L4,G,G/L4/HE/3F/SD39/AFC SMALL PASSAG
9:4-40,HFP-11,L4,G,G/L4/HE/3F/SD40/SMALL PASSAGE
9:4-41,HTRI-R,L4,G,G/L4/HE/3F/CM41/LIFT LOBY
9:4-42,HMS-S/D/M/SA,L4,G,G/L4/HW/3F/MCP42/LIFT LOBY
9:4-43,HTRI-S,L4,G,G/L4/HW/3F/MM43/LIFT LOBY
9:4-44,HFP-11,L4,G,G/L4/HW/3F/SD44/LIFT LOBY
9:4-46,HTRI-R,L4,G,G/L4/HW/3F/CM46/AHU RM
9:4-47,HFP-11,L4,G,G/L4/HW/3F/SD47/AHU RM
9:4-48,HFP-11,L4,G,G/L4/HW/3F/SD48/ELECT RM
9:4-49,HFP-11,L4,G,G/L4/HW/3F/SD49/SMALL PASSAGE
9:4-50,HFP-11,L4,G,G/L4/HW/3F/SD50/SMALL PASSAGE
9:4-57,HTRI-S,L4,G,G/L4/HE/4F/MM57/HE3011
9:4-58,HTRI-S,L4,G,G/L4/HW/3F/MM58/HW3011
9:4-59,HTRI-S,L4,G,G/L4/HW/3F/MM59/HW3013
9:4-63,HTRI-S,L4,G,G/L4/4F/MM63/HW4080
9:4-64,HTRI-S,L4,G,G/L4/4F/MM64/HW4070
9:4-66,HTRI-S,L4,G,G/L4/4F/MM66/HE4100
9:4-67,HTRI-S,L4,G,G/L4/4F/MM67/HE4010
9:4-69,HTRI-S,L4,G,G/L4/4F/MM69/HE4020
9:4-70,HTRI-S,L4,G,G/L4/4F/MM70/HW4100
9:4-71,HTRI-S,L4,G,G/L4/4F/MM71/HE4080
9:4-72,XTRI-S,L4,G,G/L4/4F/MM72/HE4040
9:4-74,HTRI-S,L4,G,G/L4/4F/MM74/HE4050
9:4-75,HTRI-S,L4,G,G/L4/4F/MM75/HE4061
9:4-77,HTRI-S,L4,G,G/L4/4F/MM77/HE4070
9:4-78,HFP-11,L4,G,G/L4/HE4030/SD78/Main cab1
9:4-79,HFP-11,L4,G,G/L4/HE4030/SD79/Main cab2
9:4-80,HFP-11,L4,G,G/L4/HE4030/SD80/Accounts cab
9:4-81,HFP-11,L4,G,G/L4/HE4030/SD81/Psg nr MC2
9:4-82,HFP-11,L4,G,G/L4/HE4030/SD82/Pantry
9:4-83,HTRI-R,L4,G,G/L4/HE4030/CM83/Entry Psg
9:4-84,HMS-S/D/M/SA,L4,G,G/L4/HE4030/MCP84/Entry Psg
9:4-85,HFP-11,L4,G,G/L4/HE4090/SD85/Main cab
9:4-86,HFP-11,L4,G,G/L4/HE4090/SD86/Accounts cab
9:4-87,HFP-11,L4,G,G/L4/HE4090/SD87/Cab 1
9:4-88,HFP-11,L4,G,G/L4/HE4090/SD88/Entry Psg
9:4-89,HFPT-11,L4,G,G/L4/HE4090/HD89/Pantry
9:4-90,HTRI-R,L4,G,G/L4/HE4090/CM90/Entry Psg
9:4-91,HMS-S/D/M/SA,L4,G,G/L4/HE4090/MCP91/Entry Psg
9:4-120,HFP-11,L4,G,G/L4/HW4010A/SD120/Main cab
9:4-121,HTRI-R,L4,G,G/L4/HW4010A/CM121/Entry Psg
9:4-122,HMS-S/D/M/SA,L4,G,G/L4/HW4010A/MCP122/Entry Psg
9:4-136,HFP-11,L4,G,G/L4/HW4110/SD136/Assorter cab
9:4-137,HFP-11,L4,G,G/L4/HW4110/SD137/Main cab
9:4-138,HFP-11,L4,G,G/L4/HW4110/SD138/Cab 1
9:4-139,HFP-11,L4,G,G/L4/HW4110/SD139/Cab 2
9:4-140,HFP-11,L4,G,G/L4/HW4110/SD140/Entry Psg
9:4-141,HTRI-R,L4,G,G/L4/HW4110/CM141/Entry Psg
9:4-142,HMS-S/D/M/SA,L4,G,G/L4/HW4110/MCP142/Entry Psg
9:4-148,HFP-11,L4,G,G/L4/HW4090/SD148/Main cab
9:4-149,HFP-11,L4,G,G/L4/HW4090/SD149/Accounts cab1
9:4-150,HFP-11,L4,G,G/L4/HW4090/SD150/Accounts cab2
9:4-151,HFP-11,L4,G,G/L4/HW4090/SD151/Entry dr Psg
9:4-152,HTRI-R,L4,G,G/L4/HW4090/CM152/Entry dr Psg
9:4-153,HMS-S/D/M/SA,L4,G,G/L4/HW4090/MCP153/Entry dr Psg
9:4-160,HFP-11,L4,G,G/L4/HW4010/SD160/Store rm
9:4-161,HFP-11,L4,G,G/L4/HW4010/SD161/IT Dept
9:4-162,HFP-11,L4,G,G/L4/HW4010/SD162/Accounts cab1
9:4-163,HFP-11,L4,G,G/L4/HW4010/SD163/Accounts cab2
9:4-164,HFP-11,L4,G,G/L4/HW4010/SD164/Pantry
9:4-165,HFP-11,L4,G,G/L4/HW4010/SD165/Psg nr Pantry
9:4-166,HFP-11,L4,G,G/L4/HW4010/SD166/Psg nr Recepti
9:4-167,HFP-11,L4,G,G/L4/HW4010/SD167/Reception
9:4-168,HFP-11,L4,G,G/L4/HW4010/SD168/Entry dr
9:4-169,HFP-11,L4,G,G/L4/HW4010/SD169/Psg nr MC 1
9:4-170,HFP-11,L4,G,G/L4/HW4010/SD170/Psg nr MC 2
9:4-171,HFP-11,L4,G,G/L4/HW4010/SD171/Psg nr MC 3
9:4-172,HFP-11,L4,G,G/L4/HW4010/SD172/Main cab3
9:4-173,HFP-11,L4,G,G/L4/HW4010/SD173/Buyer rm
9:4-174,HFP-11,L4,G,G/L4/HW4010/SD174/Weight rm
9:4-175,HFP-11,L4,G,G/L4/HW4010/SD175/Main cab2
9:4-176,HFP-11,L4,G,G/L4/HW4010/SD176/Conference rm
9:4-177,HFP-11,L4,G,G/L4/HW4010/SD177/main cab1
9:4-178,HFP-11,L4,G,G/L4/HW4010/SD178/main cab2
9:4-179,HFP-11,L4,G,G/L4/HW4010/SD179/Assorter cab1
9:4-180,HFP-11,L4,G,G/L4/HW4010/SD180/Assorter cab2
9:4-181,HFP-11,L4,G,G/L4/HW4010/SD181/Assorter cab3
9:4-182,HTRI-R,L4,G,G/L4/HW4010/CM182/Entry dr Psg
9:4-183,HMS-S/D/M/SA,L4,G,G/L4/HW4010/MCP183/Entry dr Psg
9:5-1,HTRI-R,L5,G,G/L5/W/6F/CM1/AHU RM 
9:5-2,HFP-11,L5,G,G/L5/W/6F/SD2/AHU RM 
9:5-3,HFP-11,L5,G,G/L5/W/6F/SD3/PASSAGE AREA
9:5-4,HTRI-R,L5,G,G/L5/W/6F/CM4/LIFT LOBY
9:5-5,HMS-S/D/M/SA,L5,G,G/L5/W/6F/MCP5/LIFT LOBY
9:5-6,HTRI-S,L5,G,G/L5/W/6F/MM6/LIFT LOBY
9:5-7,HFP-11,L5,G,G/L5/W/6F/SD7/LIFT LOBBY
9:5-8,HFP-11,L5,G,G/L5/W/6F/SD8/LIFT LOBBY
9:5-9,HFP-11,L5,G,G/L5/W/6F/SD9/CORR NR GW 6021
9:5-10,HFP-11,L5,G,G/L5/W/6F/SD10/CORR NR GW 6021
9:5-11,HFP-11,L5,G,G/L5/W/6F/SD11/CORR NR GW 6023
9:5-12,HFP-11,L5,G,G/L5/W/6F/SD12/CORR NR GW 6023
9:5-13,HTRI-R,L5,G,G/L5/W/6F/CM13/DR RELEASE
9:5-14,HFP-11,L5,G,G/L5/W/6F/SD14/ELECT RM
9:5-15,HFP-11,L5,G,G/L5/W/6F/SD15/CORR NR GW 6090
9:5-16,HFP-11,L5,G,G/L5/W/6F/SD16/CORR NR GW 6090
9:5-17,FDOT421,L5,G,G/L5/W/6F/SD17/CORR NR GW 6032
9:5-18,HFP-11,L5,G,G/L5/W/6F/SD18/CORR NR GW 6070
9:5-19,HFP-11,L5,G,G/L5/W/6F/SD19/CORR NR GW 6070
9:5-20,HMS-S/D/M/SA,L5,G,G/L5/E/6F/MCP20/LIFT LOBY
9:5-21,HTRI-S,L5,G,G/L5/E/6F/MM21/LIFT LOBBY
9:5-22,HFP-11,L5,G,G/L5/E/6F/SD22/LIFT LOBBY
9:5-23,HFP-11,L5,G,G/L5/E/6F/SD23/LIFT LOBBY
9:5-24,HTRI-R,L5,G,G/L5/E/6F/CM24/DR RELEASE
9:5-25,HFP-11,L5,G,G/L5/E/6F/SD25/ELECT RM
9:5-26,HTRI-R,L5,G,G/L5/E/6F/CM26/AHU RM 
9:5-27,HFP-11,L5,G,G/L5/E/6F/SD27/AHU RM 
9:5-28,HFP-11,L5,G,G/L5/E/6F/SD28/CORR NR GE 6010
9:5-29,FDOT421,L5,G,G/L5/E/6F/SD29/CORR NR GE 6010
9:5-30,HFP-11,L5,G,G/L5/E/6F/SD30/CORR NR GW 6051
9:5-31,FDOT421,L5,G,G/L5/E/6F/SD31/CORR NR GW 6051
9:5-32,HFP-11,L5,G,G/L5/E/6F/SD32/CORR NR GW 6042
9:5-33,FDOT421,L5,G,G/L5/E/6F/SD33/CORR NR GW 6042
9:5-34,FDOT421,L5,G,G/L5/6F/SD34/CORR NR GE6051
9:5-35,HFP-11,L5,G,G/L5/E/6F/SD35/CORR NR GE 6031
9:5-36,FDOT421,L5,G,G/L5/E/6F/SD36/CORR NR GE 6031
9:5-37,HFP-11,L5,G,G/L5/E/6F/SD37/CORR NR GE 6051
9:5-38,FDOT421,L5,G,G/L5/E/6F/SD38/AFC COR NR HW6061
9:5-39,HFP-11,L5,G,G/L5/E/6F/SD39/CORR NR GE 6062
9:5-40,HTRI-R,L5,G,G/L5/W/5F/CM40/AHU RM 
9:5-41,HFP-11,L5,G,G/L5/W/5F/SD41/AHU RM 
9:5-42,HTRI-S,L5,G,G/L5/5F/MM42/GE5040
9:5-43,HTRI-R,L5,G,G/L5/W/5F/CM43/DR RELEASE
9:5-44,HFP-11,L5,G,G/L5/W/5F/SD44/LIFT LOBBY
9:5-45,HFP-11,L5,G,G/L5/W/5F/SD45/LIFT LOBBY
9:5-46,FDOT421,L5,G,G/L5/W/5F/SD46/CORR NR GW 5010
9:5-47,HFP-11,L5,G,G/L5/W/5F/SD47/CORR NR GW 5010
9:5-48,HTRI-R,L5,G,G/L5/W/5F/CM48/DR RELEASE
9:5-49,HFP-11,L5,G,G/L5/W/5F/SD49/ELECT RM
9:5-50,FDOT421,L5,G,G/L5/W/5F/SD50/CORR NR S/10
9:5-51,HFP-11,L5,G,G/L5/W/5F/SD51/CORR NR S/10
9:5-52,HFP-11,L5,G,G/L5/W/5F/SD52/CORR NR GW5050
9:5-53,HFP-11,L5,G,G/L5/W/5F/SD53/CORR NR GW5023
9:5-54,HFP-11,L5,G,G/L5/W/5F/SD54/CORR NR GW5023
9:5-55,HTRI-R,L5,G,G/L5/E/5F/CM55/LIFT LOBBY
9:5-56,HMS-S/D/M/SA,L5,G,G/L5/E/5F/MCP56/LIFT LOBBY
9:5-57,HTRI-S,L5,G,G/L5/E/5F/MM57/LIFT LOBBY
9:5-58,HFP-11,L5,G,G/L5/E/5F/SD58/LIFT LOBBY
9:5-59,HFP-11,L5,G,G/L5/E/5F/SD59/LIFT LOBBY
9:5-60,HTRI-R,L5,G,G/L5/E/5F/CM60/DR RELEASE
9:5-61,HFP-11,L5,G,G/L5/E/5F/SD61/ELECT RM
9:5-62,HTRI-R,L5,G,G/L5/E/5F/CM62/AHU RM 
9:5-62,HTRI-R,L5,G,G/L5/E/5F/CM62/AHU RM 
9:5-63,HFP-11,L5,G,G/L5/E/5F/SD63/AHU RM 
9:5-64,HFP-11,L5,G,G/L5/E/5F/SD64/CORR NR GE 5011
9:5-65,HFP-11,L5,G,G/L5/E/5F/SD65/CORR NR GE 5011
9:5-66,HFP-11,L5,G,G/L5/E/5F/SD66/MIDDLE PASSAGE
9:5-67,HFP-11,L5,G,G/L5/E/5F/SD67/MIDDLE PASSAGE
9:5-68,HFP-11,L5,G,G/L5/E/5F/SD68/MIDDLE PASSAGE
9:5-69,HFP-11,L5,G,G/L5/E/5F/SD69/CORR NR S/12
9:5-70,HFP-11,L5,G,G/L5/E/5F/SD70/CORR NR GE 5021
9:5-71,HFP-11,L5,G,G/L5/E/5F/SD71/CORR NR GE 5021
9:5-72,HFP-11,L5,G,G/L5/E/5F/SD72/CORR NR GE 5021
9:5-73,HFP-11,L5,G,G/L5/E/5F/SD73/CORR NR GE 5030
9:5-74,HFP-11,L5,G,G/L5/E/5F/SD74/CORR NR GE 5030
9:5-75,HFP-11,L5,G,G/L5/E/5F/SD75/CORR NR GE 5040
9:5-76,HFP-11,L5,G,G/L5/E/5F/SD76/CORR NR HW 5012
9:5-77,HFP-11,L5,G,G/L5/E/5F/SD77/CORR NR HW 5012
9:5-78,HTRI-R,L5,G,G/L5/E/5F/CM78/LIFT LOBBY
9:5-79,HMS-S/D/M/SA,L5,G,G/L5/E/5F/MCP79/LIFT LOBBY
9:5-82,XTRI-S,L5,G,G/L5/W/6F/MM82/GW6080
9:5-83,XTRI-S,L5,G,G/L5/W/6F/MM83/GW6090
9:5-85,XTRI-S,L5,G,G/L5/6F/MM85/GW6110
9:5-86,HTRI-S,L5,G,G/L5/HW/5F/MM86/HW5011B
9:5-88,XTRI-S,L5,G,G/L5/W/6F/MM088/GW6021
9:5-89,HTRI-S,L5,G,G/L5/E/5F/MM89/GE5010A
9:5-91,XTRI-S,L5,G,G/L5/W/6F/MM91/GW6023
9:5-96,XTRI-S,L5,G,G/L5/W/6F/MM96/GW6041
9:5-97,XTRI-S,L5,G,G/L5/W/6F/MM97/GW6060
9:5-102,HTRI-S,L5,G,G/L5/E/6F/MM102/GE6052
9:5-103,XTRI-S,L5,G,G/L5/E/5F/MM103/GE5021A
9:5-104,XTRI-S,L5,G,G/L5/HW/6F/MM104/HW6061
9:5-107,XTRI-S,L5,G,G/L5/E/6F/MM107/GE6010
9:5-110,HTRI-S,L5,G,G/L5/E/5F/MM110/GE5050
9:5-112,HTRI-S,L5,G,G/L5/E/5F/MM112/GE5030
9:5-114,HTRI-S,L5,G,G/L5/E/5F/MM114/GE5022
9:5-115,HTRI-S,L5,G,G/L5/E/5F/MM115/GE5070
9:5-116,HTRI-S,L5,G,G/L5/E/5F/MM116/GE5021
9:5-117,HTRI-S,L5,G,G/L5/E/5F/MM117/GE5011
9:5-118,HTRI-S,L5,G,G/L5/E/5F/MM118/GE5012
9:5-119,HTRI-S,L5,G,G/L5/E/5F/MM119/GE5031
9:5-120,HTRI-S,L5,G,G/L5/W/5F/MM120/GW5032
9:5-121,HTRI-S,L5,G,G/L5/W/5F/MM121/GW5033
9:5-122,HTRI-S,L5,G,G/L5/W/5F/MM122/GW5040
9:5-124,HTRI-S,L5,G,G/L5/W/5F/MM124/GW5050
9:5-125,HTRI-S,L5,G,G/L5/W/5F/MM125/GW5060
9:5-126,HTRI-S,L5,G,G/L5/W/5F/MM126/GW5010
9:5-127,HFP-11,L5,G,G/L5/HW5012/SD127/Entry Area
9:5-128,HFP-11,L5,G,G/L5/HW5012/SD128/Reception cab
9:5-129,HFP-11,L5,G,G/L5/HW5012/SD129/Chairmen cab
9:5-130,HFP-11,L5,G,G/L5/HW5012/SD130/Director rm
9:5-131,HFP-11,L5,G,G/L5/HW5012/SD131/Director rm
9:5-132,HFP-11,L5,G,G/L5/HW5012/SD132/cab 5
9:5-133,HFP-11,L5,G,G/L5/HW5012/SD133/cab 4
9:5-134,HFP-11,L5,G,G/L5/HW5012/SD134/cab 6
9:5-135,HFP-11,L5,G,G/L5/HW5012/SD135/cab 7
9:5-136,HFP-11,L5,G,G/L5/HW5012/SD136/cab 8
9:5-137,HFP-11,L5,G,G/L5/HW5012/SD137/cab 8
9:5-138,HFP-11,L5,G,G/L5/HW5012/SD138/cab 8
9:5-139,HFP-11,L5,G,G/L5/HW5012/SD139/cab 9
9:5-140,HFP-11,L5,G,G/L5/G/HW5012/SD140/cab 10
9:5-141,HFP-11,L5,G,G/L5/G/HW5012/SD141/cab 11
9:5-142,HFP-11,L5,G,G/L5/G/HW5012/SD142/Server rm
9:5-143,HFP-11,L5,G,G/L5/G/HW5012/SD143/Pantry
9:5-144,HFP-11,L5,G,G/L5/HW5012/SD144/Pantry
9:5-145,HFP-11,L5,G,G/L5/HW5012/SD145/Cab 13
9:5-146,HFP-11,L5,G,G/L5/HW5012/SD146/Cab 14
9:5-147,HFP-11,L5,G,G/L5/HW5012/SD147/Cab 15
9:5-148,HFP-11,L5,G,G/L5/HW5012/SD148/Psg nr cab 8
9:5-149,HTRI-R,L5,G,G/L5/HW5012/CM149/Psg nr cab 9
9:5-150,HMS-S/D/M/SA,L5,G,G/L5/HW5012/MCP150/Psg nr cab 3
9:5-151,HTRI-R,L5,G,G/L5/HW5012/CM151/Psg nr cab 3
9:5-152,HMS-S/D/M/SA,L5,G,G/L5/HW5012/MCP152/Main Entry
9:5-153,HTRI-R,L5,G,G/L5/HW5012/CM153/Entry dr psg
9:5-154,HFP-11,L5,G,G/L5/GW6010/SD154/Cab 2
9:5-155,HFP-11,L5,G,G/L5/GW6010/SD155/Cab 3
9:5-156,HFP-11,L5,G,G/L5/GW6010/SD156/Entry Psg
9:5-157,HTRI-R,L5,G,G/L5/GW6010/CM157/Entry Psg
9:5-158,HMS-S/D/M/SA,L5,G,G/L5/GW6010/MCP158/Entry Psg
9:5-159,HFP-11,L5,G,G/L5/GW6010/SD159/Cab 1
9:5-160,HFP-11,L5,G,G/L5/GW6032/SD160/Psg Nr Cab 2
9:5-161,HFP-11,L5,G,G/L5/GW6032/SD161/Cab 5
9:5-162,HFP-11,L5,G,G/L5/GW6032/SD162/Cab 4
9:5-163,HFP-11,L5,G,G/L5/GW6032/SD163/Strong RM
9:5-164,HFP-11,L5,G,G/L5/GW6032/SD164/Server RM
9:5-165,HFP-11,L5,G,G/L5/GW6052/SD165/Main cab
9:5-166,HFP-11,L5,G,G/L5/GW6052/SD166/Assorter cab
9:5-167,HFP-11,L5,G,G/L5/GW6052/SD167/Accounts cab
9:5-168,HFP-11,L5,G,G/L5/GW6052/SD168/Entry dr Psg
9:5-169,HTRI-R,L5,G,G/L5/GW6052/CM169/Entry dr Psg
9:5-170,HMS-S/D/M/SA,L5,G,G/L5/GW6052/MCP170/Entry dr Psg
9:5-171,HFP-11,L5,G,G/L5/GW6032/SD171/Polishing cab
9:5-172,HFP-11,L5,G,G/L5/GW6032/SD172/Cab 1
9:5-173,HFP-11,L5,G,G/L5/GW6032/SD173/Conference rm
9:5-174,HFP-11,L5,G,G/L5/GW6032/SD174/Main cab
9:5-175,HFP-11,L5,G,G/L5/GW6032/SD175/Assorter cab
9:5-176,HFP-11,L5,G,G/L5/GW6032/SD176/Accounts cab
9:5-177,HFP-11,L5,G,G/L5/GW6032/SD177/Dinning rm
9:5-178,HFP-11,L5,G,G/L5/GW6032/SD178/Psg nr dinning
9:5-179,HFPT-11,L5,G,G/L5/GW6032/HD179/Pantry
9:5-180,HFP-11,L5,G,G/L5/GW6032/SD180/Reception Psg
9:5-181,HFP-11,L5,G,G/L5/GW6032/SD181/Entry dr Psg
9:5-182,HTRI-R,L5,G,G/L5/GW6032/CM182/Entry dr Psg
9:5-183,HMS-S/D/M/SA,L5,G,G/L5/GW6032/MCP183/Entry dr Psg
9:5-184,HFPT-11,L5,G,G/L5/GE6031/HD184/Pantry
9:5-185,HFP-11,L5,G,G/L5/GE6031/SD185/Assorter cab1
9:5-186,HFP-11,L5,G,G/L5/GE6031/SD186/Assorter cab1
9:5-187,HFP-11,L5,G,G/L5/GE6031/SD187/Assorter cab2
9:5-188,HFP-11,L5,G,G/L5/GE6031/SD188/Dineshbhai cab
9:5-190,HFP-11,L5,G,G/L5/GE6031/SD190/Account cab
9:5-191,HFP-11,L5,G,G/L5/GE6031/SD191/Rohanbhai cab
9:5-192,HFP-11,L5,G,G/L5/GE6031/SD192/Amritlalbhai c
9:5-193,HFP-11,L5,G,G/L5/GE6031/SD193/Buyer cab1
9:5-194,HFP-11,L5,G,G/L5/GE6031/SD194/Buyer cab2
9:5-195,HFP-11,L5,G,G/L5/GE6031/SD195/Buyer cab3
9:5-197,HFP-11,L5,G,G/L5/GE6031/SD197/Psg nr recepti
9:5-198,HFP-11,L5,G,G/L5/GE6031/SD198/Entry dr Psg
9:5-199,HTRI-R,L5,G,G/L5/GE6031/CM199/Entry dr Psg
9:5-200,HMS-S/D/M/SA,L5,G,G/L5/GE6031/MCP200/Entry dr Psg
9:5-201,HFP-11,L5,G,G/L5/GW6051/SD201/Main cab
9:5-202,HFP-11,L5,G,G/L5/GW6051/SD202/Cab 2
9:5-203,HFP-11,L5,G,G/L5/GW6051/SD203/Pantry
9:5-204,HFP-11,L5,G,G/L5/GW6051/SD204/Psg nr Main ca
9:5-205,HFP-11,L5,G,G/L5/GW6051/SD205/Reception
9:5-206,HTRI-R,L5,G,G/L5/GW6051/CM206/Entry Psg
9:5-207,HMS-S/D/M/SA,L5,G,G/L5/GW6051/MCP207/Entry Psg
9:5-208,HFP-11,L5,G,G/L5/GE6051/SD208/Main cab1
9:5-209,HFP-11,L5,G,G/L5/GE6051/SD209/Main cab2
9:5-210,HFP-11,L5,G,G/L5/GE6051/SD210/Cab 1
9:5-211,HFP-11,L5,G,G/L5/GE6051/SD211/Cab 2
9:5-212,HFP-11,L5,G,G/L5/GE6051/SD212/Cab 3
9:5-213,HFP-11,L5,G,G/L5/GE6051/SD213/Cab 4
9:5-214,HFP-11,L5,G,G/L5/GE6051/SD214/Assorter cab 1
9:5-215,HFP-11,L5,G,G/L5/GE6051/SD215/Assorter cab 2
9:5-216,HFP-11,L5,G,G/L5/GE6051/SD216/Cab 5
9:5-217,HFP-11,L5,G,G/L5/GE6051/SD217/Pantry Psg
9:5-218,HFP-11,L5,G,G/L5/GE6051/SD218/Reception Psg
9:5-219,HFPT-11,L5,G,G/L5/GE6051/HD219/Pantry
9:5-220,HTRI-R,L5,G,G/L5/GE6051/CM220/Entry Psg
9:5-221,HMS-S/D/M/SA,L5,G,G/L5/GE6051/MCP221/Entry Psg
9:5-222,HFP-11,L5,G,G/L5/GW6100/SD222/Main cab
9:5-223,HFP-11,L5,G,G/L5/GW6100/SD223/Account cab
9:5-224,HFP-11,L5,G,G/L5/GW6100/SD224/Assorter cab
9:5-225,HTRI-R,L5,G,G/L5/GW6100/CM225/Entry Psg
9:5-226,HMS-S/D/M/SA,L5,G,G/L5/GW6100/MCP226/Entry Psg
9:5-227,HFP-11,L5,G,G/L5/GW6010/SD227/Entry Psg
9:5-228,HFP-11,L5,G,G/L5/FW5131/SD228/Assorter cab
9:5-229,HFP-11,L5,G,G/L5/FW5131/SD229/Assorter cab
9:5-230,HFP-11,L5,G,G/L5/FW5131/SD230/Psg nr Pantry
9:5-231,HFP-11,L5,G,G/L5/FW5131/SD231/Accounts cab 1
9:5-232,HFP-11,L5,G,G/L5/FW5131/SD232/Main cab 1
9:5-233,HFP-11,L5,G,G/L5/FW5131/SD233/Main cab 2
9:5-234,HFP-11,L5,G,G/L5/FW5131/SD234/Main cab 2
9:5-235,HFP-11,L5,G,G/L5/FW5131/SD235/Psg nr Main ca
9:5-236,HFP-11,L5,G,G/L5/FW5131/SD236/Accounts cab 2
9:5-237,HFP-11,L5,G,G/L5/FW5131/SD237/Reception cab
9:5-238,HTRI-R,L5,G,G/L5/FW5131/CM238/Entry dr Psg
9:5-239,HMS-S/D/M/SA,L5,G,G/L5/FW5131/MCP239/Entry dr Psg
9:5-240,HFP-11,L5,G,G/L5/FW5131/SD240/Pantry
9:5-241,HFP-11,L5,G,G/L5/GW6100/SD241/Entry Psg.
9:5-242,HFPT-11,L5,G,G/L5/GW6100/HD242/Pantry
9:5-243,FDOT421,L5,G,G/L5/GW6070/SD243/Main Cabin
9:5-244,HFP-11,L5,G,G/L5/GW6070/SD244/Account Cabin
9:5-245,HFP-11,L5,G,G/L5/GW6070/SD245/Entry DR Psg
9:5-246,HFPT-11,L5,G,G/L5/GW6070/HD246/Pantry
9:5-247,XTRI-R,L5,G,G/L5/GW6070/CM247/Entry dr Psg
9:5-248,HMS-S/D/M/SA,L5,G,G/L5/GW6070/MCP248/Entry dr Psg
9:5-250,HFP-11,G,L5,L5/G/HW5012/SD250/Psg Nr Cab 4
9:5-251,HFP-11,L5,G,G/L5/GE6051/SD251/Entry Psg
9:5-252,HMS-S/D/M/SA,L5,G,G/L5/GE6051/MCP252/Entry Psg
9:6-1,HTRI-R,L6,H,H/L6/HE/6F/CM1/NR FIRE EXIT
9:6-2,HMS-S/D/M/SA,L6,H,H/L6/HE/6F/MCP2/NR FIRE EXIT
9:6-3,HTRI-S,L6,H,H/L6/HE/6F/MM3/NR FIRE EXIT
9:6-4,HFP-11,L6,H,H/L6/HE/6F/SD4/LIFT LOBBY
9:6-6,HFP-11,L6,H,H/L6/HE/6F/SD6/ELECT RM
9:6-7,HFP-11,L6,H,H/L6/HE/6F/SD7/AHU RM 
9:6-8,HTRI-R,L6,H,H/L6/HE/6F/CM8/AHU RM 
9:6-9,HFP-11,L6,H,H/L6/HE/6F/SD9/ NR ELECT RM
9:6-10,HFP-11,L6,H,H/L6/HE/6F/SD10/ NR ELECT RM
9:6-11,HFP-11,L6,H,H/L6/HE/6F/SD11/CORR NR GW 6030
9:6-12,HFP-11,L6,H,H/L6/HE/6F/SD12/CORR NR GW 6030
9:6-13,HFP-11,L6,H,H/L6/HE/6F/SD13/CORR NR GW 6020
9:6-14,HTRI-R,L6,H,H/L6/HW/6F/CM14/NR FIRE EXIT
9:6-15,HMS-S/D/M/SA,L6,H,H/L6/HW/6F/MCP15/NR FIRE EXIT
9:6-16,HFP-11,L6,H,H/L6/HW/6F/SD16/CORR NR HW 6010
9:6-17,HFP-11,L6,H,H/L6/HW/6F/SD17/CORR NR HW 6010
9:6-18,HFP-11,L6,H,H/L6/HW/6F/SD18/CORR NR HW 6092
9:6-19,HFP-11,L6,H,H/L6/HW/6F/SD19/CORR NR HW 6092
9:6-21,HFP-11,L6,H,H/L6/HW/6F/SD21/CORR NR HW6102
9:6-22,HTRI-R,L6,H,H/L6/HW/6F/CM22/AHU RM 
9:6-23,HFP-11,L6,H,H/L6/HW/6F/SD23/AHU RM 
9:6-24,HFP-11,L6,H,H/L6/HW/6F/SD24/ELECT RM
9:6-25,HTRI-R,L6,H,H/L6/HW/6F/CM25/DR RELEASE
9:6-26,HTRI-R,L6,H,H/L6/HW/6F/CM26/FIRE SHAFT
9:6-27,HMS-S/D/M/SA,L6,H,H/L6/HW/6F/MCP27/FIRE SHAFT
9:6-28,HTRI-S,L6,H,H/L6/HW/6F/MM28/FIRE SHAFT
9:6-29,HTRI-R,L6,H,H/L6/HW/6F/CM29/NR FIRE EXIT
9:6-30,HMS-S/D/M/SA,L6,H,H/L6/HW/6F/MCP30/NR FIRE EXIT
9:6-31,HTRI-S,L6,H,H/L6/HW/6F/MM31/NR FIRE EXIT
9:6-32,HFP-11,L6,H,H/L6/HW/6F/SD32/LIFT LOBBY
9:6-33,HFP-11,L6,H,H/L6/HE/5F/SD33/ELECT RM
9:6-34,HTRI-R,L6,H,H/L6/HE/5F/CM34/AHU RM 
9:6-35,HFP-11,L6,H,H/L6/HE/5F/SD35/AHU RM 
9:6-38,HFP-11,L6,H,H/L6/HE/5F/SD38/LIFT LOBBY
9:6-40,HTRI-S,L6,H,H/L6/HW/5F/MM40/NR FIRE EXIT
9:6-41,HTRI-R,L6,H,H/L6/HW/5F/CM41/NR FIRE EXIT
9:6-42,HFP-11,L6,H,H/L6/HW/5F/SD42/ELECT RM
9:6-43,HTRI-R,L6,H,H/L6/HW/5F/CM43/AHU RM 
9:6-44,HFP-11,L6,H,H/L6/HW/5F/SD44/AHU RM 
9:6-45,HFP-11,L6,H,H/L6/HW/5F/SD45/SMALL PASSAGE
9:6-46,HFP-11,L6,H,H/L6/HW/5F/SD46/SMALL PASSAGE
9:6-47,HFP-11,L6,H,H/L6/HW/5F/SD47/LIFT LOBBY
9:6-55,HTRI-S,L6,H,H/L6/HW/6F/MM55/HW5011
9:6-57,HTRI-S,L6,H,H/L6/HW/6F/MM57/HW6072
9:6-58,HTRI-S,L6,H,H/L6/HW/6F/MM58/HW6102
9:6-59,HTRI-S,L6,H,H/L6/HW/6F/MM59/HW6101
9:6-62,HTRI-S,L6,H,H/L6/HE/6F/MM62/HW6010
9:6-63,HTRI-S,L6,H,H/L6/HE/5F/MM63/HW6092
9:6-64,HTRI-S,L6,H,H/L6/HW/5F/MM64/HW6040
9:6-65,HTRI-S,L6,H,H/L6/HW/5F/MM65/HW6030
9:6-68,HTRI-S,L6,H,H/L6/HW/5F/MM68/HE5011
9:6-69,HFP-11,L6,H,H/L6/G/HW6010A/SD69/Main cab
9:6-70,HFP-11,L6,H,H/L6/G/HW6010A/SD70/Main cab
9:6-71,HTRI-R,L6,H,H/L6/G/HW6010A/CM71/Entry Psg
9:6-72,HMS-S/D/M/SA,L6,H,H/L6/G/HW6010A/MCP72/Entry Psg
9:6-73,HFP-11,L6,H,H/L6/G/HW6091/SD73/Reception
9:6-74,HFP-11,L6,H,H/L6/G/HW6091/SD74/Main cab
9:6-75,HFP-11,L6,H,H/L6/G/HW6091/SD75/Main cab
9:6-76,HFP-11,L6,H,H/L6/G/HW6091/SD76/Psg nr Pantry
9:6-77,HTRI-R,L6,H,H/L6/G/HW6091/CM77/Entry Psg
9:6-78,HMS-S/D/M/SA,L6,H,H/L6/G/HW6091/MCP78/Entry Psg
9:7-1,HFP-11,L7,G,G/L7/W/9F/SD1/AHU RM
9:7-2,HTRI-R,L7,G,G/L7/W/9F/CM2/AHU RM
9:7-3,HTRI-R,L7,G,G/L7/W/9F/CM3/NR FIRE EXIT
9:7-4,HMS-S/D/M/SA,L7,G,G/L7/W/9F/MCP4/NR FIRE EXIT
9:7-5,HTRI-S,L7,G,G/L7/W/9F/MM5/NR FIRE EXIT
9:7-6,HFP-11,L7,G,G/L7/W/9F/SD6/LIFT LOBBY
9:7-7,HFP-11,L7,G,G/L7/W/9F/SD7/LIFT LOBBY
9:7-8,HFP-11,L7,G,G/L7/W/9F/SD8/CORR NR GW 9020
9:7-9,HFP-11,L7,G,G/L7/W/9F/SD9/CORR NR GW 9020
9:7-10,HTRI-R,L7,G,G/L7/W/9F/CM10/DR RELEASE
9:7-11,HFP-11,L7,G,G/L7/W/9F/SD11/ELECT RM
9:7-12,HFP-11,L7,G,G/L7/W/9F/SD12/CORR NR GW 9030
9:7-13,HFP-11,L7,G,G/L7/W/9F/SD13/CORR NR GW 9030
9:7-14,HTRI-R,L7,G,G/L7/W/9F/CM14/NR MID FIRE SHAF
9:7-15,HMS-S/D/M/SA,L7,G,G/L7/W/9F/MCP15/NR MID FIRE SHF
9:7-16,HFP-11,L7,G,G/L7/W/9F/SD16/CORR NR GE 9010
9:7-17,HFP-11,L7,G,G/L7/W/9F/SD17/CORR NR GE 9010
9:7-18,HFP-11,L7,G,G/L7/W/9F/SD18/CORR NR GE 9030
9:7-19,HFP-11,L7,G,G/L7/W/9F/SD19/CORR NR GE 9050
9:7-20,HFP-11,L7,G,G/L7/W/9F/SD20/CORR NR GE 9050
9:7-21,HFP-11,L7,G,G/L7/W/9F/SD21/CORR NR GE9120
9:7-22,HFP-11,L7,G,G/L7/W/9F/SD22/CORR NR GE9120
9:7-23,HFP-11,L7,G,G/L7/W/9F/SD23/AHU RM
9:7-24,HTRI-R,L7,G,G/L7/W/9F/CM24/AHU RM
9:7-25,HFP-11,L7,G,G/L7/W/9F/SD25/ELECT RM
9:7-26,HTRI-R,L7,G,G/L7/W/9F/CM26/NR FIRE EXIT
9:7-27,HFP-11,L7,G,G/L7/W/9F/SD27/LIFT LOBBY
9:7-28,HFP-11,L7,G,G/L7/W/9F/SD28/LIFT LOBBY
9:7-29,XTRI-R,L7,G,G/L7/E/9F/CM29/NR FIRE EXIT
9:7-30,HMS-S/D/M/SA,L7,G,G/L7/E/9F/MCP30/NR FIRE EXIT
9:7-31,HTRI-S,L7,G,G/L7/E/9F/MM31/NR FIRE EXIT
9:7-32,HTRI-R,L7,G,G/L7/E/8F/CM32/AHU RM
9:7-33,HFP-11,L7,G,G/L7/E/8F/SD33/AHU RM
9:7-34,HTRI-R,L7,G,G/L7/E/8F/CM34/NR FIRE EXIT
9:7-35,HMS-S/D/M/SA,L7,G,G/L7/E/8F/MCP35/NR FIRE EXIT
9:7-36,HTRI-S,L7,G,G/L7/E/8F/MM36/NR FIRE EXIT
9:7-37,HFP-11,L7,G,G/L7/W/8F/SD37/LIFT LOBBY
9:7-38,HFP-11,L7,G,G/L7/W/8F/SD38/LIFT LOBBY
9:7-39,HFP-11,L7,G,G/L7/W/8F/SD39/CORR NR GW 8080
9:7-40,HFP-11,L7,G,G/L7/W/8F/SD40/CORR NR GW 8080
9:7-41,HTRI-R,L7,G,G/L7/W/8F/CM41/DR RELEASE
9:7-42,HFP-11,L7,G,G/L7/W/8F/SD42/ELECT RM
9:7-43,HFP-11,L7,G,G/L7/W/8F/SD43/CORR NR GW 8050
9:7-44,HFP-11,L7,G,G/L7/W/8F/SD44/CORR NR GW 8050
9:7-45,HTRI-R,L7,G,G/L7/W/8F/CM45/NR FIRE EXIT
9:7-46,HMS-S/D/M/SA,L7,G,G/L7/W/8F/MCP46/NR FIRE EXIT
9:7-47,HFP-11,L7,G,G/L7/W/8F/SD47/CORR NR GW 8040
9:7-48,HFP-11,L7,G,G/L7/W/8F/SD48/CORR NR GW 8020
9:7-49,HFP-11,L7,G,G/L7/W/8F/SD49/CORR NR GW 8020
9:7-50,HFP-11,L7,G,G/L7/W/8F/SD50/CORR NR GW8020
9:7-51,HFP-11,L7,G,G/L7/W/8F/SD51/CORR NR GW 8031
9:7-52,HTRI-R,L7,G,G/L7/E/8F/CM52/NR FIRE EXIT
9:7-53,HMS-S/D/M/SA,L7,G,G/L7/E/8F/MCP53/NR FIRE EXIT
9:7-54,HTRI-S,L7,G,G/L7/E/8F/MM54/NR FIRE EXIT
9:7-55,HFP-11,L7,G,G/L7/E/8F/SD55/LIFT LOBBY
9:7-56,HFP-11,L7,G,G/L7/E/8F/SD56/LIFT LOBBY
9:7-57,HTRI-R,L7,G,G/L7/E/8F/CM57/DR RELEASE
9:7-58,HFP-11,L7,G,G/L7/E/8F/SD58/ELECT RM
9:7-59,HTRI-R,L7,G,G/L7/E/8F/CM59/AHU RM
9:7-60,HFP-11,L7,G,G/L7/E/8F/SD60/AHU RM
9:7-61,HFP-11,L7,G,G/L7/E/8F/SD61/CORR NR GE 8010
9:7-62,HFP-11,L7,G,G/L7/E/8F/SD62/CORR NR GE 8020
9:7-63,HFP-11,L7,G,G/L7/E/8F/SD63/CORR NR GE8010
9:7-64,HFP-11,L7,G,G/L7/E/8F/SD64/CORR NR GE8031
9:7-65,HFP-11,L7,G,G/L7/E/8F/SD65/CORR NR GE8031
9:7-66,HFP-11,L7,G,G/L7/E/8F/SD66/CORR NR HE 8111
9:7-67,HFP-11,L7,G,G/L7/E/8F/SD67/CORR NR HE 8120
9:7-68,HFP-11,L7,G,G/L7/E/8F/SD68/CORR NR HE 8120
9:7-69,HFP-11,L7,G,G/L7/E/8F/SD69/CORR NR HE 8130
9:7-70,HFP-11,L7,G,G/L7/E/8F/SD70/CORR NR HE 8030
9:7-71,HFP-11,L7,G,G/L7/E/8F/SD71/CORR NR HE 8030
9:7-72,HTRI-R,L7,G,G/L7/E/8F/CM72/NR FIRE EXIT
9:7-73,HMS-S/D/M/SA,L7,G,G/L7/E/8F/MCP73/NR FIRE EXIT
9:7-74,HFP-11,L7,G,G/L7/E/7F/SD74/AHU RM 
9:7-75,HTRI-R,L7,G,G/L7/E/7F/CM75/AHU RM 
9:7-76,HTRI-R,L7,G,G/L7/E/7F/CM76/NR FIRE EXIT
9:7-77,HMS-S/D/M/SA,L7,G,G/L7/WC/7F/MCP77/NR FIRE EXIT
9:7-78,HTRI-S,L7,G,G/L7/WC/7F/MM78/NR FIRE EXIT
9:7-79,HFP-11,L7,G,G/L7/WC/7F/SD79/LIFT LOBBY
9:7-80,HFP-11,L7,G,G/L7/WC/7F/SD80/LIFT LOBBY
9:7-81,HFP-11,L7,G,G/L7/WC/7F/SD81/ELECT RM
9:7-82,XTRI-R,L7,G,G/L7/EC1/7F/CM82/FIRE SHAFT
9:7-83,HTRI-S,L7,G,G/L7/EC1/7F/MM83/FIRE SHAFT
9:7-84,HMS-S/D/M/SA,L7,G,G/L7/EC1/7F/MCP84/LIFT LOBBY
9:7-85,HFP-11,L7,G,G/L7/EC1/7F/SD85/LIFT LOBBY
9:7-86,HTRI-R,L7,G,G/L7/EC1/7F/CM86/AHU ROOM
9:7-87,HFP-11,L7,G,G/L7/EC1/7F/SD87/AHU ROOM
9:7-88,HFP-11,L7,G,G/L7/EC1/7F/SD88/ELECTRIC RM
9:7-89,HFP-11,L7,G,G/L7/EC1/7F/SD89/PASSAGE
9:7-90,HTRI-S,L7,G,G/L7/L7/7/G/9F/MM90/GE9060
9:7-91,HTRI-S,L7,G,G/L7/9F/MM91/GE9120
9:7-93,HTRI-S,L7,G,G/L7/9F/MM93/GE9110
9:7-94,HTRI-S,L7,G,G/L7/9F/MM94/GE9070
9:7-95,HTRI-S,L7,G,G/L7/9F/MM95/GE9050
9:7-97,HTRI-S,L7,G,G/L7/9F/MM97/GE9100
9:7-99,HFP-11,L7,G,G/L7/7F/SD99/Psg nr Ele Rm
9:7-101,HTRI-S,L7,G,G/L7/9F/MM101/GE9010
9:7-102,HTRI-S,L7,G,G/L7/9F/MM102/GE9080
9:7-103,HTRI-S,L7,G,G/L7/9F/MM103/GW9010
9:7-106,HTRI-S,L7,G,G/L7/8F/MM106/GW8090
9:7-107,HTRI-S,L7,G,G/L7/8F/MM107/GW8101
9:7-108,HTRI-S,L7,G,G/L7/8F/MM108/GW8080
9:7-109,HTRI-S,L7,G,G/L7/8F/MM109/GW8070
9:7-112,HTRI-S,L7,G,G/L7/8F/MM112/GW8103
9:7-113,HTRI-S,L7,G,G/L7/8F/MM113/GW8040
9:7-114,HTRI-S,L7,G,G/L7/8F/MM114/GW8030
9:7-115,XTRI-S,L7,G,G/L7/7F/MM115/GE9030
9:7-116,XTRI-S,L7,G,G/L7/8F/MM116/GE8020A
9:7-117,HTRI-S,L7,G,G/L7/8F/MM117/GE8031
9:7-120,HTRI-S,L7,G,G/L7/8F/MM120/GE8111
9:7-122,HTRI-S,L7,G,G/L7/8F/MM122/GE8112
9:7-124,HTRI-S,L7,G,G/L7/8F/MM124/GE8041
9:7-125,HTRI-S,L7,G,G/L7/8F/MM125/GE8120
9:7-126,HTRI-S,L7,G,G/L7/8F/MM126/HE8090
9:7-127,HTRI-S,L7,G,G/L7/8F/MM127/HE8130
9:7-129,HTRI-S,L7,G,G/L7/8F/MM129/HE8080
9:7-130,HTRI-S,L7,G,G/L7/8F/MM130/HE8030
9:7-132,HTRI-S,L7,G,G/L7/7F/MM132/HW7012 B
9:7-133,HTRI-S,L7,G,G/L7/7F/MM133/HW7012A
9:7-134,HTRI-S,L7,G,G/L7/7F/MM134/GW7011
9:7-135,HTRI-S,L7,G,G/L7/7F/MM135/HW7013
9:7-136,HTRI-S,L7,G,G/L7/GW/8F/MM136/GW7022
9:7-137,HFP-11,L7,G,G/L7/GE9040/SD137/Main cab
9:7-138,HFP-11,L7,G,G/L7/GE9040/SD138/Account cab
9:7-139,HFP-11,L7,G,G/L7/GE9040/SD139/Psg nr Account
9:7-140,HFP-11,L7,G,G/L7/GE9040/SD140/Assorter cab
9:7-141,HFP-11,L7,G,G/L7/GE9040/SD141/Pantry
9:7-142,HTRI-R,L7,G,G/L7/GE9040/CM142/Entry dr Psg
9:7-143,HMS-S/D/M/SA,L7,G,G/L7/GE9040/MCP143/Entry dr Psg
9:7-144,HFP-11,L7,G,G/L7/GE9020/SD144/Main cab
9:7-145,HFP-11,L7,G,G/L7/GE9020/SD145/Assorter cab
9:7-146,HFP-11,L7,G,G/L7/GE9020/SD146/Entry Psg
9:7-147,HTRI-R,L7,G,G/L7/GE9020/CM147/Entry Psg
9:7-148,HMS-S/D/M/SA,L7,G,G/L7/GE9020/MCP148/Entry Psg
9:7-149,HFP-11,L7,G,G/L7/GW9020/SD149/Main cab2
9:7-150,HFP-11,L7,G,G/L7/GW9020/SD150/Main cab1
9:7-151,HFP-11,L7,G,G/L7/GW9020/SD151/Accounts cab
9:7-152,HFP-11,L7,G,G/L7/GW9020/SD152/Assorter cab
9:7-153,HFP-11,L7,G,G/L7/GW9020/SD153/Psg nr Assort 
9:7-154,HFP-11,L7,G,G/L7/GW9020/SD154/Pantry
9:7-155,HTRI-R,L7,G,G/L7/GW9020/CM155/Entry dr Psg
9:7-156,HMS-S/D/M/SA,L7,G,G/L7/GW9020/MCP156/Entry dr Psg
9:7-157,HFP-11,L7,G,G/L7/GE9090/SD157/Main cab
9:7-158,HFP-11,L7,G,G/L7/GE9090/SD158/Main cab
9:7-159,HFPT-11,L7,G,G/L7/GE9090/SD159/Entry dr Psg
9:7-160,HTRI-R,L7,G,G/L7/GE9090/CM160/Entry dr Psg
9:7-161,HMS-S/D/M/SA,L7,G,G/L7/GE9090/MCP161/Entry dr Psg
9:7-162,HFP-11,L7,G,G/L7/GW9030/SD162/cab 1
9:7-163,HFP-11,L7,G,G/L7/GW9030/SD163/cab 2
9:7-164,HFP-11,L7,G,G/L7/GW9030/SD164/Psg nr cab 2
9:7-165,HFP-11,L7,G,G/L7/GW9030/SD165/cab 3
9:7-166,HFP-11,L7,G,G/L7/GW9030/SD166/cab 4
9:7-167,HFPT-11,L7,G,G/L7/GW9030/HD167/Pantry
9:7-168,HFP-11,L7,G,G/L7/GW9030/SD168/Reception
9:7-169,HTRI-R,L7,G,G/L7/GW9030/CM169/Entry dr Psg
9:7-170,HMS-S/D/M/SA,L7,G,G/L7/GW9030/MCP170/Entry dr Psg
9:7-171,HFP-11,L7,G,G/L7/GW8060/SD171/Main cab
9:7-172,HFP-11,L7,G,G/L7/GW8060/SD172/Account cab
9:7-173,HFP-11,L7,G,G/L7/GW8060/SD173/Psg nr Main ca
9:7-174,HFP-11,L7,G,G/L7/GW8060/SD174/Cab nr Pantry
9:7-175,HFPT-11,L7,G,G/L7/GW8060/HD175/Pantry
9:7-176,HTRI-R,L7,G,G/L7/GW8060/CM176/Entry Psg
9:7-177,HMS-S/D/M/SA,L7,G,G/L7/GW8060/MCP177/Entry Psg
9:7-178,HFP-11,L7,G,G/L7/GE8010/SD178/Assorter cab
9:7-179,HFP-11,L7,G,G/L7/GE8010/SD179/Main cab
9:7-180,HFP-11,L7,G,G/L7/GE8010/SD180/Entry Psg
9:7-181,HTRI-R,L7,G,G/L7/GE8010/CM181/Entry Psg
9:7-181,HTRI-R,L7,G,G/L7/GE8010/CM181/Entry Psg
9:7-182,HMS-S/D/M/SA,L7,G,G/L7/GE8010/MCP182/Entry Psg
9:7-183,HFP-11,L7,G,G/L7/GE8041/SD183/cab 1
9:7-184,HFP-11,L7,G,G/L7/GE8041/SD184/cab 2
9:7-185,HFP-11,L7,G,G/L7/GE8041/SD185/cab 3
9:7-186,HFP-11,L7,G,G/L7/GE8041/SD186/Reception cab
9:7-187,HFP-11,L7,G,G/L7/GE8041/SD187/Cab 4
9:7-188,HFP-11,L7,G,G/L7/GE8041/SD188/Cab 5
9:7-189,HFP-11,L7,G,G/L7/GE8041/SD189/Pantry
9:7-190,HFP-11,L7,G,G/L7/GE8041/SD190/Cab 6
9:7-191,HFP-11,L7,G,G/L7/GE8041/SD191/Cab 7
9:7-192,HFP-11,L7,G,G/L7/GE8041/SD192/Account cab1
9:7-193,HFP-11,L7,G,G/L7/GE8041/SD193/Account cab2
9:7-194,HFP-11,L7,G,G/L7/GE8041/SD194/Reception Psg
9:7-195,HTRI-R,L7,G,G/L7/GE8041/CM195/Entry Psg
9:7-196,HMS-S/D/M/SA,L7,G,G/L7/GE8041/MCP196/Entry Psg
9:7-197,HFP-11,L7,G,G/L7/GW8050/SD197/cab 1
9:7-198,HFP-11,L7,G,G/L7/GW8050/SD198/cab 2
9:7-199,HFP-11,L7,G,G/L7/GW8050/SD199/cab 3
9:7-200,HFP-11,L7,G,G/L7/GW8050/SD200/cab 4
9:7-201,HFP-11,L7,G,G/L7/GW8050/SD201/cab 5
9:7-202,HFP-11,L7,G,G/L7/GW8050/SD202/cab 6
9:7-203,HFP-11,L7,G,G/L7/GW8050/SD203/psg nr cab 6
9:7-204,HFP-11,L7,G,G/L7/GW8050/SD204/pantry
9:7-205,HFP-11,L7,G,G/L7/GW8050/SD205/Entry Psg
9:7-206,HTRI-R,L7,G,G/L7/GW8050/CM206/Entry Psg
9:7-207,HMS-S/D/M/SA,L7,G,G/L7/GW8050/MCP207/Entry Psg
9:7-208,HFP-11,L7,G,G/L7/GE8020/SD208/Main cab1
9:7-209,HFP-11,L7,G,G/L7/GE8020/SD209/Main cab2
9:7-210,HFP-11,L7,G,G/L7/GE8020/SD210/Sales cab1
9:7-211,HFP-11,L7,G,G/L7/GE8020/SD211/Sales cab2
9:7-212,FDOT421,L7,G,G/L7/GE8020/SD212/Accounts cab1
9:7-213,HFP-11,L7,G,G/L7/GE8020/SD213/Accounts cab 2
9:7-214,HFP-11,L7,G,G/L7/GE8020/SD214/Pantry
9:7-215,HFP-11,L7,G,G/L7/GE8020/SD215/Reception
9:7-217,HMS-S/D/M/SA,L7,G,G/L7/GE8020/MCP217/Entry Psg
9:7-223,HFP-11,L7,G,G/L7/GE9110/SD223/Main cab
9:7-224,HFP-11,L7,G,G/L7/GE9110/SD224/Assorter cab
9:7-225,HFPT-11,L7,G,G/L7/GE9110/HD225/Pantry
9:7-226,HTRI-R,L7,G,G/L7/GE9110/CM226/AFC Pantry
9:7-227,HMS-S/D/M/SA,L7,G,G/L7/GE9110/MCP227/Entry Psg
9:7-228,HFP-11,L7,G,G/L7/GW8020/SD228/Main cab
9:7-229,HFP-11,L7,G,G/L7/GW8020/SD229/Assorter cab
9:7-230,HFP-11,L7,G,G/L7/GW8020/SD230/Psg nr Assorte
9:7-231,HFPT-11,L7,G,G/L7/GW8020/HD231/Pantry
9:7-232,HTRI-R,L7,G,G/L7/GW8020/CM232/Entry dr psg
9:7-233,HMS-S/D/M/SA,L7,G,G/L7/GW8020/MCP233/Entry dr psg
9:7-234,HMS-S/D/M/SA,L7,G,G/L7/GW8010/MCP234/Entry dr psg
9:7-235,HTRI-R,L7,G,G/L7/GW8010/CM235/Entry dr psg
9:7-236,HFP-11,L7,G,G/L7/GW8010/SD236/Lunch cab
9:7-237,HFP-11,L7,G,G/L7/GW8010/SD237/Director cab
9:7-238,HFP-11,L7,G,G/L7/GW8010/SD238/Sales cab
9:7-239,HFP-11,L7,G,G/L7/GW8010/SD239/Buyer cab 1
9:7-240,HFP-11,L7,G,G/L7/GW8010/SD240/Account cab
9:7-241,HFP-11,L7,G,G/L7/GW8010/SD241/Account cab
9:7-242,HFP-11,L7,G,G/L7/GW8010/SD242/Account cab
9:7-243,HFP-11,L7,G,G/L7/GW8010/SD243/Entry psg
9:7-244,HFPT-11,L7,G,G/L7/GW8010/HD244/Pantry
9:7-245,HTRI-R,L7,G,G/L7/GE8020/CM245/Entry Psg
9:7-246,HFP-11,L7,G,G/L7/GE8020/SD246/ACCONTS CAB
9:7-247,HFP-11,L7,G,G/L7/GE9110/SD247/Account cab
9:7-248,HFP-11,L7,G,G/L7/GE8020/SD248/Psg nr Pantry
9:8-1,HTRI-R,L8,G,G/L8/8F/CM1/HE Lift Lobby
9:8-2,HMS-S/D/M/SA,L8,G,G/L8/8F/MCP2/HE Lift Loby
9:8-3,HTRI-S,L8,G,G/L8/8F/MM3/HE Lift Loby
9:8-4,HFP-11,L8,G,G/L8/8F/SD4/HE Lift Loby
9:8-5,HTRI-R,L8,G,G/L8/8F/CM5/HE Door Release
9:8-6,HFP-11,L8,G,G/L8/8F/SD6/HE Electric Rm
9:8-7,HFP-11,L8,G,G/L8/8F/SD7/HE AHU Rm
9:8-8,HTRI-R,L8,G,G/L8/8F/CM8/HE AHU Rm
9:8-9,HFP-11,L8,G,G/L8/8F/SD9/HE Electric Rm
9:8-10,HFP-11,L8,G,G/L8/8F/SD10/HE Electric He 8011
9:8-11,HFP-11,L8,G,G/L8/8F/SD11/Corr.Nr HE8011
9:8-12,HFP-11,L8,G,G/L8/8F/SD12/Corr.Nr HE8020
9:8-13,HFP-11,L8,G,G/L8/8F/SD13/Corr.Nr HE8040
9:8-14,HFP-11,L8,G,G/L8/8F/SD14/Corr.Nr HE8040
9:8-15,HFP-11,L8,G,G/L8/8F/SD15/Corr.Nr HE8060
9:8-16,HFP-11,L8,G,G/L8/8F/SD16/Corr.Nr HE8060
9:8-17,HFP-11,L8,G,G/L8/8F/SD17/Corr.Nr HE8070
9:8-18,XTRI-R,L8,G,G/L8/8F/CM18/HW Lift Lobby
9:8-18,XTRI-R,L8,G,G/L8/8F/CM18/HW Lift Lobby
9:8-19,HMS-S/D/M/SA,L8,G,G/L8/8F/MCP19/HW Lift Lobby
9:8-20,HTRI-S,L8,G,G/L8/8F/MM20/HW Lift Lobby
9:8-21,HFP-11,L8,G,G/L8/8F/SD21/HW Lift Lobby
9:8-22,HFP-11,L8,G,G/L8/8F/SD22/HW Electric rm
9:8-23,HTRI-R,L8,G,G/L8/8F/CM23/HW AHU rm
9:8-24,HFP-11,L8,G,G/L8/8F/SD24/HW AHU rm
9:8-25,HTRI-R,L8,G,G/L8/7F/CM25/HE Lift Lobby
9:8-26,HMS-S/D/M/SA,L8,G,G/L8/7F/MCP26/HE Lift Lobby
9:8-27,HTRI-S,L8,G,G/L8/7F/MM27/HE Lift Lobby
9:8-28,HFP-11,L8,G,G/L8/7F/SD28/HE Lift Lobby
9:8-30,HFP-11,L8,G,G/L8/7F/SD30/HE Electric Rm
9:8-31,HFP-11,L8,G,G/L8/7F/SD31/HE passage
9:8-32,HFP-11,L8,G,G/L8/7F/SD32/HE AHU Rm
9:8-33,HTRI-R,L8,G,G/L8/7F/CM33/HE AHU Rm
9:8-34,HFP-11,L8,G,G/L8/7F/SD34/HW Passage
9:8-35,HFP-11,L8,G,G/L8/7F/SD35/ Corr. Nr. HW 7011E
9:8-36,HFP-11,L8,G,G/L8/7F/SD36/HW Passage
9:8-37,HTRI-R,L8,G,G/L8/7F/CM37/HW AHU Rm
9:8-38,HFP-11,L8,G,G/L8/7F/SD38/HW AHU Rm
9:8-39,HFP-11,L8,G,G/L8/7F/SD39/HW Electric rm
9:8-40,HFP-11,L8,G,G/L8/7F/SD40/HW Lift Lobby
9:8-41,HTRI-R,L8,G,G/L8/7F/CM41/HW Lift Lobby
9:8-42,HMS-S/D/M/SA,L8,G,G/L8/7F/MCP42/HW Lift Lobby
9:8-45,HTRI-S,L8,G,G/L8/HW/7F/MM45/HW7011F
9:8-46,HTRI-S,L8,G,G/L8/HE/7F/MM46/HW7010
9:8-47,HTRI-S,L8,G,G/L8/HE/8F/MM47/HE8011
9:8-49,HTRI-S,L8,G,G/L8/HE/8F/MM49/HE8011-A
9:8-50,HTRI-S,L8,G,G/L8/HE/8F/MM50/HE8020
9:8-51,HTRI-S,L8,G,G/L8/HE/8F/MM51/HE8030
9:8-53,HTRI-S,L8,G,G/L8/HE/8F/MM53/HE8040
9:8-55,HTRI-S,L8,G,G/L8/HE/8F/MM55/HE8060
9:8-57,HTRI-S,L8,G,G/L8/HE/8F/MM57/HE8-D.NAVINCHAN
9:8-59,HFP-11,L8,G,G/L8/HE8012/SD59/Main cab
9:8-60,HFP-11,L8,G,G/L8/HE8012/SD60/Cab 1
9:8-61,HFP-11,L8,G,G/L8/HE8012/SD61/Entry Psg
9:8-62,HFP-11,L8,G,G/L8/HE8012/SD62/NS Diam. Cab
9:8-63,HTRI-R,L8,G,G/L8/HE8012/CM63/Entry Psg
9:8-64,HMS-S/D/M/SA,L8,G,G/L8/HE8012/MCP64/Entry Psg
9:8-65,HFP-11,L8,G,G/L8/HE8050/SD65/Assorter cab1
9:8-66,HFP-11,L8,G,G/L8/HE8050/SD66/Main cab
9:8-67,HFP-11,L8,G,G/L8/HE8050/SD67/Assorter cab2
9:8-68,HFP-11,L8,G,G/L8/HE8050/SD68/Pantry
9:8-69,HTRI-R,L8,G,G/L8/HE8050/CM69/Entry dr Psg
9:8-70,HMS-S/D/M/SA,L8,G,G/L8/HE8050/MCP70/Entry dr Psg
9:8-71,HFP-11,L8,G,G/L8/HE8070/SD71/Main cab
9:8-72,HFP-11,L8,G,G/L8/HE8070/SD72/Accounts cab
9:8-73,HFP-11,L8,G,G/L8/HE8070/SD73/Assorter cab1
9:8-74,HFP-11,L8,G,G/L8/HE8070/SD74/Assorter cab2
9:8-75,HFP-11,L8,G,G/L8/HE8070/SD75/Entry dr Psg
9:8-76,HFPT-11,L8,G,G/L8/HE8070/HD76/Pantry
9:8-77,HTRI-R,L8,G,G/L8/HE8070/CM77/Entry dr Psg
9:8-78,HMS-S/D/M/SA,L8,G,G/L8/HE8070/MCP78/Entry dr Psg
9:8-79,HFP-11,L8,G,G/L8/HE8090/SD79/Main cab
9:8-80,HFP-11,L8,G,G/L8/HE8090/SD80/Assorter cab1
9:8-81,HFP-11,L8,G,G/L8/HE8090/SD81/Assorter cab2
9:8-82,HFP-11,L8,G,G/L8/HE8090/SD82/Entry Psg
9:8-83,HTRI-R,L8,G,G/L8/HE8090/CM83/Entry Psg
9:8-84,HMS-S/D/M/SA,L8,G,G/L8/HE8090/MCP84/Entry Psg
9:8-85,HFP-11,L8,G,G/L8/HE8060A/SD85/Main cab1
9:8-86,HFP-11,L8,G,G/L8/HE8060A/SD86/Main cab2
9:8-87,HFP-11,L8,G,G/L8/HE8060A/SD87/Entry dr Psg
9:8-88,HTRI-R,L8,G,G/L8/HE8060A/CM88/Entry dr Psg
9:8-89,HMS-S/D/M/SA,L8,G,G/L8/HE8060A/MCP89/Entry dr Psg
9:8-90,HFP-11,L8,G,G/L8/HW8012/SD90/Account cab
9:8-91,HFP-11,L8,G,G/L8/HW8012/SD91/Conference rm
9:8-92,HFP-11,L8,G,G/L8/HW8012/SD92/Buyer Cab 5
9:8-93,HFP-11,L8,G,G/L8/HW8012/SD93/Buyer Cab 4
9:8-94,HFP-11,L8,G,G/L8/HW8012/SD94/Buyer Cab 3
9:8-95,HFP-11,L8,G,G/L8/HW8012/SD95/Buyer Cab 2
9:8-96,HFP-11,L8,G,G/L8/HW8012/SD96/Main cab
9:8-97,HFP-11,L8,G,G/L8/HW8012/SD97/Main cab
9:8-98,HFP-11,L8,G,G/L8/HW8012/SD98/Buyer Cab 1
9:8-99,HFP-11,L8,G,G/L8/HW8012/SD99/Assorter cab
9:8-100,HFP-11,L8,G,G/L8/HW8012/SD100/Assorter cab
9:8-101,HFP-11,L8,G,G/L8/HW8012/SD101/Reception Psg
9:8-102,HFP-11,L8,G,G/L8/HW8012/SD102/Reception Psg
9:8-103,HFP-11,L8,G,G/L8/HW8012/SD103/Pantry
9:8-104,HFP-11,L8,G,G/L8/HW8012/SD104/Psg nr Pantry
9:8-105,HFP-11,L8,G,G/L8/HW8012/SD105/Psg nr MC
9:8-106,HFP-11,L8,G,G/L8/HW8012/SD106/Psg nr Buyer c
9:8-107,HTRI-R,L8,G,G/L8/HW8012/CM107/Entry dr psg
9:8-108,HMS-S/D/M/SA,L8,G,G/L8/HW8012/MCP108/Entry dr psg
9:8-109,HFP-11,L8,H,H/L8/HW8011B/SD109/reception psg
9:8-110,HFP-11,L8,H,H/L8/HW8011B/SD110/psg nr cab5
9:8-111,HFP-11,L8,H,H/L8/HW8011B/SD111/cab5
9:8-112,HFP-11,L8,H,H/L8/HW8011B/SD112/cab3
9:8-113,HFP-11,L8,H,H/L8/HW8011B/SD113/cab1
9:8-114,HFP-11,L8,H,H/L8/HW8011B/SD114/director cab
9:8-115,HFP-11,L8,H,H/L8/HW8011B/SD115/Mayur cab
9:8-116,HFP-11,L8,H,H/L8/HW8011B/SD116/cab2
9:8-117,HFP-11,L8,H,H/L8/HW8011B/SD117/cab 4/A
9:8-118,HFP-11,L8,H,H/L8/HW8011B/SD118/cab 4/B
9:8-119,HFP-11,L8,H,H/L8/HW8011B/SD119/psg nr Server
9:8-120,FDOT421,L8,H,H/L8/HW8011B/SD120/Assortor cab2
9:8-121,HFP-11,L8,H,H/L8/HW8011B/SD121/Assortor cab2
9:8-122,HFP-11,L8,H,H/L8/HW8011B/SD122/Assortor cab2
9:8-123,HFP-11,L8,H,H/L8/HW8011B/SD123/Assortor cab1
9:8-124,HFP-11,L8,H,H/L8/HW8011B/SD124/Assortor cab1
9:8-125,HFP-11,L8,H,H/L8/HW8011B/SD125/Assortor cab1
9:8-126,HFPT-11,L8,H,H/L8/HW8011B/HD126/pantry
9:8-127,HMS-S/D/M/SA,L8,H,H/L8/HW8011B/MCP127/Assortor cab
9:8-128,HMS-S/D/M/SA,L8,H,H/L8/HW8011B/MCP128/Entry psg
9:8-129,HTRI-R,L8,H,H/L8/HW8011B/CM129/Entry psg AFC
9:8-136,HTRI-S,L8,G,G/L8/HW/7F/MM136/HW7011-E
9:8-137,HTRI-S,L8,G,G/L8/HW/7F/MM137/HW7011-C&D
9:8-138,HTRI-S,L8,G,G/L8/HW/7F/MM138/HW7011-A
9:8-139,HTRI-S,L8,G,G/L8/HW/7F/MM139/HW7011-B
10:1-1,HTRI-R,L1,A,A/L1/EC/1F/CM1/FIRE HYD SHAFT
10:1-1,HTRI-R,L1,A,A/L1/EC/1F/CM1/FIRE HYD SHAFT
10:1-2,HTRI-S,L1,A,A/L1/EC/1F/MM2/FIRE HYD SHAFT
10:1-3,HMS-S/D/M/SA,L1,A,A/L1/EC/1F/MCP3/LIFT LOBBY STR
10:1-4,FDOT421,L1,A,A/L1/EC/1F/SD4/LIFT LOBBY
10:1-5,HTRI-R,L1,A,A/L1/EC/1F/CM5/AHU ROOM
10:1-6,FDOT421,L1,A,A/L1/EC/1F/SD6/AHU ROOM
10:1-7,FDOT421,L1,A,A/L1/EC/1F/SD7/AHU ROOM
10:1-8,FDOT421,L1,A,A/L1/EC/1F/SD8/ELECTRICAL ROOM
10:1-9,HTRI-R,L1,A,A/L1/WC/1F/CM9/FIRE HYD SHAFT
10:1-10,HTRI-S,L1,A,A/L1/WC/1F/MM10/FIRE HYD SHAFT
10:1-11,HMS-S/D/M/SA,L1,A,A/L1/WC/1F/MCP11/FIRE ESCAPE STR
10:1-13,FDOT421,L1,A,A/L1/WC/1F/SD13/LIFT LOBBY
10:1-14,FDOT421,L1,A,A/L1/WC/1F/SD14/CORR NR L.L.
10:1-15,FDOT421,L1,A,A/L1/WC/1F/SD15/LOBBY NR AW1021
10:1-16,FDOT421,L1,A,A/L1/WC/1F/SD16/ELE ROOM
10:1-17,FDOT421,L1,A,A/L1/WC/1F/SD17/AHU ROOM
10:1-18,HTRI-R,L1,A,A/L1/WC/1F/CM18/AHU ROOM
10:1-41,XTRI-S,L1,A,A/L1/1F/MM41/AW1010
10:1-42,XTRI-S,L1,A,A/L1/1F/MM42/AW1022
10:1-43,XTRI-S,L1,A,A/L1/1F/MM43/AW1021
10:1-44,XTRI-S,L1,A,A/L1/1F/MM44/AW1031
10:1-45,HTRI-S,L1,A,A/L1/1F/MM45/AE1010 1A
10:1-46,HTRI-S,L1,A,A/L1/1F/MM46/AE1010 1B
10:2-1,HTRI-R,L2,A,A/L2/EC/2F/CM1/FIRE HYD SHAFT
10:2-2,HTRI-S,L2,A,A/L2/EC/2F/MM2/FIRE HYD SHAFT
10:2-3,HMS-S/D/M/SA,L2,A,A/L2/EC/2F/MCP3/LIFT LOBBY STR
10:2-4,FDOT421,L2,A,A/L2/EC/2F/SD4/LIFT LOBBY
10:2-5,HTRI-R,L2,A,A/L2/EC/2F/CM5/DOOR RELEASE U
10:2-6,HTRI-R,L2,A,A/L2/EC/2F/CM6/AHU ROOM
10:2-7,FDOT421,L2,A,A/L2/EC/2F/SD7/AHU ROOM
10:2-8,FDOT421,L2,A,A/L2/EC/2F/SD8/ELECTRICAL ROOM
10:2-9,FDOT421,L2,A,A/L2/EC/2F/SD9/AFC ELECT RM
10:2-10,FDOT421,L2,A,A/L2/EC/2F/SD10/OUTSIDE ELECT RM
10:2-11,FDOT421,L2,A,A/L2/EC/2F/SD11/AFC CORR AE2080
10:2-12,FDOT421,L2,A,A/L2/EC/2F/SD12/AFC CORR AE2/S02
10:2-13,FDOT421,L2,A,A/L2/EC/2F/SD13/CORR AE 2020A
10:2-14,FDOT421,L2,A,A/L2/EC/2F/SD14/CORRIDOR AE 2020
10:2-15,FDOT421,L2,A,A/L2/E/2F/SD15/AFC COR NRAE2020
10:2-16,HTRI-R,L2,A,A/L2/EC/2F/CM16/CORR STR CASE
10:2-17,HMS-S/D/M/SA,L2,A,A/L2/EC/2F/MCP17/CORR STR CASE
10:2-18,FDOT421,L2,A,A/L2/EC/2F/SD18/CORRIDOR AE 2031
10:2-19,FDOT421,L2,A,A/L2/EC/2F/SD19/AFC CORR AE2/S10
10:2-20,FDOT421,L2,A,A/L2/EC/2F/SD20/CORR AE2/S05
10:2-21,FDOT421,L2,A,A/L2/E/2F/SD21/CORR NrAW2/S09AFC
10:2-22,FDOT421,L2,A,A/L2/EC/2F/SD22/CORRIDOR AE 2044
10:2-23,FDOT421,L2,A,A/L2/WC/2F/SD23/OUTSIDE ELECT RM
10:2-24,HTRI-R,L2,A,A/L2/WC/2F/CM24/OUTSIDE ELECT RM
10:2-25,FDOT421,L2,A,A/L2/WC/2F/SD25/ELECTRICAL ROOM
10:2-26,HMS-S/D/M/SA,L2,A,A/L2/WC/2F/MCP26/LIFT LOBBY STR
10:2-27,HTRI-R,L2,A,A/L2/WC/2F/CM27/FIRE HYD SHAFT
10:2-28,HTRI-S,L2,A,A/L2/WC/2F/MM28/FIRE HYD SHAFT
10:2-29,FDOT421,L2,A,A/L2/WC/2F/SD29/LIFT LOBBY
10:2-30,FDOT421,L2,A,A/L2/WC/2F/SD30/LIFT LOBBY
10:2-31,HTRI-R,L2,A,A/L2/WC/2F/CM31/DOOR RELEASE U
10:2-32,HTRI-R,L2,A,A/L2/WC/2F/CM32/AHU ROOM
10:2-33,FDOT421,L2,A,A/L2/WC/2F/SD33/AHU ROOM
10:2-34,FDOT421,L2,A,A/L2/W/2F/SD34/CORRAW2/S07AFC
10:2-35,FDOT421,L2,A,A/L2/WC/2F/SD35/CORR AW2/S07
10:2-36,FDOT421,L2,A,A/L2/W/2F/SD36/CORRAW2022AFC
10:2-37,FDOT421,L2,A,A/L2/WC/2F/SD37/CORR AW2150
10:2-41,XTRI-S,L2,A,A/L2/2F/MM41/AE2011
10:2-43,XTRI-S,L2,A,A/L2/2F/MM43/AE2080
10:2-44,XTRI-S,L2,A,A/L2/2F/MM44/AE2013
10:2-46,XTRI-S,L2,A,A/L2/2F/MM46/AE2020A
10:2-51,XTRI-S,L2,A,A/L2/2F/MM51/AE2031
10:2-52,XTRI-S,L2,A,A/L2/2F/MM52/AE2041
10:2-53,XTRI-S,L2,A,A/L2/2F/MM53/AE2053
10:2-54,XTRI-S,L2,A,A/L2/2F/MM54/AE2042
10:2-56,XTRI-S,L2,A,A/L2/2F/MM56/AE2043
10:2-57,XTRI-S,L2,A,A/L2/2F/MM57/AE2044
10:2-58,XTRI-S,L2,A,A/L2/2F/MM58/AE2051
10:2-60,XTRI-S,L2,A,A/L2/2F/MM60/AW2160
10:2-61,XTRI-S,L2,A,A/L2/2F/MM61/AW2022/23
10:2-62,XTRI-S,L2,A,A/L2/2F/MM62/AW2150
10:2-63,HFP-11,L2,A,A/L2/AE2020/SD63/Main cabin
10:2-64,HFP-11,L2,A,A/L2/AE2020/SD64/Assorter Room
10:2-65,HFP-11,L2,A,A/L2/AE2020/SD65/Accounts cabin
10:2-66,HFPT-11,L2,A,A/L2/AE2020/HD66/Pantry Area
10:2-67,HFP-11,L2,A,A/L2/AE2020/SD67/Passage Area
10:2-68,HTRI-R,L2,A,A/L2/AE2020/CM68/Entry Door
10:2-69,HMS-S/D/M/SA,L2,A,A/L2/AE2020/MCP69/Entry Door
10:2-70,HFP-11,L2,A,A/L2/AE2032/SD70/Main cabin-1
10:2-71,HFP-11,L2,A,A/L2/AE2032/SD71/Main cabin-2
10:2-72,HFP-11,L2,A,A/L2/AE2032/SD72/Passage Area
10:2-73,HTRI-R,L2,A,A/L2/AE2032/CM73/Entry Door
10:2-74,HMS-S/D/M/SA,L2,A,A/L2/AE2032/MCP74/Entry Door
10:2-80,HTRI-S,L2,A,A/L2/2F/MM80/AE2060
10:2-94,HFP-11,L2,A,A/L2/AW2021/SD94/Main Cab1
10:2-95,HFP-11,L2,A,A/L2/AW2021/SD95/Main Cab2
10:2-96,HFP-11,L2,A,A/L2/AW2021/SD96/Main Cab2
10:2-97,HFP-11,L2,A,A/L2/AW2021/SD97/Account cab
10:2-98,HFP-11,L2,A,A/L2/AW2021/SD98/Assorter Cab
10:2-99,HFP-11,L2,A,A/L2/AW2021/SD99/Reception Area
10:2-100,HFPT-11,L2,A,A/L2/AW2021/HD100/Pantry
10:2-101,HTRI-R,L2,A,A/L2/AW2021/CM101/Entry Door Psg
10:2-102,HMS-S/D/M/SA,L2,A,A/L2/AW2021/MCP102/Entry Door
10:3-1,HTRI-R,L3,A,A/L3/EC/3F/CM1/FIRE HYD SHAFT
10:3-2,HTRI-S,L3,A,A/L3/EC/3F/MM2/FIRE HYD HAFT
10:3-3,HMS-S/D/M/SA,L3,A,A/L3/EC/3F/MCP3/LIFT LOBBY STR
10:3-4,FDOT421,L3,A,A/L3/EC/3F/SD4/LIFT LOBBY
10:3-5,HTRI-R,L3,A,A/L3/EC/3F/CM5/DOOR RELEASE U
10:3-6,HTRI-R,L3,A,A/L3/EC/3F/CM6/AHU ROOM
10:3-7,FDOT421,L3,A,A/L3/EC/3F/SD7/AHU ROOM
10:3-8,FDOT421,L3,A,A/L3/EC/3F/SD8/ELECTRICAL ROOM
10:3-9,FDOT421,L3,A,A/L3/EC/3F/SD9/AFC CORR AE3100
10:3-10,FDOT421,L3,A,A/L3/EC/3F/SD10/CORR AE3100
10:3-11,FDOT421,L3,A,A/L3/EC/3F/SD11/AFC CORR AE3/S02
10:3-12,FDOT421,L3,A,A/L3/EC/3F/SD12/CORRIDOR AE3/S02
10:3-13,FDOT421,L3,A,A/L3/EC/3F/SD13/CORRIDOR AE3021
10:3-14,FDOT421,L3,A,A/L3/EC/3F/SD14/AFC CORR AE 3080
10:3-15,FDOT421,L3,A,A/L3/EC/3F/SD15/CORRIDOR AE 3022
10:3-16,HTRI-R,L3,A,A/L3/EC/3F/CM16/CORR STR CASE
10:3-16,HTRI-R,L3,A,A/L3/EC/3F/CM16/CORR STR CASE
10:3-17,HMS-S/D/M/SA,L3,A,A/L3/EC/3F/MCP17/CORR STR CASE
10:3-18,FDOT421,L3,A,A/L3/EC/3F/SD18/AFC CORR AE/S04
10:3-19,FDOT421,L3,A,A/L3/EC/3F/SD19/CORRIDOR AE3/S04
10:3-20,FDOT421,L3,A,A/L3/EC/3F/SD20/CORRIDOR AE 3040
10:3-21,FDOT421,L3,A,A/L3/EC/3F/SD21/AFC CORR AE 3060
10:3-22,FDOT421,L3,A,A/L3/EC/3F/SD22/COAR NR AE3050
10:3-23,FDOT421,L3,A,A/L3/EC/3F/SD23/CORR AW3/S09AFC
10:3-24,FDOT421,L3,A,A/L3/EC/3F/SD24/CORR NR ELE RM
10:3-25,HTRI-R,L3,A,A/L3/WC/3F/CM25/OUTSIDE ELECT RM
10:3-26,FDOT421,L3,A,A/L3/WC/3F/SD26/AW ELECTRIC ROOM
10:3-27,HMS-S/D/M/SA,L3,A,A/L3/WC/3F/MCP27/LIFT LOBBY STR
10:3-28,HTRI-R,L3,A,A/L3/WC/3F/CM28/FIRE HYD SHAFT
10:3-29,HTRI-S,L3,A,A/L3/WC/3F/MM29/FIRE HYD SHAFT
10:3-30,FDOT421,L3,A,A/L3/WC/3F/SD30/LIFT LOBBY
10:3-31,FDOT421,L3,A,A/L3/WC/3F/SD31/LIFT LOBBY
10:3-32,HTRI-R,L3,A,A/L3/WC/3F/CM32/DOOR RELEASE U
10:3-33,HTRI-R,L3,A,A/L3/WC/3F/CM33/AHU ROOM
10:3-34,FDOT421,L3,A,A/L3/EC/3F/SD32/CORR NR AE3050
10:3-35,FDOT421,L3,A,A/L3/WC/3F/SD35/AFC CORR  AHU RM
10:3-36,FDOT421,L3,A,A/L3/WC/3F/SD36/CORR AW3/S07
10:3-37,FDOT421,L3,A,A/L3/WC/3F/SD37/CORR NRAW3021
10:3-41,XTRI-S,L3,A,A/L3/3F/MM41/AE3100
10:3-43,XTRI-S,L3,A,A/L3/3F/MM43/AE3092
10:3-46,XTRI-S,L3,A,A/L3/3F/MM46/AE3080
10:3-48,XTRI-S,L3,A,A/L3/3F/MM48/AE3031
10:3-51,XTRI-S,L3,A,A/L3/3F/MM51/AE3032
10:3-52,XTRI-S,L3,A,A/L3/3F/MM52/AE3040
10:3-53,XTRI-S,L3,A,A/L3/3F/MM53/AE3060
10:3-54,XTRI-S,L3,A,A/L3/3F/MM54/AE3050
10:3-56,XTRI-S,L3,A,A/L3/3F/MM56/AW3120
10:3-57,XTRI-S,L3,A,A/L3/3F/MM57/AW3021
10:3-59,HFP-11,L3,A,A/L3/AW3110/SD59/Main Cabin
10:3-60,HFP-11,L3,A,A/L3/AW3110/SD60/Passage Area
10:3-61,HFP-11,L3,A,A/L3/AW3110/SD61/AFC Cab 1
10:3-62,HTRI-R,L3,A,A/L3/AW3110/CM62/Entry Door
10:3-63,HFP-11,L3,A,A/L3/AW3010/SD63/Main Cabin
10:3-64,HFP-11,L3,A,A/L3/AW3010/SD64/Assorter Room
10:3-65,HFP-11,L3,A,A/L3/AW3010/SD65/Accounts Cabin
10:3-66,HFP-11,L3,A,A/L3/AW3010/SD66/Passage Area
10:3-67,HFP-11,L3,A,A/L3/AW3010/SD67/Pantry
10:3-68,HTRI-R,L3,A,A/L3/AW3010/CM68/Entry Door
10:3-69,HMS-S/D/M/SA,L3,A,A/L3/AW3010/MCP69/Entry Door
10:3-70,HFP-11,L3,A,A/L3/AE3071/SD70/Main cabin-1
10:3-71,HFP-11,L3,A,A/L3/AE3071/SD71/Main cabin-2
10:3-72,HFP-11,L3,A,A/L3/AE3071/SD72/Assorter Room
10:3-73,HFP-11,L3,A,A/L3/AE3071/SD73/Pantry Area
10:3-74,HFP-11,L3,A,A/L3/AE3071/SD74/Passage Area
10:3-75,XTRI-R,L3,A,A/L3/AE3071/CM75/Entry Door
10:3-76,HMS-S/D/M/SA,L3,A,A/L3/AE3071/MCP76/Entry Door
10:3-77,HFP-11,L3,A,A/L3/AE3010/SD77/Entry Door
10:3-78,HFP-11,L3,A,A/L3/AE3010/SD78/Passage Area
10:3-79,HFP-11,L3,A,A/L3/AE3010/SD79/Cabin 1
10:3-80,HFP-11,L3,A,A/L3/AE3010/SD80/Watting Area
10:3-81,HFP-11,L3,A,A/L3/AE3010/SD81/Cabin 2
10:3-82,HFP-11,L3,A,A/L3/AE3010/SD82/Cabin 3
10:3-83,HFP-11,L3,A,A/L3/AE3010/SD83/Cabin 4
10:3-84,HFP-11,L3,A,A/L3/AE3010/SD84/Cabin 5
10:3-85,HTRI-R,L3,A,A/L3/AE3010/CM85/Entry Door
10:3-86,HMS-S/D/M/SA,L3,A,A/L3/AE3010/MCP86/Entry Door
10:3-87,HFP-11,L3,A,A/L3/AE3021/SD87/Account cab 
10:3-88,HFP-11,L3,A,A/L3/AE3021/SD88/Assorter cab 
10:3-89,HFP-11,L3,A,A/L3/AE3021/SD89/Main cab 
10:3-90,HFP-11,L3,A,A/L3/AE3021/SD90/Conference rm
10:3-91,HFP-11,L3,A,A/L3/AE3021/SD91/Boss cab
10:3-92,HFP-11,L3,A,A/L3/AE3021/SD92/Angadia cab
10:3-93,HFP-11,L3,A,A/L3/AE3021/SD93/Pantry
10:3-95,HFP-11,L3,A,A/L3/AE3021/SD95/Reception psg
10:3-96,HTRI-R,L3,A,A/L3/AE3021/CM96/Entry dr psg
10:3-97,HMS-S/D/M/SA,L3,A,A/L3/AE3021/MCP97/Entry dr psg
10:3-98,HFP-11,L3,A,A/L3/AE3071/SD98/DINNING CABIN 
10:3-108,HMS-S/D/M/SA,L3,A,A/L3/AW3110/MCP108/Entry Door
10:3-109,HFP-11,L3,A,A/L3/AE3022/SD109/Mani Cab
10:3-110,HFP-11,L3,A,A/L3/AE3022/SD110/Assotors Cab
10:3-111,HFP-11,L3,A,A/L3/AE3022/SD111/Psg Nr. Pantry
10:3-112,HFPT-11,L3,A,A/L3/AE3022/HD112/Pantry
10:3-113,HTRI-R,L3,A,A/L3/AE3022/CM113/Assortor Cab A
10:3-114,HMS-S/D/M/SA,L3,A,A/L3/AE3022/SD114/Entry DR Psg
10:3-115,HTRI-S,L3,A,A/L3/3F/MM115/AE3090
10:3-116,HFP-11,L3,A,A/L3/WC/SD116/AW3110/Entry Door
10:4-1,HTRI-R,L4,A,A/L4/EC/4F/CM1/FIRE HYD SHAFT
10:4-2,HTRI-S,L4,A,A/L4/EC/4F/MM2/FIRE HYD SHAFT
10:4-3,HMS-S/D/M/SA,L4,A,A/L4/EC/4F/MCP3/LIFT LOBBY STR
10:4-4,FDOT421,L4,A,A/L4/EC/4F/SD4/LIFT LOBBY
10:4-5,HTRI-R,L4,A,A/L4/EC/4F/CM5/DOOR RELEASE U
10:4-6,HTRI-R,L4,A,A/L4/EC/4F/CM6/AHU ROOM
10:4-7,FDOT421,L4,A,A/L4/EC/4F/SD7/AHU ROOM
10:4-8,FDOT421,L4,A,A/L4/EC/4F/SD8/ELECTRICAL ROOM
10:4-9,FDOT421,L4,A,A/L4/EC/4F/SD9/AFC COR NR AE4070
10:4-10,FDOT421,L4,A,A/L4/EC/4F/SD10/COR NR AE4070
10:4-11,FDOT421,L4,A,A/L4/EC/4F/SD11/AFC CORR AE4011
10:4-12,FDOT421,L4,A,A/L4/EC/4F/SD12/CORRIDOR AE2/S02
10:4-13,FDOT421,L4,A,A/L4/EC/4F/SD13/CORR NR AE4012
10:4-14,FDOT421,L4,A,A/L4/EC/4F/SD14/CORR NR AE4020
10:4-15,HTRI-R,L4,A,A/L4/EC/4F/CM15/CORR STR CASE
10:4-16,HMS-S/D/M/SA,L4,A,A/L4/EC/4F/MCP16/CORR STR CASE
10:4-17,FDOT421,L4,A,A/L4/E/4F/SD17/AFC CORNrAE4 S/10
10:4-18,FDOT421,L4,A,A/L4/EC/4F/SD18/CORRIDOR AE4032A
10:4-19,FDOT421,L4,A,A/L4/EC/4F/SD19/AFC COR NR AE404
10:4-20,FDOT421,L4,A,A/L4/EC/4F/SD20/CORRIDOR AE4032C
10:4-21,FDOT421,L4,A,A/L4/EC/4F/SD21/AFC COR AE S/09
10:4-22,FDOT421,L4,A,A/L4/EC/4F/SD22/CORRIDOR AE4032D
10:4-23,FDOT421,L4,A,A/L4/WC/4F/SD23/AFC COR ELE RM
10:4-24,FDOT421,L4,A,A/L4/WC/4F/SD24/OUTSIDE ELECT RM
10:4-25,HTRI-R,L4,A,A/L4/WC/4F/CM25/DOOR RELEASE U
10:4-26,FDOT421,L4,A,A/L4/WC/4F/SD26/ELECTRICAL ROOM
10:4-27,HMS-S/D/M/SA,L4,A,A/L4/WC/4F/MCP27/LIFT LOBBY STR
10:4-28,HTRI-R,L4,A,A/L4/WC/4F/CM28/FIRE HYD SHAFT
10:4-29,XTRI-S,L4,A,A/L4/WC/4F/MM29/FIRE HYD SHAFT
10:4-30,FDOT421,L4,A,A/L4/WC/4F/SD30/LIFT LOBBY
10:4-31,FDOT421,L4,A,A/L4/WC/4F/SD31/LIFT LOBBY
10:4-32,HTRI-R,L4,A,A/L4/WC/4F/CM32/DOOR RELEASE U
10:4-33,HTRI-R,L4,A,A/L4/WC/4F/CM33/AHU ROOM
10:4-34,FDOT421,L4,A,A/L4/WC/4F/SD34/AHU ROOM
10:4-35,FDOT421,L4,A,A/L4/WC/4F/SD35/AFC CORR AHU RM
10:4-36,FDOT421,L4,A,A/L4/WC/4F/SD36/CORR AW4/S07
10:4-37,FDOT421,L4,A,A/L4/WC/4F/SD37/CORR AW4140
10:4-38,HTRI-S,L4,A,A/L4/4F/MM38/AE4032B
10:4-39,HTRI-S,L4,A,A/L4/4F/MM39/AE4032C
10:4-42,HTRI-S,L4,A,A/L4/4F/MM42/AE4011
10:4-43,HTRI-S,L4,A,A/L4/4F/MM43/AE4060
10:4-45,HTRI-S,L4,A,A/L4/4F/MM45/AE4020
10:4-46,HTRI-S,L4,A,A/L4/4F/MM46/AE4050
10:4-47,HTRI-S,L4,A,A/L4/4F/MM47/AE4031
10:4-48,HTRI-S,L4,A,A/L4/4F/MM48/AE4032A
10:4-49,HTRI-S,L4,A,A/L4/4F/MM49/AE4042B
10:4-50,HTRI-S,L4,A,A/L4/4F/MM50/AE4032D
10:4-51,HTRI-S,L4,A,A/L4/P1/4F/MM51/AE4042A
10:4-52,HTRI-S,L4,A,A/L4/4F/MM52/AW4010
10:4-54,XTRI-S,L4,A,A/L4/4F/MM54/AW4150
10:4-55,XTRI-S,L4,A,A/L4/4F/MM55/AW4021/22
10:4-56,XTRI-S,L4,A,A/L4/4F/MM56/AW4140
10:4-57,HFP-11,L4,A,A/L4/AE4012/SD57/Accounts Cabin
10:4-58,HFPT-11,L4,A,A/L4/AE4012/HD58/Pantry Area
10:4-59,HFP-11,L4,A,A/L4/AE4012/SD59/Main cabin
10:4-60,HFP-11,L4,A,A/L4/AE4012/SD60/Passage Area
10:4-61,HFP-11,L4,A,A/L4/AE4012/SD61/Conference Room
10:4-62,HFP-11,L4,A,A/L4/AE4012/SD62/Assorter Room
10:4-63,HFP-11,L4,A,A/L4/AE4012/SD63/Main Cabin-1
10:4-64,HFP-11,L4,A,A/L4/AE4012/SD64/Main Cabin-2
10:4-65,HTRI-R,L4,A,A/L4/AE4012/CM65/Entry door
10:4-66,HMS-S/D/M/SA,L4,A,A/L4/AE4012/MCP66/Entry door
10:4-67,HFP-11,L4,A,A/L4/AE4041/SD67/Main Cabin-1
10:4-68,HFP-11,L4,A,A/L4/AE4041/SD68/Main Cabin-2
10:4-69,HFP-11,L4,A,A/L4/AE4041/SD69/Passage Area
10:4-70,HFP-11,L4,A,A/L4/AE4041/SD70/Assorter Room
10:4-71,HTRI-R,L4,A,A/L4/AE4041/CM71/Entry Door
10:4-72,HMS-S/D/M/SA,L4,A,A/L4/AE4041/MCP72/Entry Door
10:4-83,HFP-11,L4,A,A/L4/AE4070/SD83/Main cabin
10:4-84,HFP-11,L4,A,A/L4/AE4070/SD84/Pantry
10:4-85,HTRI-R,L4,A,A/L4/AE4070/CM85/Entry Door
10:4-86,HMS-S/D/M/SA,L4,A,A/L4/AE4070/MCP86/Entry Door
10:5-1,HTRI-R,L5,A,A/L5/EC/5F/CM1/FIRE HYD SHAFT
10:5-2,XTRI-S,L5,A,A/L5/EC/5F/MM2/FIRE HYD SHAFT
10:5-3,HMS-S/D/M/SA,L5,A,A/L5/EC/5F/MCP3/LIFT LOBBY STR
10:5-4,FDOT421,L5,A,A/L5/EC/5F/SD4/LIFT LOBBY
10:5-5,HTRI-R,L5,A,A/L5/EC/5F/CM5/DOOR RELEASE U
10:5-6,HTRI-R,L5,A,A/L5/EC/5F/CM6/AHU ROOM
10:5-7,FDOT421,L5,A,A/L5/EC/5F/SD7/AHU ROOM
10:5-8,FDOT421,L5,A,A/L5/EC/5F/SD8/ELECTRICAL ROOM
10:5-9,FDOT421,L5,A,A/L5/EC/5F/SD9/AFC CORR AE5021  
10:5-10,FDOT421,L5,A,A/L5/EC/5F/SD10/CORRIDOR AE 5010
10:5-11,FDOT421,L5,A,A/L5/EC/5F/SD11/CORR AE5/S02
10:5-12,FDOT421,L5,A,A/L5/EC/5F/SD12/CORRIDOR AE5030
10:5-13,FDOT421,L5,A,A/L5/EC/5F/SD13/AFC CORR AE 5030
10:5-14,FDOT421,L5,A,A/L5/EC/5F/SD14/CORR NR STR CASE
10:5-15,HTRI-R,L5,A,A/L5/EC/5F/CM15/CORR NR STR CASE
10:5-16,HMS-S/D/M/SA,L5,A,A/L5/EC/5F/MCP16/CORR STR CASE
10:5-17,FDOT421,L5,A,A/L5/EC/5F/SD17/AFC CORR AE5050
10:5-18,FDOT421,L5,A,A/L5/EC/5F/SD18/CORRIDOR AE 5040
10:5-19,FDOT421,L5,A,A/L5/EC/5F/SD19/CORRIDOR AE 5080
10:5-20,FDOT421,L5,A,A/L5/EC/5F/SD20/AFC CORR AE5070
10:5-21,FDOT421,L5,A,A/L5/EC/5F/SD21/CORR NR ELE RM
10:5-22,FDOT421,L5,A,A/L5/WC/5F/SD22/ELECTRICAL ROOM
10:5-23,HTRI-R,L5,A,A/L5/WC/5F/CM23/DOOR RELEASE U
10:5-24,HMS-S/D/M/SA,L5,A,A/L5/WC/5F/MCP24/LIFT LOBBY STR
10:5-25,HTRI-R,L5,A,A/L5/WC/5F/CM25/FIRE HYD SHAFT
10:5-26,XTRI-S,L5,A,A/L5/WC/5F/MM26/FIRE HYD SHAFT
10:5-27,FDOT421,L5,A,A/L5/WC/5F/SD27/LIFT LOBBY
10:5-28,FDOT421,L5,A,A/L5/WC/5F/SD28/LIFT LOBBY
10:5-29,HTRI-R,L5,A,A/L5/WC/5F/CM29/DOOR RELEASE U
10:5-30,HTRI-R,L5,A,A/L5/WC/5F/CM30/AHU ROOM
10:5-31,FDOT421,L5,A,A/L5/WC/5F/SD31/AHU ROOM
10:5-32,FDOT421,L5,A,A/L5/WC/5F/SD32/CORR AW5130AFC
10:5-33,FDOT421,L5,A,A/L5/WC/5F/SD33/CORR AW5130
10:5-34,FDOT421,L5,A,A/L5/WC/5F/SD34/AFC CORR AW5020
10:5-35,FDOT421,L5,A,A/L5/WC/5F/SD35/CORRIDOR AW5020
10:5-36,HTRI-S,L5,A,A/L5/5F/MM36/AW5130
10:5-42,HTRI-S,L5,A,A/L5/5F/MM42/AE5021
10:5-43,HTRI-S,L5,A,A/L5/5F/MM43/AE5110
10:5-44,HTRI-S,L5,A,A/L5/5F/MM44/AE5030A
10:5-46,HTRI-S,L5,A,A/L5/5F/MM46/AE5100
10:5-47,HTRI-S,L5,A,A/L5/5F/MM47/AE5040
10:5-49,HTRI-S,L5,A,A/L5/5F/MM49/AE5050
10:5-50,HTRI-S,L5,A,A/L5/5F/MM50/AE5080
10:5-51,HTRI-S,L5,A,A/L5/5F/MM51/AE5060
10:5-52,HTRI-S,L5,A,A/L5/5F/MM52/AE5070
10:5-53,HTRI-S,L5,A,A/L5/5F/MM53/AW5010
10:5-55,HTRI-S,L5,A,A/L5/5F/MM55/AW5122
10:5-56,HTRI-S,L5,A,A/L5/5F/MM56/AW5121
10:5-57,HTRI-S,L5,A,A/L5/5F/MM57/AW5020
10:5-59,HTRI-S,L5,A,A/L5/5F/MM59/AE5010
10:5-60,HFP-11,L5,A,A/L5/AW5030/SD60/Main cabin
10:5-61,HFP-11,L5,A,A/L5/AW5030/SD61/Store Room
10:5-62,HFP-11,L5,A,A/L5/AW5030/SD62/Conference room
10:5-63,HFP-11,L5,A,A/L5/AW5030/SD63/Account Departm
10:5-64,HFP-11,L5,A,A/L5/AW5030/SD64/Tiffin room
10:5-65,HFP-11,L5,A,A/L5/AW5030/SD65/Reception
10:5-66,HTRI-R,L5,A,A/L5/AW5030/CM66/Entry Door
10:5-67,HMS-S/D/M/SA,L5,A,A/L5/AW5030/MCP67/Entry Door
10:5-68,HFP-11,L5,A,A/L5/AW5030/SD68/Pantry
10:5-69,FDOT421,L5,A,A/L5/AE5030/SD69/Passage Area
10:5-70,HFPT-11,L5,A,A/L5/AE5030/HD70/Pantry 
10:5-71,HFP-11,L5,A,A/L5/AE5030/SD71/Assorter Room 1
10:5-72,HFP-11,L5,A,A/L5/AE5030/SD72/Assorter Room 2
10:5-73,HFP-11,L5,A,A/L5/AE5030/SD73/Assorter Room 3
10:5-74,HFP-11,L5,A,A/L5/AE5030/SD74/Assorter Room 4
10:5-75,HFP-11,L5,A,A/L5/AE5030/SD75/Assorter Room 5
10:5-76,HFP-11,L5,A,A/L5/AE5030/SD76/Locker Room
10:5-77,HFP-11,L5,A,A/L5/AE5030/SD77/Main Cabin
10:5-78,HTRI-R,L5,A,A/L5/AE5030/CM78/Entry Door
10:5-79,HMS-S/D/M/SA,L5,A,A/L5/AE5030/MCP79/Entry Door
10:5-84,HFP-11,L5,A,A/L5/AE5090/SD84/Pantry Area
10:5-85,HFP-11,L5,A,A/L5/AE5090/SD85/Passage Area
10:5-86,HFP-11,L5,A,A/L5/AE5090/SD86/Main cabin
10:5-87,HFP-11,L5,A,A/L5/AE5090/SD87/Cabin 1
10:5-88,HTRI-R,L5,A,A/L5/AE5090/CM88/Entry Door
10:5-89,HMS-S/D/M/SA,L5,A,A/L5/AE5090/MCP89/Entry Door
10:6-1,HTRI-R,L6,A,A/L6/EC/6F/CM1/FIRE HYD SHAFT
10:6-2,HTRI-S,L6,A,A/L6/EC/6F/MM2/FIRE HYD SHAFT
10:6-3,HMS-S/D/M/SA,L6,A,A/L6/EC/6F/MCP3/LIFT LOBBY STR
10:6-4,FDOT421,L6,A,A/L6/EC/6F/SD4/LIFT LOBBY
10:6-5,HTRI-R,L6,A,A/L6/EC/6F/CM5/DOOR RELEASE U
10:6-6,HTRI-R,L6,A,A/L6/EC/6F/CM6/AHU ROOM
10:6-7,FDOT421,L6,A,A/L6/EC/6F/SD7/AHU ROOM
10:6-8,FDOT421,L6,A,A/L6/EC/6F/SD8/ELECTRICAL ROOM
10:6-9,FDOT421,L6,A,A/L6/EC/6F/SD9/AFC CORR NR AHU R
10:6-10,FDOT421,L6,A,A/L6/EC/6F/SD10/CORR NR AHU RM
10:6-11,FDOT421,L6,A,A/L6/WC/6F/SD11/AFC COR AW6/S03
10:6-12,FDOT421,L6,A,A/L6/WC/6F/SD12/COR AW6/03
10:6-13,FDOT421,L6,A,A/L6/WC/6F/SD13/AFC CORR AW6060
10:6-14,FDOT421,L6,A,A/L6/WC/6F/SD14/CORRIDOR AW 6060
10:6-15,HTRI-R,L6,A,A/L6/WC/6F/CM15/CORR STR CASE
10:6-16,HMS-S/D/M/SA,L6,A,A/L6/WC/6F/MCP16/CORR STR CASE
10:6-17,FDOT421,L6,A,A/L6/WC/6F/SD17/CORRIDOR AW 6071
10:6-18,FDOT421,L6,A,A/L6/WC/6F/SD18/AFC COR AW 6080
10:6-19,FDOT421,L6,A,A/L6/WC/6F/SD19/CORRIDOR AW6/S05
10:6-20,FDOT421,L6,A,A/L6/WC/6F/SD20/AFC CORR AW6020
10:6-21,FDOT421,L6,A,A/L6/WC/6F/SD21/CORR AW6/S09
10:6-22,HTRI-R,L6,A,A/L6/WC/6F/CM22/DOOR RELEASE U
10:6-23,FDOT421,L6,A,A/L6/WC/6F/SD23/ELECTRICAL ROOM
10:6-24,HMS-S/D/M/SA,L6,A,A/L6/WC/6F/MCP24/LIFT LOBBY STR
10:6-25,HTRI-R,L6,A,A/L6/WC/6F/CM25/FIRE HYD SHAFT
10:6-26,HTRI-S,L6,A,A/L6/WC/6F/MM26/FIRE HYD SHAFT
10:6-27,FDOT421,L6,A,A/L6/WC/6F/SD27/LIFT LOBBY
10:6-28,FDOT421,L6,A,A/L6/WC/6F/SD28/LIFT LOBBY
10:6-29,XTRI-R,L6,A,A/L6/WC/6F/CM29/DOOR RELEASE U
10:6-30,HTRI-R,L6,A,A/L6/WC/6F/CM30/AHU ROOM
10:6-31,FDOT421,L6,A,A/L6/WC/6F/SD31/AHU ROOM
10:6-32,FDOT421,L6,A,A/L6/WC/6F/SD32/AFC CORR AW6252
10:6-33,FDOT421,L6,A,A/L6/WC/6F/SD33/CORRIDOR AW6252
10:6-34,FDOT421,L6,A,A/L6/WC/6F/SD34/AFC COR AW6251
10:6-35,FDOT421,L6,A,A/L6/WC/6F/SD35/CORRIDOR AW6251
10:6-40,XTRI-S,L6,A,A/L6/6F/MM40/AW6020
10:6-41,HTRI-S,L6,A,A/L6/6F/MM41/AW6053
10:6-42,XTRI-S,L6,A,A/L6/6F/MM42/AW6052
10:6-44,HTRI-S,L6,A,A/L6/6F/MM44/AW6040
10:6-46,HTRI-S,L6,A,A/L6/6F/MM46/AW6071
10:6-48,HTRI-S,L6,A,A/L6/6F/MM48/AW6030
10:6-50,HTRI-S,L6,A,A/L6/6F/MM50/AW6090
10:6-52,HTRI-S,L6,A,A/L6/6F/MM52/AW6010
10:6-53,HTRI-S,L6,A,A/L6/6F/MM53/AW6100
10:6-54,XTRI-S,L6,A,A/L6/6F/MM54/AW6110
10:6-57,HTRI-S,L6,A,A/L6/6F/MM57/AW6251
10:6-58,HTRI-S,L6,A,A/L6/6F/MM58/AE6011
10:6-59,HFP-11,L6,A,A/L6/AW6080/SD59/MAIN CABIN
10:6-60,HFP-11,L6,A,A/L6/AW6080/SD60/ACCOUNT CAB
10:6-61,HFP-11,L6,A,A/L6/AW6080/SD61/PASSASGE AREA
10:6-62,HFP-11,L6,A,A/L6/AW6080/SD62/PANTRY AREA
10:6-63,HMS-S/D/M/SA,L6,A,A/L6/AW6080/MCP63/PASSAGE AREA
10:6-64,HTRI-R,L6,A,A/L6/AW6080/CM64/PASSAGE AREA
10:6-65,HFP-11,L6,A,A/L6/AW6240/SD65/Accounts Cab
10:6-66,HFP-11,L6,A,A/L6/AW6240/SD66/Main cab
10:6-67,HFP-11,L6,A,A/L6/AW6240/SD67/Assorter cab
10:6-68,HFP-11,L6,A,A/L6/AW6240/SD68/Assorter cab
10:6-69,HFP-11,L6,A,A/L6/AW6240/SD69/Pantry
10:6-70,HTRI-R,L6,A,A/L6/AW6240/CM70/Psg nr Entry do
10:6-71,HMS-S/D/M/SA,L6,A,A/L6/AW6240/MCP71/Psg nr Entry d
10:6-83,HFP-11,L6,A,A/L6/AW6260/SD83/PAS NR ENTRY
10:6-84,HFP-11,L6,A,A/L6/AW6260/SD84/ASSORTER CAB
10:6-85,HMS-S/D/M/SA,L6,A,A/L6/AW6260/MCP85/Passage Near E
10:6-86,HTRI-R,L6,A,A/L6/AW6260/CM86/Passage Near En
10:6-90,HFP-11,L6,A,A/L6/AW6060/SD90/Pantry
10:6-91,HFP-11,L6,A,A/L6/AW6060/SD91/ASSORTER CAB
10:6-92,HFP-11,L6,A,A/L6/AW6060/SD92/ASSORTER CAB
10:6-93,HTRI-R,L6,A,A/L6/AW6060/CM93/Entry dr Psg
10:6-94,HMS-S/D/M/SA,L6,A,A/L6/AW6060/MCP94/Entry dr Psg
10:7-1,HTRI-R,L7,A,A/L7/EC/7F/CM1/FIRE HYD SHAFT
10:7-2,HTRI-S,L7,A,A/L7/EC/7F/MM2/FIRE HYD SHAFT
10:7-3,HMS-S/D/M/SA,L7,A,A/L7/EC/7F/MCP3/LIFT LOBBY STR
10:7-4,FDOT421,L7,A,A/L7/EC/7F/SD4/LIFT LOBBY
10:7-5,HTRI-R,L7,A,A/L7/EC/7F/CM5/DOOR RELEASE U
10:7-6,HTRI-R,L7,A,A/L7/EC/7F/CM6/AHU ROOM
10:7-6,HTRI-R,L7,A,A/L7/EC/7F/CM6/AHU ROOM
10:7-7,FDOT421,L7,A,A/L7/EC/7F/SD7/AHU ROOM
10:7-8,FDOT421,L7,A,A/L7/EC/7F/SD8/ELECTRICAL ROOM
10:7-9,FDOT421,L7,A,A/L7/EC/7F/SD9/NR ELEC RM
10:7-10,FDOT421,L7,A,A/L7/EC/7F/SD10/AFC CORR NR ELE 
10:7-11,FDOT421,L7,A,A/L7/EC/7F/SD11/CORRIDOR AE7/S12
10:7-12,FDOT421,L7,A,A/L7/EC/7F/SD12/AFC CORR AE7093
10:7-13,FDOT421,L7,A,A/L7/EC/7F/SD13/CORRIDOR AE 7021
10:7-14,FDOT421,L7,A,A/L7/EC/7F/SD14/AFC AE7/S11
10:7-15,FDOT421,L7,A,A/L7/EC/7F/SD15/CORRIDOR AE7030
10:7-16,HTRI-R,L7,A,A/L7/EC/7F/CM16/CORR STR CASE
10:7-17,HMS-S/D/M/SA,L7,A,A/L7/EC/7F/MCP17/CORR STR CASE
10:7-18,FDOT421,L7,A,A/L7/EC/7F/SD18/CORRIDOR AE 7040
10:7-19,FDOT421,L7,A,A/L7/EC/7F/SD19/CORRIDOR AE 7060
10:7-20,FDOT421,L7,A,A/L7/EC/7F/SD20/AFC CORR AE 7080
10:7-21,FDOT421,L7,A,A/L7/EC/7F/SD21/AFC CORR AE7/S09
10:7-22,FDOT421,L7,A,A/L7/EC/7F/SD22/CORRIDOR AE 7070
10:7-23,FDOT421,L7,A,A/L7/WC/7F/SD23/ELECTRICAL ROOM
10:7-24,HTRI-R,L7,A,A/L7/WC/7F/CM24/DOOR RELEASE U
10:7-25,HMS-S/D/M/SA,L7,A,A/L7/WC/7F/MCP25/LIFT LOBBY STR
10:7-26,HTRI-R,L7,A,A/L7/WC/7F/CM26/FIRE HYD SHAFT
10:7-27,HTRI-S,L7,A,A/L7/WC/7F/MM27/FIRE HYD SHAFT
10:7-28,FDOT421,L7,A,A/L7/WC/7F/SD28/LIFT LOBBY
10:7-29,FDOT421,L7,A,A/L7/WC/7F/SD29/LIFT LOBBY
10:7-30,HTRI-R,L7,A,A/L7/WC/7F/CM30/AHU ROOM
10:7-31,FDOT421,L7,A,A/L7/WC/7F/SD31/AHU ROOM
10:7-32,FDOT421,L7,A,A/L7/WC/TERCE/SD32/LIFT MACHINE 
10:7-33,FDOT421,L7,A,A/L7/WC/TERCE/SD33/LIFT MACHINE 
10:7-34,HTRI-R,L7,A,A/L7/WC/7F/CM34/AW TERRACE
10:7-41,HTRI-S,L7,A,A/L7/7F/MM41/AE7093
10:7-42,HTRI-S,L7,A,A/L7/7F/MM42/AE7010
10:7-43,HTRI-S,L7,A,A/L7/7F/MM43/AE7021
10:7-44,XTRI-S,L7,A,A/L7/7F/MM44/AE7022
10:7-45,HTRI-S,L7,A,A/L7/7F/MM45/AE7092
10:7-46,HTRI-S,L7,A,A/L7/7F/MM46/AE7030
10:7-47,HTRI-S,L7,A,A/L7/7F/MM47/AE7091
10:7-49,HTRI-S,L7,A,A/L7/7F/MM49/AE7050
10:7-50,HTRI-S,L7,A,A/L7/7F/MM50/AE7060
10:7-51,HTRI-S,L7,A,A/L7/7F/MM51/AE7080
10:7-52,HTRI-S,L7,A,A/L7/7F/MM52/AE7070
10:7-53,HTRI-S,L7,A,A/L7/7F/MM53/AW7010
10:7-55,HFP-11,L7,A,A/L7/AE7040/SD55/Main Cabin
10:7-56,HFP-11,L7,A,A/L7/AE7040/SD56/Assorter Room
10:7-57,HFP-11,L7,A,A/L7/AE7040/SD57/Passage nr Asst
10:7-58,HFP-11,L7,A,A/L7/AE7040/SD58/Assorter Cab2
10:7-59,HTRI-R,L7,A,A/L7/AE7040/CM59/Entry Door
10:7-60,HMS-S/D/M/SA,L7,A,A/L7/AE7040/MCP60/Entry Door
10:7-61,HFP-11,L7,A,A/L7/AW7020/SD61/Cabin 1
10:7-62,HFP-11,L7,A,A/L7/AW7020/SD62/Passage Area
10:7-63,HFP-11,L7,A,A/L7/AW7020/SD63/ASSORTER CAB
10:7-64,HTRI-R,L7,A,A/L7/AW7020/CM64/Entry Door
10:7-65,HMS-S/D/M/SA,L7,A,A/L7/AW7020/MCP65/ENTRY PSG.
10:8-1,FDOT421,L8,A,A/L8/EC/GF/SD1/AFC LIFT LOBBY
10:8-2,FDOT421,L8,A,A/L8/EC/GF/SD2/INSIDE TICKET COU
10:8-3,FDOT421,L8,A,A/L8/EC/GF/SD3/LIFT LOBBY
10:8-4,HTRI-S,L8,A,A/L8/EC/GF/MM4/AFC LL SHAFT
10:8-5,HTRI-R,L8,A,A/L8/EC/GF/CM5/AFC LL SHAFT
10:8-6,HMS-S/D/M/SA,L8,A,A/L8/EC/GF/MCP6/LIFT LOBBY
10:8-7,FDOT421,L8,A,A/L8/EC/GF/SD7/AHU ROOM
10:8-8,HTRI-R,L8,A,A/L8/EC/GF/CM8/AHU ROOM
10:8-9,FDOT421,L8,A,A/L8/EC/GF/SD9/ELECT ROOM
10:8-10,FDOT421,L8,A,A/L8/EC/GF/SD10/LIFT LOBBY
10:8-12,FDOT421,L8,A,A/L8/WC/GF/SD12/LIFT LOBBY
10:8-13,FDOT421,L8,A,A/L8/WC/GF/SD13/LIFT LOBBY
10:8-14,FDOT421,L8,A,A/L8/WC/GF/SD14/LIFT LOBBY
10:8-15,FDOT421,L8,A,A/L8/WC/GF/SD15/LIFT LOBBY
10:8-16,HMS-S/D/M/SA,L8,A,A/L8/WC/GF/MCP16/LIFT LOBBY
10:8-17,FDOT421,L8,A,A/L8/WC/GF/SD17/ELECT ROOM
10:8-18,FDOT421,L8,A,A/L8/WC/GF/SD18/AHU ROOM
10:8-19,HTRI-R,L8,A,A/L8/WC/GF/CM19/AHU ROOM
10:8-20,HTRI-R,L8,A,A/L8/WC/GF/AFC LL CM20/FOR HTR
10:8-22,HTRI-S,L8,A,A/L8/WC/GF/AFC LL MM22/SHAFT
10:8-23,FDOT421,L8,A,A/L8/WC/GF/SD23/SECUR CABIN LL
10:8-24,HTRI-S,L8,A,A/L8/WC/GND/MM24/NR AHU Room AFC
10:8-50,HFPT-11,A,A,A/A/L8/AE/GF/HD50/FOOD COUNTER 1
10:8-51,HFPT-11,L8,A,A/L8/AE/GF/HD51/FOOD COUNTER 2
10:8-52,HFPT-11,L8,A,A/L8/AE/GF/HD52/FOOD COUNTER 3
10:8-53,HFPT-11,L8,A,A/L8/AE/GF/HD53/FOOD COUNTER 4
10:8-54,FDOT421,L8,A,A/L8/AE/GF/SD54/Psg FOOD COUNT 2
10:8-55,FDOT421,L8,A,A/L8/AE/GF/SD55/Psg FOOD COUNT 1
10:8-56,XTRI-R,L8,A,A/L8/AE/GF/CM56/FoodCont Ent Psg
10:8-57,HMS-S/D/M/SA,L8,A,A/L8/AE/GF/MCP57/FoodCont Ent Ps
10:8-101,HTRI-R,L8,A,A/L8/EC/UB/CM101/LIFT ROOM
10:8-102,FDOT421,L8,A,A/L8/EC/UB/SD102/LIFT ROOM
10:8-103,FDOT421,L8,A,A/L8/EC/UB/SD103/LIFT ROOM
10:8-104,FDOT421,L8,A,A/L8/EC/UB/SD104/BMS ROOM
10:8-105,FDOT421,EC,AL8,AL8/EC/UB/SD105/ELEC ROOM
10:8-106,HTRI-R,L8,A,A/L8/EC/UB/CM106/ELEC ROOM
10:8-107,FDOT421,L8,A,A/L8/EC/UB/SD107/DMS RM
10:8-108,FDOT421,L8,A,A/L8/AE/UB/SD108/DMS RM
10:8-110,HMS-S/D/M/SA,L8,A,A/L8/WC/UB/MCP110/STAIRCASE
10:8-111,HTRI-R,L8,A,A/L8/WC/UB/CM111/STAIRCASE
10:8-112,HTRI-S,L8,A,A/L8/WC/UB/MM112/STAIRCASE
10:8-113,HMS-S/D/M/SA,L8,A,A/L8/EC/UB/MCP113/STAIRCASE 5
10:8-114,HTRI-R,L8,A,A/L8/EC/UB/CM114/STAIRCASE 5
10:8-116,FDOT421,L8,A,A/L8/EC/UB/SD116/NR LIFT RM
10:8-117,FDOT421,L8,A,A/L8/WC/UB/SD117/ELEC RM
10:8-118,HTRI-R,L8,A,A/L8/WC/UB/CM118/ELEC RM
10:8-119,FDOT421,L8,A,A/L8/WC/UB/SD119/DRIVER ROOM
10:8-120,FDOT421,L8,A,A/L8/WC/UB/SD120/FAN ROOM
10:8-121,HMS-S/D/M/SA,L8,A,A/L8/EC/UB/MCP121/NR. DMS ROOM
10:8-122,HTRI-R,L8,A,A/L8/EC/UB/CM122/NR. DMS ROOM
10:8-124,HFP-11,L8,A,A/L8/EC/UB/SD124/NR. DMS ROOM
10:8-151,HMS-S/D/M/SA,L8,A,A/L8/WC/LB/MCP151/ST NR FAN RM 1
10:8-152,HTRI-R,L8,A,A/L8/WC/LB/CM152/ST NR FAN RM 1
10:8-153,HMS-S/D/M/SA,L8,A,A/L8//WC/LB/MCP153/ST NR FAN RM 
10:8-154,HTRI-R,L8,A,A/L8/WC/LB/CM154/ST NR FAN RM 2
10:8-155,HMS-S/D/M/SA,L8,A,A/L8/WC/LB/MCP155/ST NR FAN RM 3
10:8-156,HTRI-R,L8,A,A/L8/WC/LB/CM156/ST NR FAN RM 3
10:8-157,HMS-S/D/M/SA,L8,A,A/L8/WC/LB/MCP157/RAMP NO. 1
10:8-158,HTRI-R,L8,A,A/L8/WC/LB/CM158/RAMP NO. 1
10:8-159,HTRI-S,L8,A,A/L8/EC/LB/MM159/FAN ROOM
10:8-160,HMS-S/D/M/SA,L8,A,A/L8/EC/LB/MCP160/BK OFF. FIRE E
10:8-161,HTRI-R,L8,A,A/L8/EC/LB/CM161/BK OFF. FIRE EX
10:8-162,FDOT421,L8,A,A/L8/EC/LB/SD162/FAN ROOM
10:8-163,FDOT421,L8,A,A/L8/EC/LB/SD163/FAN ROOM
10:8-164,FDOT421,L8,A,A/L8/EC/LB/SD164/FAN ROOM
10:8-165,HMS-S/D/M/SA,L8,A,A/L8/WC/LB/MCP165/NR FAN ROOM
10:8-166,HTRI-R,L8,A,A/L8/WC/LB/CM166/NR FAN ROOM
10:8-167,HMS-S/D/M/SA,L8,A,A/L8/WC/LB/MCP167/EXIT PARK AREA
10:8-168,XTRI-R,L8,A,A/L8/WC/LB/CM168/EXIT PARK AREA 
10:8-169,FDOT421,L8,A,A/L8/WC/LB/SD169/FAN ROOM
10:8-170,FDOT421,L8,A,A/L8/WC/LB/SD170/DMS RM
10:8-171,HMS-S/D/M/SA,L8,A,A/L8/UB/MCP171/DMS RM
10:8-172,FDOT421,L8,A,A/L8/UB/SD172/DMS RM
10:8-173,FDOT421,L8,A,A/L8/UB/SD173/DMS RM
10:8-174,FDOT421,L8,A,A/L8/UB/SD174/DMS RM
10:8-175,FDOT421,L8,A,A/L8/UB/SD175/DMS RM
10:8-176,FDOT421,L8,A,A/L8/UB/SD176/DMS RM
10:8-177,FDOT421,L8,A,A/L8/UB/SD177/DMS RM
10:8-178,HMS-S/D/M/SA,L8,A,A/L8/UB/MCP178/DMS RM
10:8-179,FDOT421,L8,A,A/L8/UB/SD179/DMS RM
10:8-180,FDOT421,L8,A,A/L8/UB/SD180/DMS RM
10:8-181,FDOT421,L8,A,A/L8/UB/SD181/DMS RM
10:8-182,FDOT421,L8,A,A/L8/UB/SD182/DMS RM
10:8-183,FDOT421,L8,A,A/L8/UB/SD183/DMS RM
10:8-184,FDOT421,L8,A,A/L8/UB/SD184/DMS RM
10:8-185,FDOT421,L8,A,A/L8/UB/SD185/DMS RM
10:8-186,HTRI-R,L8,A,A/L8/UB/CM186/DMS RM Entry
10:8-187,FDOT421,L8,A,A/L8/UB/SD187/DMS RM
10:8-188,FDOT421,L8,A,A/L8/UB/SD188/DMS RM
10:8-189,FDOT421,L8,A,A/L8/UB/SD189/DMS RM
10:10-3,FDOT421,L10,A,A/L10/UB/SD03/RECEPTION
10:10-4,FDOT421,L10,A,A/L10/UB/SD04/AFC/RECEPTION
10:10-5,HFPT-11,L10,A,A/L10/UB/HD05/CONFERANCE PANTRY
10:10-7,FDOT421,L10,A,A/L10/UB/SD07/CONFERANCE RM
10:10-9,HMS-S/D/M/SA,L10,A,A/L10/UB/MCP09/ENT. RECEPT
10:10-10,HTRI-R,L10,A,A/L10/UB/CM10/ENT. RECEPT
10:10-11,FDOT421,L10,A,A/L10/UB/SD11/PRAKASH SIR CAB
10:10-12,FDOT421,L10,A,A/L10/UB/SD12/LEGAL MET RM 
10:10-13,FDOT421,L10,A,A/L10/UB/SD13/AFC LEGAL MET RM 
10:10-14,FDOT421,L10,A,A/L10/UB/SD14/LAGAL HOD CABIN
10:10-15,FDOT421,L10,A,A/L10/UB/SD15/FOOD FACILITY
10:10-16,FDOT421,L10,A,A/L10/UB/SD16/AFC FOOD FACILITY
10:10-17,FDOT421,L10,A,A/L10/UB/SD17/LAGAL
10:10-18,FDOT421,L10,A,A/L10/UB/SD18/AFC-IT
10:10-19,FDOT421,L10,A,A/L10/UB/SD19/ADMIN
10:10-20,FDOT421,L10,A,A/L10/UB/SD20/AFC IT-LOBBY
10:10-21,FDOT421,L10,A,A/L10/UB/SD21/IT-LOBBY
10:10-22,FDOT421,L10,A,A/L10/UB/SD22/PEUN-DESK
10:10-23,FDOT421,L10,A,A/L10/UB/SD23/LOBBY STORA
10:10-24,FDOT421,L10,A,A/L10/UB/SD24/AFC PRINTER STN 
10:10-25,HMS-S/D/M/SA,L10,A,A/L10/UB/MCP25/FIRE EXIT-UB
10:10-26,HTRI-R,L10,A,A/L10/UB/CM26/FIRE EXIT-UB
10:10-27,FDOT421,L10,A,A/L10/UB/SD27/LOOBY-NR TOILET
10:10-28,FDOT421,L10,A,A/L10/UB/SD28/AFC LOOBY-NR TOILE
10:10-29,FDOT421,L10,A,A/L10/UB/SD29/PANTRY
10:10-30,FDOT421,L10,A,A/L10/UB/SD30/TRAINING RM 1
10:10-31,FDOT421,L10,A,A/L10/UB/SD31/AFC TRAINING RM 
10:10-32,FDOT421,L10,A,A/L10/UB/SD32/TRAINING RM 3
10:10-33,FDOT421,L10,A,A/L10/UB/SD33/LOBBY-NR ACCOUNTS
10:10-34,FDOT421,L10,A,A/L10/UB/SD34/AFC LOBBY-NR ACCOU
10:10-35,FDOT421,L10,A,A/L10/UB/SD35/ACCOUNT HOD CAB
10:10-36,FDOT421,L10,A,A/L10/UB/SD36/HR
10:10-37,FDOT421,L10,A,A/L10/UB/SD37/AFC PURCHASE DEPT
10:10-38,FDOT421,L10,A,A/L10/UB/SD38/PURCHASE DEPT
10:10-39,FDOT421,L10,A,A/L10/UB/SD39/MINI CONFERENCE
10:10-40,FDOT421,L10,A,A/L10/UB/SD/40/DGM CAB
10:10-41,FDOT421,L10,A,A/L10/UB/SD/41/MANAGING COMMITTE
10:10-42,FDOT421,L10,A,A/L10/UB/SD42/DH-SECURITY
10:10-43,FDOT421,L10,A,A/L10/UB/SD43/NR WAIT RM ENT DR 
10:10-44,FDOT421,L10,A,A/L10/UB/SD44/NR WAIT RM ENT.DR
10:10-45,HMS-S/D/M/SA,L10,A,A/L10/UB/MCP45/NR WAIT RM ENT.DR
10:10-46,XTRI-R,L10,A,A/L10/UB/CM46/NR WAIT RM ENT.DR
10:10-47,FDOT421,L10,A,A/L10/UB/SD47/AFC WATING ROOM  
10:10-48,FDOT421,L10,A,A/L10/UB/SD48/WAITING ROOM
10:10-49,FDOT421,L10,A,A/L10/LB/SD49/BACK DR CAB 1
10:10-50,FDOT421,L10,A,A/L10/LB/SD50/BACK DR CAB 1
10:10-51,FDOT421,L10,A,A/L10/LB/SD51/BACK DR CAB 2
10:10-52,HMS-S/D/M/SA,L10,A,A/L10/LB/MCP52/BACK DR CAB1 ENT
10:10-54,FDOT421,L10,A,A/L10/LB/SD54/LOBBY ELECTRIC RM
10:10-55,FDOT421,L10,A,A/L10/LB/SD55/ELECTRIC RM
10:10-56,FDOT421,L10,A,A/L10/LB/SD56/SERVER RM
10:10-57,FDOT421,L10,A,A/L10/LB/SD57/AFC LOBBY HVAC 
10:10-58,FDOT421,L10,A,A/L10/LB/SD58/LOBBY HVAC 
10:10-59,FDOT421,L10,A,A/L10/LB/SD59/ELECTRIC DEPT
10:10-60,FDOT421,L10,A,A/L10/LB/SD60/AFC ELECTRICAL 
10:10-61,FDOT421,L10,A,A/L10/LB/SD61/PLUMBING DEPT
10:10-62,FDOT421,L10,A,A/L10/LB/SD62/AFC CIVIL 
10:10-63,FDOT421,L10,A,A/L10/LB/SD63/HK DEPT
10:10-64,FDOT421,L10,A,A/L10/LB/SD64/GM CAB
10:10-65,FDOT421,L10,A,A/L10/LB/SD65/PRINTER STATION
10:10-66,FDOT421,L10,A,A/L10/LB/SD66/CABIN 2
10:10-67,FDOT421,L10,A,A/L10/LB/SD67/NR AGM CAB
10:10-68,FDOT421,L10,A,A/L10/LB/SD68/AFC LOBBY AGM CAB
10:10-69,HMS-S/D/M/SA,L10,A,A/L10/LB/MCP69/LOBBY-AGM
10:10-70,HTRI-R,L10,A,A/L10/LB/CM70/LOBBY-AGM
10:10-71,FDOT421,L10,A,A/L10/LB/SD71/ CAB NR HK DEPT
10:10-72,FDOT421,L10,A,A/L10/LB/SD72/LOBBY NR PANTRY
10:10-73,FDOT421,L10,A,A/L10/LB/SD73/AFC NR PANTRY
10:10-74,FDOT421,L10,A,A/L10/LB/SD74/NR XEROX MACHINE
10:10-75,FDOT421,L10,A,A/L10/LB/SD75/AFC NR XEROX MACHI
10:10-77,FDOT421,L10,A,A/L10/LB/SD77/PANTRY
10:10-78,HMS-S/D/M/SA,L10,A,A/L10/LB/MCP78/LOBBY-ENTRANCE 2
10:10-79,HTRI-R,L10,A,A/L10/LB/CM79/LOBBY-ENTRANCE 2
10:10-80,FDOT421,L10,A,A/L10/LB/SD80/PANTRY
10:10-83,FDOT421,L10,A,A/L10/LB/SD83/LOBBY-MEETING RM 4
10:10-84,FDOT421,L10,A,A/L10/LB/SD84/AFC LOBBY-MEETING 
10:10-85,FDOT421,L10,A,A/L10/LB/SD85/MEETING RM 4
10:10-86,FDOT421,L10,A,A/L10/LB/SD86/RECEPTION-LB 
10:10-87,FDOT421,L10,A,A/L10/LB/SD87/AFC RECEPTION-LB
10:10-88,FDOT421,L10,A,A/L10/LB/SD88/MEETING RM 3
10:10-89,FDOT421,L10,A,A/L10/LB/SD89/SECURITY HOD
10:10-90,FDOT421,L10,A,A/L10/LB/SD90/STORES
10:10-91,FDOT421,L10,A,A/L10/LB/SD91/REST RM
10:10-92,FDOT421,L10,A,A/L10/LB/SD92/CAB NR WASH RM
10:10-93,HTRI-R,L10,A,A/L10/LB/CM93/LOBBY-ENTRANCE 2
10:10-94,HMS-S/D/M/SA,L10,A,A/L10/LB/MCP94/LOBBY-ENTRANCE 2
10:10-95,HTRI-R,L10,A,A/L10/LB/CM95/RECEPTION-LB
10:10-96,HMS-S/D/M/SA,L10,A,A/L10/LB/MCP96/RECEPTION-LB
10:10-97,FDOT421,L10,A,A/L10/SD97/Admin LB DOC RM Nr Re
11:1-1,HTRI-R,L1,DC2,DC2/L1/CM1/GSS/Z1
11:1-2,HTRI-R,L1,DC2,DC2/L1/CM1/GSS/Z2
11:1-3,HFP-11,L1,DC2,DC2/L1/SD 3/SERVER RM/BFF
11:1-4,HFP-11,L1,DC2,DC2/L1/SD 4/SERVER RM/BFF
11:1-5,HFP-11,L1,DC2,DC2/L1/SD 5/SERVER RM/BFF
11:1-6,HFP-11,L1,DC2,DC2/L1/SD 6/SERVER RM/BFF
11:1-7,HFP-11,L1,DC2,DC2/L1/SD 7/NOC RM/BFF
11:1-8,HFP-11,L1,DC2,DC2/L1/SD 8/ELECTRICAL RM/BFF
11:1-9,HFP-11,L1,DC2,DC2/L1/SD 9/ELECTRICAL RM/BFF
11:1-10,HTRI-S,L1,DC2,DC2/L1/MM 10/BUILDING FAS INPUT
11:1-11,HTRI-S,L1,DC2,DC2/L1/MM 11/VESDA INPUT
11:1-12,HFP-11,L2,DC2,DC2/L2/SD 12/SERVER RM
11:1-13,HTRI-R,L2,DC2,DC2/L2/CM 13/SERVER RM HOOTER
11:1-14,HMS-S/D/M/SA,L2,DC2,DC2/L2/MCP14/SER RM/NR FIRE EXIT
11:1-15,HFP-11,L2,DC2,DC2/L2/SD 15/SERVER RM
11:1-16,HFP-11,L2,DC2,DC2/L2/SD 16/SERVER RM
11:1-17,HFP-11,L2,DC2,DC2/L2/SD 17/SERVER RM
11:1-18,HFP-11,L2,DC2,DC2/L2/SD 18/NOC RM
11:1-19,HFP-11,L2,DC2,DC2/L2/SD 19/ELECTRICAL RM
11:1-20,HFP-11,L2,DC2,DC2/L2/SD 20/ELECTRICAL RM
11:1-21,HFP-11,L2,DC2,DC2/L2/SD 21/NR MAIN ENTRANCE
11:1-22,HTRI-R,L1,DC2,DC2/L1/CM 22/ FAS INPUT TO BUILD
